grupo_id,producto_codigo,producto_nombre,ym,demanda
1,CAPMG0804,"Cápsulas 50x29 Blanco (Caja 32.680 Unid.)",2022-05,46
1,CAPMG0804,"Cápsulas 50x29 Blanco (Caja 32.680 Unid.)",2022-06,166
1,CAPMG0804,"Cápsulas 50x29 Blanco (Caja 32.680 Unid.)",2022-07,108
1,CAPMG0804,"Cápsulas 50x29 Blanco (Caja 32.680 Unid.)",2022-08,123
1,CAPMG0804,"Cápsulas 50x29 Blanco (Caja 32.680 Unid.)",2022-09,61
1,CAPMG0804,"Cápsulas 50x29 Blanco (Caja 32.680 Unid.)",2022-10,107
1,CAPMG0804,"Cápsulas 50x29 Blanco (Caja 32.680 Unid.)",2022-11,108
1,CAPMG0804,"Cápsulas 50x29 Blanco (Caja 32.680 Unid.)",2022-12,46
1,CAPMG0804,"Cápsulas 50x29 Blanco (Caja 32.680 Unid.)",2023-01,120
1,CAPMG0804,"Cápsulas 50x29 Blanco (Caja 32.680 Unid.)",2023-02,61
1,CAPMG0804,"Cápsulas 50x29 Blanco (Caja 32.680 Unid.)",2023-03,126
1,CAPMG0804,"Cápsulas 50x29 Blanco (Caja 32.680 Unid.)",2023-04,30
1,CAPMG0804,"Cápsulas 50x29 Blanco (Caja 32.680 Unid.)",2023-05,122
1,CAPMG0804,"Cápsulas 50x29 Blanco (Caja 32.680 Unid.)",2023-06,75
1,CAPMG0804,"Cápsulas 50x29 Blanco (Caja 32.680 Unid.)",2023-07,158
1,CAPMG0804,"Cápsulas 50x29 Blanco (Caja 32.680 Unid.)",2023-08,106
1,CAPMG0804,"Cápsulas 50x29 Blanco (Caja 32.680 Unid.)",2023-09,148
1,CAPMG0804,"Cápsulas 50x29 Blanco (Caja 32.680 Unid.)",2023-10,218
1,CAPMG0804,"Cápsulas 50x29 Blanco (Caja 32.680 Unid.)",2023-11,120
1,CAPMG0804,"Cápsulas 50x29 Blanco (Caja 32.680 Unid.)",2023-12,178
1,CAPMG0804,"Cápsulas 50x29 Blanco (Caja 32.680 Unid.)",2024-01,149
1,CAPMG0804,"Cápsulas 50x29 Blanco (Caja 32.680 Unid.)",2024-02,194
1,CAPMG0804,"Cápsulas 50x29 Blanco (Caja 32.680 Unid.)",2024-03,184
1,CAPMG0804,"Cápsulas 50x29 Blanco (Caja 32.680 Unid.)",2024-04,226
1,CAPMG0804,"Cápsulas 50x29 Blanco (Caja 32.680 Unid.)",2024-05,128
1,CAPMG0804,"Cápsulas 50x29 Blanco (Caja 32.680 Unid.)",2024-06,321
1,CAPMG0804,"Cápsulas 50x29 Blanco (Caja 32.680 Unid.)",2024-07,199
1,CAPMG0804,"Cápsulas 50x29 Blanco (Caja 32.680 Unid.)",2024-08,343
1,CAPMG0804,"Cápsulas 50x29 Blanco (Caja 32.680 Unid.)",2024-09,223
1,CAPMG0804,"Cápsulas 50x29 Blanco (Caja 32.680 Unid.)",2024-10,331
1,CAPMG0804,"Cápsulas 50x29 Blanco (Caja 32.680 Unid.)",2024-11,188
1,CAPMG0804,"Cápsulas 50x29 Blanco (Caja 32.680 Unid.)",2024-12,237
1,CAPMG0804,"Cápsulas 50x29 Blanco (Caja 32.680 Unid.)",2025-01,306
1,CAPMG0804,"Cápsulas 50x29 Blanco (Caja 32.680 Unid.)",2025-02,193
1,CAPMG0804,"Cápsulas 50x29 Blanco (Caja 32.680 Unid.)",2025-03,274
1,CAPMG0804,"Cápsulas 50x29 Blanco (Caja 32.680 Unid.)",2025-04,150
1,CAPMG0804,"Cápsulas 50x29 Blanco (Caja 32.680 Unid.)",2025-05,415
1,CAPMG0804,"Cápsulas 50x29 Blanco (Caja 32.680 Unid.)",2025-06,151
1,CAPMG0804,"Cápsulas 50x29 Blanco (Caja 32.680 Unid.)",2025-07,250
1,CAPMG0804,"Cápsulas 50x29 Blanco (Caja 32.680 Unid.)",2025-08,231
1,CAPMG0804,"Cápsulas 50x29 Blanco (Caja 32.680 Unid.)",2025-09,208
1,CAPMG0804,"Cápsulas 50x29 Blanco (Caja 32.680 Unid.)",2025-10,232
1,CAPMG0804,"Cápsulas 50x29 Blanco (Caja 32.680 Unid.)",2025-11,311
1,CAPMG0804,"Cápsulas 50x29 Blanco (Caja 32.680 Unid.)",2025-12,125
1,CAPMG0804,"Cápsulas 50x29 Blanco (Caja 32.680 Unid.)",2026-01,315
1,CAPMG0804,"Cápsulas 50x29 Blanco (Caja 32.680 Unid.)",2026-02,270
1,CAPMG0804,"Cápsulas 50x29 Blanco (Caja 32.680 Unid.)",2026-03,290
1,CAPMG0804,"Cápsulas 50x29 Blanco (Caja 32.680 Unid.)",2026-04,280
1,CAPMG0804,"Cápsulas 50x29 Blanco (Caja 32.680 Unid.)",2026-05,70
1,CAPMG0804,"Cápsulas 50x29 Blanco (Caja 32.680 Unid.)",2026-06,210
2,CHODETR01,"Transfer Corazón 29x39 cm. 4 Diseños (Caja 5x4 Hojas)",2022-05,2
2,CHODETR04,"Transfer Romántico 4 Diseños (Caja 5x4 Hojas)",2022-05,5
2,CHODETR04,"Transfer Romántico 4 Diseños (Caja 5x4 Hojas)",2022-07,1
2,CHODETR04,"Transfer Romántico 4 Diseños (Caja 5x4 Hojas)",2022-09,2
2,CHODETR13,"Transfer Micelaneo Nro.1 - 4 Diseños (Caja 5x4 Hojas)",2022-05,4
2,CHODETR13,"Transfer Micelaneo Nro.1 - 4 Diseños (Caja 5x4 Hojas)",2022-06,4
2,CHODETR13,"Transfer Micelaneo Nro.1 - 4 Diseños (Caja 5x4 Hojas)",2022-07,3
2,CHODETR13,"Transfer Micelaneo Nro.1 - 4 Diseños (Caja 5x4 Hojas)",2022-08,2
2,CHODETR13,"Transfer Micelaneo Nro.1 - 4 Diseños (Caja 5x4 Hojas)",2022-10,3
2,CHODETR13,"Transfer Micelaneo Nro.1 - 4 Diseños (Caja 5x4 Hojas)",2022-11,2
2,CHODETR14,"Transfer Micelaneo Nro.2 - 4 Diseños (Caja 5x4 Hojas)",2022-05,4
2,CHODETR14,"Transfer Micelaneo Nro.2 - 4 Diseños (Caja 5x4 Hojas)",2022-06,1
2,CHODETR14,"Transfer Micelaneo Nro.2 - 4 Diseños (Caja 5x4 Hojas)",2022-08,2
2,CHODETR14,"Transfer Micelaneo Nro.2 - 4 Diseños (Caja 5x4 Hojas)",2022-09,2
2,CHODETR14,"Transfer Micelaneo Nro.2 - 4 Diseños (Caja 5x4 Hojas)",2022-10,1
2,CHODETR14,"Transfer Micelaneo Nro.2 - 4 Diseños (Caja 5x4 Hojas)",2022-11,1
2,CHODETR14,"Transfer Micelaneo Nro.2 - 4 Diseños (Caja 5x4 Hojas)",2022-12,1
2,CHODETR14,"Transfer Micelaneo Nro.2 - 4 Diseños (Caja 5x4 Hojas)",2023-02,2
2,CHODETR14,"Transfer Micelaneo Nro.2 - 4 Diseños (Caja 5x4 Hojas)",2023-05,3
2,CHODETR14,"Transfer Micelaneo Nro.2 - 4 Diseños (Caja 5x4 Hojas)",2023-07,3
2,CHODETR14,"Transfer Micelaneo Nro.2 - 4 Diseños (Caja 5x4 Hojas)",2023-09,3
2,CHODETR14,"Transfer Micelaneo Nro.2 - 4 Diseños (Caja 5x4 Hojas)",2023-11,3
2,CHODETR14,"Transfer Micelaneo Nro.2 - 4 Diseños (Caja 5x4 Hojas)",2024-01,1
2,CHODETR03,"Transfer Baby Shower Nro.1 - 4 Diseños (Caja 5x4 Hojas)",2022-10,1
2,CHODETR03,"Transfer Baby Shower Nro.1 - 4 Diseños (Caja 5x4 Hojas)",2022-11,1
2,CHODETR03,"Transfer Baby Shower Nro.1 - 4 Diseños (Caja 5x4 Hojas)",2024-08,1
2,CHODETR07,"Transfer Baby Shower Nro.2 - 4 Diseños (Caja 5x4 Hojas)",2022-10,1
2,CHODETR07,"Transfer Baby Shower Nro.2 - 4 Diseños (Caja 5x4 Hojas)",2024-08,1
2,CHODETR02,"Transfer Novios Nro.1 - 4 Diseños (Caja 5x4 Hojas)",2024-08,1
2,CHODETR08,"Transfer Kamasutra 4 Diseños (Caja 5x4 Hojas)",2024-08,1
2,CHODETR15,"Transfer Novios Nro.2 - 4 Diseños (Caja 5x4 Hojas)",2024-08,1
3,CHOFYBA01,"Fantasy Arándano (Barra 1x1)",2022-05,9
3,CHOFYBA01,"Fantasy Arándano (Barra 1x1)",2022-06,6
3,CHOFYBA01,"Fantasy Arándano (Barra 1x1)",2022-07,7
3,CHOFYBA01,"Fantasy Arándano (Barra 1x1)",2022-08,2
3,CHOFYBA01,"Fantasy Arándano (Barra 1x1)",2022-09,18
3,CHOFYBA01,"Fantasy Arándano (Barra 1x1)",2022-10,2
3,CHOFYBA01,"Fantasy Arándano (Barra 1x1)",2022-11,7
3,CHOFYBA01,"Fantasy Arándano (Barra 1x1)",2022-12,14
3,CHOFYBA01,"Fantasy Arándano (Barra 1x1)",2023-03,11
3,CHOFYBA01,"Fantasy Arándano (Barra 1x1)",2023-04,12
3,CHOFYBA01,"Fantasy Arándano (Barra 1x1)",2023-05,15
3,CHOFYBA01,"Fantasy Arándano (Barra 1x1)",2023-06,1
3,CHOFYBA01,"Fantasy Arándano (Barra 1x1)",2023-07,23
3,CHOFYBA01,"Fantasy Arándano (Barra 1x1)",2023-08,26
3,CHOFYBA01,"Fantasy Arándano (Barra 1x1)",2023-09,19
3,CHOFYBA01,"Fantasy Arándano (Barra 1x1)",2023-10,9
3,CHOFYBA01,"Fantasy Arándano (Barra 1x1)",2023-11,10
3,CHOFYBA01,"Fantasy Arándano (Barra 1x1)",2024-01,1
3,CHOFYBA01,"Fantasy Arándano (Barra 1x1)",2024-03,24
3,CHOFYBA01,"Fantasy Arándano (Barra 1x1)",2024-04,18
3,CHOFYBA01,"Fantasy Arándano (Barra 1x1)",2024-05,4
3,CHOFYBA01,"Fantasy Arándano (Barra 1x1)",2024-06,9
3,CHOFYBA01,"Fantasy Arándano (Barra 1x1)",2024-08,3
3,CHOFYBA01,"Fantasy Arándano (Barra 1x1)",2024-09,3
3,CHOFYBA03,"Fantasy Limón (Barra 1x1)",2022-05,7
3,CHOFYBA03,"Fantasy Limón (Barra 1x1)",2022-06,4
3,CHOFYBA03,"Fantasy Limón (Barra 1x1)",2022-07,6
3,CHOFYBA03,"Fantasy Limón (Barra 1x1)",2022-08,1
3,CHOFYBA03,"Fantasy Limón (Barra 1x1)",2022-09,11
3,CHOFYBA03,"Fantasy Limón (Barra 1x1)",2022-10,4
3,CHOFYBA03,"Fantasy Limón (Barra 1x1)",2022-11,2
3,CHOFYBA03,"Fantasy Limón (Barra 1x1)",2022-12,8
3,CHOFYBA03,"Fantasy Limón (Barra 1x1)",2023-03,7
3,CHOFYBA03,"Fantasy Limón (Barra 1x1)",2023-04,36
3,CHOFYBA03,"Fantasy Limón (Barra 1x1)",2023-05,15
3,CHOFYBA03,"Fantasy Limón (Barra 1x1)",2023-07,18
3,CHOFYBA03,"Fantasy Limón (Barra 1x1)",2023-08,16
3,CHOFYBA03,"Fantasy Limón (Barra 1x1)",2023-09,15
3,CHOFYBA03,"Fantasy Limón (Barra 1x1)",2023-10,1
3,CHOFYBA03,"Fantasy Limón (Barra 1x1)",2023-11,1
3,CHOFYBA03,"Fantasy Limón (Barra 1x1)",2024-01,1
3,CHOFYBA04,"Fantasy Maracuyá (Barra 1x1)",2022-05,7
3,CHOFYBA04,"Fantasy Maracuyá (Barra 1x1)",2022-06,6
3,CHOFYBA04,"Fantasy Maracuyá (Barra 1x1)",2022-07,6
3,CHOFYBA04,"Fantasy Maracuyá (Barra 1x1)",2022-08,2
3,CHOFYBA04,"Fantasy Maracuyá (Barra 1x1)",2022-09,6
3,CHOFYBA04,"Fantasy Maracuyá (Barra 1x1)",2022-11,0
3,CHOFYBA04,"Fantasy Maracuyá (Barra 1x1)",2022-12,7
3,CHOFYBA04,"Fantasy Maracuyá (Barra 1x1)",2023-03,3
3,CHOFYBA04,"Fantasy Maracuyá (Barra 1x1)",2023-04,17
3,CHOFYBA04,"Fantasy Maracuyá (Barra 1x1)",2023-05,15
3,CHOFYBA04,"Fantasy Maracuyá (Barra 1x1)",2023-07,23
3,CHOFYBA04,"Fantasy Maracuyá (Barra 1x1)",2023-08,9
3,CHOFYBA04,"Fantasy Maracuyá (Barra 1x1)",2023-09,20
3,CHOFYBA04,"Fantasy Maracuyá (Barra 1x1)",2023-10,2
3,CHOFYBA04,"Fantasy Maracuyá (Barra 1x1)",2023-12,1
3,CHOFYBA04,"Fantasy Maracuyá (Barra 1x1)",2024-01,1
3,CHOFYBA04,"Fantasy Maracuyá (Barra 1x1)",2024-03,3
3,CHOFYBA04,"Fantasy Maracuyá (Barra 1x1)",2024-04,17
3,CHOFYBA04,"Fantasy Maracuyá (Barra 1x1)",2024-05,4
3,CHOFYBA04,"Fantasy Maracuyá (Barra 1x1)",2024-07,1
3,CHOFYBA04,"Fantasy Maracuyá (Barra 1x1)",2024-08,3
3,CHOFYBA04,"Fantasy Maracuyá (Barra 1x1)",2024-09,3
3,CHOFYBA05,"Fantasy Naranja (Barra 1x1)",2022-05,8
3,CHOFYBA05,"Fantasy Naranja (Barra 1x1)",2022-06,7
3,CHOFYBA05,"Fantasy Naranja (Barra 1x1)",2022-07,4
3,CHOFYBA05,"Fantasy Naranja (Barra 1x1)",2022-08,2
3,CHOFYBA05,"Fantasy Naranja (Barra 1x1)",2022-09,15
3,CHOFYBA05,"Fantasy Naranja (Barra 1x1)",2022-10,2
3,CHOFYBA05,"Fantasy Naranja (Barra 1x1)",2022-11,0
3,CHOFYBA05,"Fantasy Naranja (Barra 1x1)",2022-12,7
3,CHOFYBA05,"Fantasy Naranja (Barra 1x1)",2023-02,2
3,CHOFYBA05,"Fantasy Naranja (Barra 1x1)",2023-03,4
3,CHOFYBA05,"Fantasy Naranja (Barra 1x1)",2023-04,38
3,CHOFYBA05,"Fantasy Naranja (Barra 1x1)",2023-05,16
3,CHOFYBA05,"Fantasy Naranja (Barra 1x1)",2023-06,1
3,CHOFYBA05,"Fantasy Naranja (Barra 1x1)",2023-07,23
3,CHOFYBA05,"Fantasy Naranja (Barra 1x1)",2023-08,18
3,CHOFYBA05,"Fantasy Naranja (Barra 1x1)",2023-09,26
3,CHOFYBA05,"Fantasy Naranja (Barra 1x1)",2023-10,9
3,CHOFYBA05,"Fantasy Naranja (Barra 1x1)",2023-11,9
3,CHOFYBA05,"Fantasy Naranja (Barra 1x1)",2023-12,1
3,CHOFYBA05,"Fantasy Naranja (Barra 1x1)",2024-01,1
3,CHOFYBA05,"Fantasy Naranja (Barra 1x1)",2024-02,10
3,CHOFYBA05,"Fantasy Naranja (Barra 1x1)",2024-03,1
3,CHOFYBA05,"Fantasy Naranja (Barra 1x1)",2024-04,23
3,CHOFYBA05,"Fantasy Naranja (Barra 1x1)",2024-05,4
3,CHOFYBA05,"Fantasy Naranja (Barra 1x1)",2024-08,3
3,CHOFYBA05,"Fantasy Naranja (Barra 1x1)",2024-09,3
3,CHOFYBA06,"Fantasy Pistacho (Barra 1x1)",2022-05,11
3,CHOFYBA06,"Fantasy Pistacho (Barra 1x1)",2022-06,6
3,CHOFYBA06,"Fantasy Pistacho (Barra 1x1)",2022-07,5
3,CHOFYBA06,"Fantasy Pistacho (Barra 1x1)",2022-08,9
3,CHOFYBA06,"Fantasy Pistacho (Barra 1x1)",2022-09,19
3,CHOFYBA06,"Fantasy Pistacho (Barra 1x1)",2022-10,3
3,CHOFYBA06,"Fantasy Pistacho (Barra 1x1)",2022-11,17
3,CHOFYBA06,"Fantasy Pistacho (Barra 1x1)",2022-12,11
3,CHOFYBA06,"Fantasy Pistacho (Barra 1x1)",2023-01,1
3,CHOFYBA06,"Fantasy Pistacho (Barra 1x1)",2023-03,11
3,CHOFYBA06,"Fantasy Pistacho (Barra 1x1)",2023-04,52
3,CHOFYBA06,"Fantasy Pistacho (Barra 1x1)",2023-05,9
3,CHOFYBA06,"Fantasy Pistacho (Barra 1x1)",2023-06,1
3,CHOFYBA06,"Fantasy Pistacho (Barra 1x1)",2023-07,17
3,CHOFYBA06,"Fantasy Pistacho (Barra 1x1)",2023-08,27
3,CHOFYBA06,"Fantasy Pistacho (Barra 1x1)",2023-09,20
3,CHOFYBA06,"Fantasy Pistacho (Barra 1x1)",2023-10,9
3,CHOFYBA06,"Fantasy Pistacho (Barra 1x1)",2023-11,21
3,CHOFYBA06,"Fantasy Pistacho (Barra 1x1)",2023-12,1
3,CHOFYBA06,"Fantasy Pistacho (Barra 1x1)",2024-01,1
3,CHOFYBA06,"Fantasy Pistacho (Barra 1x1)",2024-02,5
3,CHOFYBA06,"Fantasy Pistacho (Barra 1x1)",2024-03,5
4,CHOPRBA03,"Baño Medio Amargo Premium (Barra 1,01 Kg.)",2022-05,60
4,CHOPRBA03,"Baño Medio Amargo Premium (Barra 1,01 Kg.)",2022-06,265
4,CHOPRBA03,"Baño Medio Amargo Premium (Barra 1,01 Kg.)",2022-07,24
4,CHOPRBA03,"Baño Medio Amargo Premium (Barra 1,01 Kg.)",2022-08,36
4,CHOPRBA03,"Baño Medio Amargo Premium (Barra 1,01 Kg.)",2022-11,1
4,CHOPRMO02,"Moneda Leche Fracccionada (Bolsa 1,01 Kg.)",2022-05,145
4,CHOPRMO02,"Moneda Leche Fracccionada (Bolsa 1,01 Kg.)",2022-06,11
4,CHOPRMO03,"Moneda Semi-Amarga Fracccionada (Bolsa 1,01 Kg.)",2022-05,467
4,CHOPRMO03,"Moneda Semi-Amarga Fracccionada (Bolsa 1,01 Kg.)",2022-06,966
4,CHOPRMO03,"Moneda Semi-Amarga Fracccionada (Bolsa 1,01 Kg.)",2022-07,1874
4,CHOPRMO03,"Moneda Semi-Amarga Fracccionada (Bolsa 1,01 Kg.)",2022-08,1143
4,CHOPRMO03,"Moneda Semi-Amarga Fracccionada (Bolsa 1,01 Kg.)",2022-09,1030
4,CHOPRMO03,"Moneda Semi-Amarga Fracccionada (Bolsa 1,01 Kg.)",2022-10,1743
4,CHOPRMO03,"Moneda Semi-Amarga Fracccionada (Bolsa 1,01 Kg.)",2022-11,1141
4,CHOPRMO03,"Moneda Semi-Amarga Fracccionada (Bolsa 1,01 Kg.)",2022-12,1091
4,CHOPRMO03,"Moneda Semi-Amarga Fracccionada (Bolsa 1,01 Kg.)",2023-01,978
4,CHOPRMO03,"Moneda Semi-Amarga Fracccionada (Bolsa 1,01 Kg.)",2023-02,1099
4,CHOPRMO03,"Moneda Semi-Amarga Fracccionada (Bolsa 1,01 Kg.)",2023-03,1413
4,CHOPRMO03,"Moneda Semi-Amarga Fracccionada (Bolsa 1,01 Kg.)",2023-04,1348
4,CHOPRMO03,"Moneda Semi-Amarga Fracccionada (Bolsa 1,01 Kg.)",2023-05,1359
4,CHOPRMO03,"Moneda Semi-Amarga Fracccionada (Bolsa 1,01 Kg.)",2023-06,909
4,CHOPRMO03,"Moneda Semi-Amarga Fracccionada (Bolsa 1,01 Kg.)",2023-07,760
4,CHOPRMO03,"Moneda Semi-Amarga Fracccionada (Bolsa 1,01 Kg.)",2023-08,1559
4,CHOPRMO03,"Moneda Semi-Amarga Fracccionada (Bolsa 1,01 Kg.)",2023-09,1517
4,CHOPRMO03,"Moneda Semi-Amarga Fracccionada (Bolsa 1,01 Kg.)",2023-10,1874
4,CHOPRMO03,"Moneda Semi-Amarga Fracccionada (Bolsa 1,01 Kg.)",2023-11,314
4,CHOPRMO03,"Moneda Semi-Amarga Fracccionada (Bolsa 1,01 Kg.)",2023-12,1185
4,CHOPRMO03,"Moneda Semi-Amarga Fracccionada (Bolsa 1,01 Kg.)",2024-01,1519
4,CHOPRMO03,"Moneda Semi-Amarga Fracccionada (Bolsa 1,01 Kg.)",2024-02,393
4,CHOPRMO03,"Moneda Semi-Amarga Fracccionada (Bolsa 1,01 Kg.)",2024-03,1022
4,CHOPRMO03,"Moneda Semi-Amarga Fracccionada (Bolsa 1,01 Kg.)",2024-04,1014
4,CHOPRMO03,"Moneda Semi-Amarga Fracccionada (Bolsa 1,01 Kg.)",2024-05,544
4,CHOPRMO03,"Moneda Semi-Amarga Fracccionada (Bolsa 1,01 Kg.)",2024-06,337
4,CHOPRMO03,"Moneda Semi-Amarga Fracccionada (Bolsa 1,01 Kg.)",2024-07,974
4,CHOPRMO03,"Moneda Semi-Amarga Fracccionada (Bolsa 1,01 Kg.)",2024-08,943
4,CHOPRMO03,"Moneda Semi-Amarga Fracccionada (Bolsa 1,01 Kg.)",2024-09,899
4,CHOPRMO03,"Moneda Semi-Amarga Fracccionada (Bolsa 1,01 Kg.)",2024-10,1068
4,CHOPRMO03,"Moneda Semi-Amarga Fracccionada (Bolsa 1,01 Kg.)",2024-11,1343
4,CHOPRMO03,"Moneda Semi-Amarga Fracccionada (Bolsa 1,01 Kg.)",2024-12,236
4,CHOPRMO03,"Moneda Semi-Amarga Fracccionada (Bolsa 1,01 Kg.)",2025-01,979
4,CHOPRMO03,"Moneda Semi-Amarga Fracccionada (Bolsa 1,01 Kg.)",2025-02,872
4,CHOPRMO03,"Moneda Semi-Amarga Fracccionada (Bolsa 1,01 Kg.)",2025-03,671
4,CHOPRMO03,"Moneda Semi-Amarga Fracccionada (Bolsa 1,01 Kg.)",2025-04,779
4,CHOPRMO03,"Moneda Semi-Amarga Fracccionada (Bolsa 1,01 Kg.)",2025-05,887
4,CHOPRMO03,"Moneda Semi-Amarga Fracccionada (Bolsa 1,01 Kg.)",2025-06,1248
4,CHOPRMO03,"Moneda Semi-Amarga Fracccionada (Bolsa 1,01 Kg.)",2025-07,830
4,CHOPRMO03,"Moneda Semi-Amarga Fracccionada (Bolsa 1,01 Kg.)",2025-08,723
4,CHOPRMO03,"Moneda Semi-Amarga Fracccionada (Bolsa 1,01 Kg.)",2025-09,1302
4,CHOPRMO03,"Moneda Semi-Amarga Fracccionada (Bolsa 1,01 Kg.)",2025-10,797
4,CHOPRMO03,"Moneda Semi-Amarga Fracccionada (Bolsa 1,01 Kg.)",2025-11,690
4,CHOPRMO03,"Moneda Semi-Amarga Fracccionada (Bolsa 1,01 Kg.)",2025-12,1002
4,CHOPRMO03,"Moneda Semi-Amarga Fracccionada (Bolsa 1,01 Kg.)",2026-01,620
4,CHOPRMO03,"Moneda Semi-Amarga Fracccionada (Bolsa 1,01 Kg.)",2026-02,655
4,CHOPRMO03,"Moneda Semi-Amarga Fracccionada (Bolsa 1,01 Kg.)",2026-03,872
4,CHOPRMO03,"Moneda Semi-Amarga Fracccionada (Bolsa 1,01 Kg.)",2026-04,2838
4,CHOPRMO03,"Moneda Semi-Amarga Fracccionada (Bolsa 1,01 Kg.)",2026-05,832
4,CHOPRMO03,"Moneda Semi-Amarga Fracccionada (Bolsa 1,01 Kg.)",2026-06,746
4,CHOPRBA02,"Baño Leche Premium (Barra 1,01 Kg.)",2022-06,11
4,CHOPRBA02,"Baño Leche Premium (Barra 1,01 Kg.)",2022-07,3
4,CHOPRBA02,"Baño Leche Premium (Barra 1,01 Kg.)",2022-08,-3
4,CHOPRBA02,"Baño Leche Premium (Barra 1,01 Kg.)",2022-09,147
4,CHOPRBA02,"Baño Leche Premium (Barra 1,01 Kg.)",2022-10,46
4,CHOPRBA02,"Baño Leche Premium (Barra 1,01 Kg.)",2022-11,10
4,CHOPRBA02,"Baño Leche Premium (Barra 1,01 Kg.)",2022-12,170
4,CHOPRBA02,"Baño Leche Premium (Barra 1,01 Kg.)",2023-01,20
4,CHOPRBA02,"Baño Leche Premium (Barra 1,01 Kg.)",2023-03,114
4,CHOPRMO01,"Moneda Blanca Fraccionada (Bolsa 1,01 Kg.)",2025-04,197
4,CHOPRMO01,"Moneda Blanca Fraccionada (Bolsa 1,01 Kg.)",2025-05,120
4,CHOPRMO01,"Moneda Blanca Fraccionada (Bolsa 1,01 Kg.)",2025-06,79
4,CHOPRMO01,"Moneda Blanca Fraccionada (Bolsa 1,01 Kg.)",2025-07,93
4,CHOPRMO01,"Moneda Blanca Fraccionada (Bolsa 1,01 Kg.)",2025-08,120
4,CHOPRMO01,"Moneda Blanca Fraccionada (Bolsa 1,01 Kg.)",2025-09,65
4,CHOPRMO01,"Moneda Blanca Fraccionada (Bolsa 1,01 Kg.)",2025-10,45
4,CHOPRMO01,"Moneda Blanca Fraccionada (Bolsa 1,01 Kg.)",2025-11,30
4,CHOPRMO01,"Moneda Blanca Fraccionada (Bolsa 1,01 Kg.)",2025-12,90
4,CHOPRMO01,"Moneda Blanca Fraccionada (Bolsa 1,01 Kg.)",2026-01,1
4,CHOPRMO01,"Moneda Blanca Fraccionada (Bolsa 1,01 Kg.)",2026-02,24
4,CHOPRMO01,"Moneda Blanca Fraccionada (Bolsa 1,01 Kg.)",2026-03,2053
4,CHOPRMO01,"Moneda Blanca Fraccionada (Bolsa 1,01 Kg.)",2026-04,1259
4,CHOPRMO01,"Moneda Blanca Fraccionada (Bolsa 1,01 Kg.)",2026-05,1
4,CHOPRMO01,"Moneda Blanca Fraccionada (Bolsa 1,01 Kg.)",2026-06,1
5,CHOPTBA02,"Baño Leche Prática (Barra 1,01 Kg.)",2022-05,20
5,CHOPTBA02,"Baño Leche Prática (Barra 1,01 Kg.)",2022-06,5
5,CHOPTBA02,"Baño Leche Prática (Barra 1,01 Kg.)",2022-07,70
5,CHOPTBA02,"Baño Leche Prática (Barra 1,01 Kg.)",2023-03,3
5,CHOPTBA02,"Baño Leche Prática (Barra 1,01 Kg.)",2023-11,4
5,CHOPTSA02,"Baño Repostería con Leche Prática (Saco 1x25 Kg.)",2022-05,10
5,CHOPTSA02,"Baño Repostería con Leche Prática (Saco 1x25 Kg.)",2022-06,4
5,CHOPTSA02,"Baño Repostería con Leche Prática (Saco 1x25 Kg.)",2022-07,8
5,CHOPTSA02,"Baño Repostería con Leche Prática (Saco 1x25 Kg.)",2022-08,13
5,CHOPTSA02,"Baño Repostería con Leche Prática (Saco 1x25 Kg.)",2022-09,3
5,CHOPTSA02,"Baño Repostería con Leche Prática (Saco 1x25 Kg.)",2022-10,7
5,CHOPTSA02,"Baño Repostería con Leche Prática (Saco 1x25 Kg.)",2022-11,3
5,CHOPTSA02,"Baño Repostería con Leche Prática (Saco 1x25 Kg.)",2023-01,3
5,CHOPTSA02,"Baño Repostería con Leche Prática (Saco 1x25 Kg.)",2023-02,2
5,CHOPTSA02,"Baño Repostería con Leche Prática (Saco 1x25 Kg.)",2023-03,18
5,CHOPTSA02,"Baño Repostería con Leche Prática (Saco 1x25 Kg.)",2023-06,8
5,CHOPTSA02,"Baño Repostería con Leche Prática (Saco 1x25 Kg.)",2023-07,37
5,CHOPTSA02,"Baño Repostería con Leche Prática (Saco 1x25 Kg.)",2023-08,52
5,CHOPTSA02,"Baño Repostería con Leche Prática (Saco 1x25 Kg.)",2023-09,8
5,CHOPTSA02,"Baño Repostería con Leche Prática (Saco 1x25 Kg.)",2023-10,15
5,CHOPTSA02,"Baño Repostería con Leche Prática (Saco 1x25 Kg.)",2023-11,8
5,CHOPTSA03,"Baño Repostería Medio Amargo Prática (Saco 1x25 Kg.)",2022-05,9
5,CHOPTSA03,"Baño Repostería Medio Amargo Prática (Saco 1x25 Kg.)",2022-06,5
5,CHOPTSA03,"Baño Repostería Medio Amargo Prática (Saco 1x25 Kg.)",2022-07,3
5,CHOPTSA03,"Baño Repostería Medio Amargo Prática (Saco 1x25 Kg.)",2022-08,3
5,CHOPTSA03,"Baño Repostería Medio Amargo Prática (Saco 1x25 Kg.)",2022-09,3
5,CHOPTSA03,"Baño Repostería Medio Amargo Prática (Saco 1x25 Kg.)",2022-10,2
5,CHOPTSA03,"Baño Repostería Medio Amargo Prática (Saco 1x25 Kg.)",2022-11,4
5,CHOPTSA03,"Baño Repostería Medio Amargo Prática (Saco 1x25 Kg.)",2023-01,4
5,CHOPTSA03,"Baño Repostería Medio Amargo Prática (Saco 1x25 Kg.)",2023-02,5
5,CHOPTSA03,"Baño Repostería Medio Amargo Prática (Saco 1x25 Kg.)",2023-03,9
5,CHOPTSA03,"Baño Repostería Medio Amargo Prática (Saco 1x25 Kg.)",2023-04,9
5,CHOPTSA03,"Baño Repostería Medio Amargo Prática (Saco 1x25 Kg.)",2023-05,7
5,CHOPTSA03,"Baño Repostería Medio Amargo Prática (Saco 1x25 Kg.)",2023-06,24
5,CHOPTSA03,"Baño Repostería Medio Amargo Prática (Saco 1x25 Kg.)",2023-07,22
5,CHOPTSA03,"Baño Repostería Medio Amargo Prática (Saco 1x25 Kg.)",2023-08,1
5,CHOPTSA03,"Baño Repostería Medio Amargo Prática (Saco 1x25 Kg.)",2023-10,19
5,CHOPTSA03,"Baño Repostería Medio Amargo Prática (Saco 1x25 Kg.)",2023-11,46
5,CHOPTSA03,"Baño Repostería Medio Amargo Prática (Saco 1x25 Kg.)",2023-12,20
5,CHOPTSA03,"Baño Repostería Medio Amargo Prática (Saco 1x25 Kg.)",2024-01,90
5,CHOPTSA03,"Baño Repostería Medio Amargo Prática (Saco 1x25 Kg.)",2024-02,41
5,CHOPTSA03,"Baño Repostería Medio Amargo Prática (Saco 1x25 Kg.)",2024-03,88
5,CHOPTSA03,"Baño Repostería Medio Amargo Prática (Saco 1x25 Kg.)",2024-04,99
5,CHOPTSA03,"Baño Repostería Medio Amargo Prática (Saco 1x25 Kg.)",2024-05,87
5,CHOPTSA03,"Baño Repostería Medio Amargo Prática (Saco 1x25 Kg.)",2024-06,79
5,CHOPTSA03,"Baño Repostería Medio Amargo Prática (Saco 1x25 Kg.)",2024-07,94
5,CHOPTSA03,"Baño Repostería Medio Amargo Prática (Saco 1x25 Kg.)",2024-08,79
5,CHOPTSA03,"Baño Repostería Medio Amargo Prática (Saco 1x25 Kg.)",2024-09,79
5,CHOPTSA03,"Baño Repostería Medio Amargo Prática (Saco 1x25 Kg.)",2024-10,95
5,CHOPTSA03,"Baño Repostería Medio Amargo Prática (Saco 1x25 Kg.)",2024-11,47
5,CHOPTSA03,"Baño Repostería Medio Amargo Prática (Saco 1x25 Kg.)",2024-12,21
5,CHOPTSA03,"Baño Repostería Medio Amargo Prática (Saco 1x25 Kg.)",2025-01,26
5,CHOPTSA03,"Baño Repostería Medio Amargo Prática (Saco 1x25 Kg.)",2025-02,51
5,CHOPTSA03,"Baño Repostería Medio Amargo Prática (Saco 1x25 Kg.)",2025-03,48
5,CHOPTSA03,"Baño Repostería Medio Amargo Prática (Saco 1x25 Kg.)",2025-04,52
5,CHOPTSA03,"Baño Repostería Medio Amargo Prática (Saco 1x25 Kg.)",2025-05,48
5,CHOPTSA03,"Baño Repostería Medio Amargo Prática (Saco 1x25 Kg.)",2025-06,116
5,CHOPTSA03,"Baño Repostería Medio Amargo Prática (Saco 1x25 Kg.)",2025-07,43
5,CHOPTSA03,"Baño Repostería Medio Amargo Prática (Saco 1x25 Kg.)",2025-08,53
5,CHOPTSA03,"Baño Repostería Medio Amargo Prática (Saco 1x25 Kg.)",2025-09,40
5,CHOPTSA03,"Baño Repostería Medio Amargo Prática (Saco 1x25 Kg.)",2025-10,41
5,CHOPTSA03,"Baño Repostería Medio Amargo Prática (Saco 1x25 Kg.)",2025-11,37
5,CHOPTSA03,"Baño Repostería Medio Amargo Prática (Saco 1x25 Kg.)",2025-12,43
5,CHOPTSA03,"Baño Repostería Medio Amargo Prática (Saco 1x25 Kg.)",2026-01,47
5,CHOPTSA03,"Baño Repostería Medio Amargo Prática (Saco 1x25 Kg.)",2026-02,42
5,CHOPTSA03,"Baño Repostería Medio Amargo Prática (Saco 1x25 Kg.)",2026-03,78
5,CHOPTSA03,"Baño Repostería Medio Amargo Prática (Saco 1x25 Kg.)",2026-04,39
5,CHOPTSA03,"Baño Repostería Medio Amargo Prática (Saco 1x25 Kg.)",2026-05,52
5,CHOPTSA03,"Baño Repostería Medio Amargo Prática (Saco 1x25 Kg.)",2026-06,70
5,CHOPTBA03,"Baño Medio Amargo Prática (1,01 Kg.)",2022-09,1
5,CHOPTBA03,"Baño Medio Amargo Prática (1,01 Kg.)",2023-11,3
5,CHOPTSA04,"Baño Repostería Medio Amargo Fraccionado (Saco 1x25kg.)",2025-03,25
5,CHOPTSA04,"Baño Repostería Medio Amargo Fraccionado (Saco 1x25kg.)",2025-04,59
5,CHOPTSA04,"Baño Repostería Medio Amargo Fraccionado (Saco 1x25kg.)",2025-05,49
5,CHOPTSA04,"Baño Repostería Medio Amargo Fraccionado (Saco 1x25kg.)",2025-06,49
5,CHOPTSA04,"Baño Repostería Medio Amargo Fraccionado (Saco 1x25kg.)",2025-07,131
5,CHOPTSA04,"Baño Repostería Medio Amargo Fraccionado (Saco 1x25kg.)",2025-08,147
5,CHOPTSA04,"Baño Repostería Medio Amargo Fraccionado (Saco 1x25kg.)",2025-09,57
5,CHOPTSA04,"Baño Repostería Medio Amargo Fraccionado (Saco 1x25kg.)",2025-10,22
5,CHOPTSA04,"Baño Repostería Medio Amargo Fraccionado (Saco 1x25kg.)",2025-11,26
5,CHOPTSA04,"Baño Repostería Medio Amargo Fraccionado (Saco 1x25kg.)",2025-12,25
5,CHOPTSA04,"Baño Repostería Medio Amargo Fraccionado (Saco 1x25kg.)",2026-01,1
5,CHOPTSA04,"Baño Repostería Medio Amargo Fraccionado (Saco 1x25kg.)",2026-02,1
6,FRTCRCC01,"Cereza Confitada (Caja 10 Kg.)",2022-05,3
6,FRTCRCC01,"Cereza Confitada (Caja 10 Kg.)",2022-06,8
6,FRTCRCC01,"Cereza Confitada (Caja 10 Kg.)",2022-07,5
6,FRTCRCC01,"Cereza Confitada (Caja 10 Kg.)",2022-08,5
6,FRTCRCC01,"Cereza Confitada (Caja 10 Kg.)",2022-09,9
6,FRTCRCC01,"Cereza Confitada (Caja 10 Kg.)",2022-10,22
6,FRTCRCC01,"Cereza Confitada (Caja 10 Kg.)",2022-11,22
6,FRTCRCC01,"Cereza Confitada (Caja 10 Kg.)",2022-12,50
6,FRTCRCC01,"Cereza Confitada (Caja 10 Kg.)",2023-01,7
6,FRTCRCC01,"Cereza Confitada (Caja 10 Kg.)",2023-02,10
6,FRTCRCC01,"Cereza Confitada (Caja 10 Kg.)",2023-03,13
6,FRTCRCC01,"Cereza Confitada (Caja 10 Kg.)",2023-04,3
6,FRTCRCC01,"Cereza Confitada (Caja 10 Kg.)",2023-05,6
6,FRTCRCC01,"Cereza Confitada (Caja 10 Kg.)",2023-06,16
6,FRTCRCC01,"Cereza Confitada (Caja 10 Kg.)",2023-07,12
6,FRTCRCC01,"Cereza Confitada (Caja 10 Kg.)",2023-08,11
6,FRTCRCC01,"Cereza Confitada (Caja 10 Kg.)",2023-09,6
6,FRTCRCC01,"Cereza Confitada (Caja 10 Kg.)",2023-10,140
6,FRTCRCC01,"Cereza Confitada (Caja 10 Kg.)",2023-11,75
6,FRTCRCC01,"Cereza Confitada (Caja 10 Kg.)",2023-12,44
6,FRTCRCC01,"Cereza Confitada (Caja 10 Kg.)",2024-01,1
6,FRTCRCC01,"Cereza Confitada (Caja 10 Kg.)",2024-02,2
6,FRTCRCC01,"Cereza Confitada (Caja 10 Kg.)",2024-03,9
6,FRTCRCC01,"Cereza Confitada (Caja 10 Kg.)",2024-04,9
6,FRTCRCC01,"Cereza Confitada (Caja 10 Kg.)",2024-05,4
6,FRTCRCC01,"Cereza Confitada (Caja 10 Kg.)",2024-06,22
6,FRTCRCC01,"Cereza Confitada (Caja 10 Kg.)",2024-07,8
6,FRTCRCC01,"Cereza Confitada (Caja 10 Kg.)",2024-08,13
6,FRTCRCC01,"Cereza Confitada (Caja 10 Kg.)",2024-09,19
6,FRTCRCC01,"Cereza Confitada (Caja 10 Kg.)",2024-10,23
6,FRTCRCC01,"Cereza Confitada (Caja 10 Kg.)",2024-11,27
6,FRTCRCC01,"Cereza Confitada (Caja 10 Kg.)",2024-12,21
6,FRTCRCC01,"Cereza Confitada (Caja 10 Kg.)",2025-02,5
6,FRTCRCC01,"Cereza Confitada (Caja 10 Kg.)",2025-03,5
6,FRTCRCC01,"Cereza Confitada (Caja 10 Kg.)",2025-04,1
6,FRTCRCC01,"Cereza Confitada (Caja 10 Kg.)",2025-05,9
6,FRTCRCC01,"Cereza Confitada (Caja 10 Kg.)",2025-06,5
6,FRTCRCC01,"Cereza Confitada (Caja 10 Kg.)",2025-07,12
6,FRTCRCC01,"Cereza Confitada (Caja 10 Kg.)",2025-08,29
6,FRTCRCC01,"Cereza Confitada (Caja 10 Kg.)",2025-09,18
6,FRTCRCC01,"Cereza Confitada (Caja 10 Kg.)",2025-10,64
6,FRTCRCC01,"Cereza Confitada (Caja 10 Kg.)",2025-11,63
6,FRTCRCC01,"Cereza Confitada (Caja 10 Kg.)",2025-12,46
6,FRTCRCC01,"Cereza Confitada (Caja 10 Kg.)",2026-01,2
6,FRTCRCC01,"Cereza Confitada (Caja 10 Kg.)",2026-03,3
6,FRTCRCC01,"Cereza Confitada (Caja 10 Kg.)",2026-04,6
6,FRTCRCC01,"Cereza Confitada (Caja 10 Kg.)",2026-05,2
6,FRTCRCC01,"Cereza Confitada (Caja 10 Kg.)",2026-06,10
6,FRTFCCC01,"Fruta Confitada (Caja 10 Kg.)",2022-05,4903
6,FRTFCCC01,"Fruta Confitada (Caja 10 Kg.)",2022-06,1762
6,FRTFCCC01,"Fruta Confitada (Caja 10 Kg.)",2022-07,2477
6,FRTFCCC01,"Fruta Confitada (Caja 10 Kg.)",2022-08,6901
6,FRTFCCC01,"Fruta Confitada (Caja 10 Kg.)",2022-09,12813
6,FRTFCCC01,"Fruta Confitada (Caja 10 Kg.)",2022-10,11150
6,FRTFCCC01,"Fruta Confitada (Caja 10 Kg.)",2022-11,9932
6,FRTFCCC01,"Fruta Confitada (Caja 10 Kg.)",2022-12,1829
6,FRTFCCC01,"Fruta Confitada (Caja 10 Kg.)",2023-01,55
6,FRTFCCC01,"Fruta Confitada (Caja 10 Kg.)",2023-02,14
6,FRTFCCC01,"Fruta Confitada (Caja 10 Kg.)",2023-03,36
6,FRTFCCC01,"Fruta Confitada (Caja 10 Kg.)",2023-04,26
6,FRTFCCC01,"Fruta Confitada (Caja 10 Kg.)",2023-05,569
6,FRTFCCC01,"Fruta Confitada (Caja 10 Kg.)",2023-06,470
6,FRTFCCC01,"Fruta Confitada (Caja 10 Kg.)",2023-07,1130
6,FRTFCCC01,"Fruta Confitada (Caja 10 Kg.)",2023-08,2453
6,FRTFCCC01,"Fruta Confitada (Caja 10 Kg.)",2023-09,11685
6,FRTFCCC01,"Fruta Confitada (Caja 10 Kg.)",2023-10,3228
6,FRTFCCC01,"Fruta Confitada (Caja 10 Kg.)",2023-11,5308
6,FRTFCCC01,"Fruta Confitada (Caja 10 Kg.)",2023-12,3375
6,FRTFCCC01,"Fruta Confitada (Caja 10 Kg.)",2024-03,-59
6,FRTFCCC01,"Fruta Confitada (Caja 10 Kg.)",2024-04,1
6,FRTFCCC01,"Fruta Confitada (Caja 10 Kg.)",2024-05,3
6,FRTFCCC01,"Fruta Confitada (Caja 10 Kg.)",2024-07,1226
6,FRTFCCC01,"Fruta Confitada (Caja 10 Kg.)",2024-08,614
6,FRTFCCC01,"Fruta Confitada (Caja 10 Kg.)",2024-09,3642
6,FRTFCCC01,"Fruta Confitada (Caja 10 Kg.)",2024-10,6759
6,FRTFCCC01,"Fruta Confitada (Caja 10 Kg.)",2024-11,4618
6,FRTFCCC01,"Fruta Confitada (Caja 10 Kg.)",2024-12,1111
6,FRTFCCC01,"Fruta Confitada (Caja 10 Kg.)",2025-01,25
6,FRTFCCC01,"Fruta Confitada (Caja 10 Kg.)",2025-02,507
6,FRTFCCC01,"Fruta Confitada (Caja 10 Kg.)",2025-03,1072
6,FRTFCCC01,"Fruta Confitada (Caja 10 Kg.)",2025-04,22
6,FRTFCCC01,"Fruta Confitada (Caja 10 Kg.)",2025-05,164
6,FRTFCCC01,"Fruta Confitada (Caja 10 Kg.)",2025-06,1820
6,FRTFCCC01,"Fruta Confitada (Caja 10 Kg.)",2025-07,2199
6,FRTFCCC01,"Fruta Confitada (Caja 10 Kg.)",2025-08,7892
6,FRTFCCC01,"Fruta Confitada (Caja 10 Kg.)",2025-09,9152
6,FRTFCCC01,"Fruta Confitada (Caja 10 Kg.)",2025-10,7251
6,FRTFCCC01,"Fruta Confitada (Caja 10 Kg.)",2025-11,5669
6,FRTFCCC01,"Fruta Confitada (Caja 10 Kg.)",2025-12,956
6,FRTFCCC01,"Fruta Confitada (Caja 10 Kg.)",2026-01,160
6,FRTFCCC01,"Fruta Confitada (Caja 10 Kg.)",2026-02,200
6,FRTFCCC01,"Fruta Confitada (Caja 10 Kg.)",2026-03,105
6,FRTFCCC01,"Fruta Confitada (Caja 10 Kg.)",2026-04,505
6,FRTFCCC01,"Fruta Confitada (Caja 10 Kg.)",2026-05,306
6,FRTFCCC01,"Fruta Confitada (Caja 10 Kg.)",2026-06,481
6,FRTNADL01,"Naranja Confitada Cubos Orieta (Caja 10 Kg.)",2022-05,26
6,FRTNADL01,"Naranja Confitada Cubos Orieta (Caja 10 Kg.)",2022-06,95
6,FRTNADL01,"Naranja Confitada Cubos Orieta (Caja 10 Kg.)",2022-07,10
6,FRTNADL01,"Naranja Confitada Cubos Orieta (Caja 10 Kg.)",2022-08,809
6,FRTNADL01,"Naranja Confitada Cubos Orieta (Caja 10 Kg.)",2022-09,1216
6,FRTNADL01,"Naranja Confitada Cubos Orieta (Caja 10 Kg.)",2022-10,1384
6,FRTNADL01,"Naranja Confitada Cubos Orieta (Caja 10 Kg.)",2022-11,1142
6,FRTNADL01,"Naranja Confitada Cubos Orieta (Caja 10 Kg.)",2022-12,37
6,FRTNADL01,"Naranja Confitada Cubos Orieta (Caja 10 Kg.)",2023-01,13
6,FRTNADL01,"Naranja Confitada Cubos Orieta (Caja 10 Kg.)",2023-02,12
6,FRTNADL01,"Naranja Confitada Cubos Orieta (Caja 10 Kg.)",2023-03,15
6,FRTNADL01,"Naranja Confitada Cubos Orieta (Caja 10 Kg.)",2023-04,9
6,FRTNADL01,"Naranja Confitada Cubos Orieta (Caja 10 Kg.)",2023-05,62
6,FRTNADL01,"Naranja Confitada Cubos Orieta (Caja 10 Kg.)",2023-06,12
6,FRTNADL01,"Naranja Confitada Cubos Orieta (Caja 10 Kg.)",2023-07,10
6,FRTNADL01,"Naranja Confitada Cubos Orieta (Caja 10 Kg.)",2023-08,24
6,FRTNADL01,"Naranja Confitada Cubos Orieta (Caja 10 Kg.)",2023-09,109
6,FRTNADL01,"Naranja Confitada Cubos Orieta (Caja 10 Kg.)",2023-10,26
6,FRTNADL01,"Naranja Confitada Cubos Orieta (Caja 10 Kg.)",2023-11,171
6,FRTNADL01,"Naranja Confitada Cubos Orieta (Caja 10 Kg.)",2023-12,178
6,FRTNADL01,"Naranja Confitada Cubos Orieta (Caja 10 Kg.)",2024-01,7
6,FRTNADL01,"Naranja Confitada Cubos Orieta (Caja 10 Kg.)",2024-08,1610
6,FRTNADL01,"Naranja Confitada Cubos Orieta (Caja 10 Kg.)",2024-09,6
6,FRTNADL01,"Naranja Confitada Cubos Orieta (Caja 10 Kg.)",2024-10,916
6,FRTNADL01,"Naranja Confitada Cubos Orieta (Caja 10 Kg.)",2024-11,666
6,FRTNADL01,"Naranja Confitada Cubos Orieta (Caja 10 Kg.)",2024-12,1
6,FRTNADL01,"Naranja Confitada Cubos Orieta (Caja 10 Kg.)",2025-08,601
6,FRTNADL01,"Naranja Confitada Cubos Orieta (Caja 10 Kg.)",2025-09,1553
6,FRTNADL01,"Naranja Confitada Cubos Orieta (Caja 10 Kg.)",2025-10,1065
6,FRTNADL01,"Naranja Confitada Cubos Orieta (Caja 10 Kg.)",2025-11,531
6,FRTNADL01,"Naranja Confitada Cubos Orieta (Caja 10 Kg.)",2025-12,205
6,FRTNADL01,"Naranja Confitada Cubos Orieta (Caja 10 Kg.)",2026-01,-4
6,FRTNADL01,"Naranja Confitada Cubos Orieta (Caja 10 Kg.)",2026-02,5
6,FRTNADL01,"Naranja Confitada Cubos Orieta (Caja 10 Kg.)",2026-03,14
6,FRTNADL01,"Naranja Confitada Cubos Orieta (Caja 10 Kg.)",2026-04,14
6,FRTNADL01,"Naranja Confitada Cubos Orieta (Caja 10 Kg.)",2026-05,17
6,FRTNADL01,"Naranja Confitada Cubos Orieta (Caja 10 Kg.)",2026-06,25
6,FRTFCCC03,"Fruta Confitada Carmín (Caja 10 Kg.)",2022-08,1428
6,FRTFCCC03,"Fruta Confitada Carmín (Caja 10 Kg.)",2022-09,3570
6,FRTFCCC03,"Fruta Confitada Carmín (Caja 10 Kg.)",2022-10,7256
6,FRTFCCC03,"Fruta Confitada Carmín (Caja 10 Kg.)",2022-11,9082
6,FRTFCCC03,"Fruta Confitada Carmín (Caja 10 Kg.)",2022-12,1
6,FRTFCCC03,"Fruta Confitada Carmín (Caja 10 Kg.)",2023-03,2
6,FRTFCCC03,"Fruta Confitada Carmín (Caja 10 Kg.)",2023-04,200
6,FRTFCCC03,"Fruta Confitada Carmín (Caja 10 Kg.)",2023-05,206
6,FRTFCCC03,"Fruta Confitada Carmín (Caja 10 Kg.)",2023-06,1507
6,FRTFCCC03,"Fruta Confitada Carmín (Caja 10 Kg.)",2023-08,3400
6,FRTFCCC03,"Fruta Confitada Carmín (Caja 10 Kg.)",2023-09,8447
6,FRTFCCC03,"Fruta Confitada Carmín (Caja 10 Kg.)",2023-10,8421
6,FRTFCCC03,"Fruta Confitada Carmín (Caja 10 Kg.)",2023-11,2721
6,FRTFCCC03,"Fruta Confitada Carmín (Caja 10 Kg.)",2023-12,234
6,FRTFCCC03,"Fruta Confitada Carmín (Caja 10 Kg.)",2024-03,200
6,FRTFCCC03,"Fruta Confitada Carmín (Caja 10 Kg.)",2024-04,200
6,FRTFCCC03,"Fruta Confitada Carmín (Caja 10 Kg.)",2024-05,392
6,FRTFCCC03,"Fruta Confitada Carmín (Caja 10 Kg.)",2024-06,200
6,FRTFCCC03,"Fruta Confitada Carmín (Caja 10 Kg.)",2024-07,413
6,FRTFCCC03,"Fruta Confitada Carmín (Caja 10 Kg.)",2024-08,176
6,FRTFCCC03,"Fruta Confitada Carmín (Caja 10 Kg.)",2024-09,1
6,FRTFCCC03,"Fruta Confitada Carmín (Caja 10 Kg.)",2024-10,129
6,FRTFCCC03,"Fruta Confitada Carmín (Caja 10 Kg.)",2024-11,2012
6,FRTFCSC01,"Fruta Confitada Sin Colorante (Caja 10 Kg.)",2022-08,3331
6,FRTFCSC01,"Fruta Confitada Sin Colorante (Caja 10 Kg.)",2022-09,-1
6,FRTFCCC02,"Fruta Confitada Art. 6-8 mm (Caja 10 Kg.)",2022-09,1190
6,FRTFCCC02,"Fruta Confitada Art. 6-8 mm (Caja 10 Kg.)",2022-10,1785
6,FRTFCCC02,"Fruta Confitada Art. 6-8 mm (Caja 10 Kg.)",2022-11,1666
6,FRTFCCC02,"Fruta Confitada Art. 6-8 mm (Caja 10 Kg.)",2022-12,357
6,FRTFCCC02,"Fruta Confitada Art. 6-8 mm (Caja 10 Kg.)",2023-07,119
6,FRTFCCC02,"Fruta Confitada Art. 6-8 mm (Caja 10 Kg.)",2023-08,714
6,FRTFCCC02,"Fruta Confitada Art. 6-8 mm (Caja 10 Kg.)",2023-09,1904
6,FRTFCCC02,"Fruta Confitada Art. 6-8 mm (Caja 10 Kg.)",2023-10,952
6,FRTFCCC02,"Fruta Confitada Art. 6-8 mm (Caja 10 Kg.)",2023-11,1428
6,FRTFCCC02,"Fruta Confitada Art. 6-8 mm (Caja 10 Kg.)",2024-08,2023
6,FRTFCCC02,"Fruta Confitada Art. 6-8 mm (Caja 10 Kg.)",2024-09,1309
6,FRTFCCC02,"Fruta Confitada Art. 6-8 mm (Caja 10 Kg.)",2024-10,833
6,FRTFCCC02,"Fruta Confitada Art. 6-8 mm (Caja 10 Kg.)",2024-11,1957
6,FRTFCCC02,"Fruta Confitada Art. 6-8 mm (Caja 10 Kg.)",2024-12,122
6,FRTFCCC02,"Fruta Confitada Art. 6-8 mm (Caja 10 Kg.)",2025-04,70
6,FRTFCCC02,"Fruta Confitada Art. 6-8 mm (Caja 10 Kg.)",2025-06,119
6,FRTFCCC02,"Fruta Confitada Art. 6-8 mm (Caja 10 Kg.)",2025-07,1
6,FRTFCCC02,"Fruta Confitada Art. 6-8 mm (Caja 10 Kg.)",2025-08,1116
6,FRTFCCC02,"Fruta Confitada Art. 6-8 mm (Caja 10 Kg.)",2025-09,1190
6,FRTFCCC02,"Fruta Confitada Art. 6-8 mm (Caja 10 Kg.)",2025-10,2142
6,FRTFCCC02,"Fruta Confitada Art. 6-8 mm (Caja 10 Kg.)",2025-11,1676
6,FRTFCCC02,"Fruta Confitada Art. 6-8 mm (Caja 10 Kg.)",2025-12,96
6,FRTFCCC06,"Fruta Confitada Roja Natural (Caja 10 Kg.)",2023-07,1020
6,FRTFCCC06,"Fruta Confitada Roja Natural (Caja 10 Kg.)",2023-08,2750
6,FRTFCCC06,"Fruta Confitada Roja Natural (Caja 10 Kg.)",2023-09,1329
6,FRTFCCC06,"Fruta Confitada Roja Natural (Caja 10 Kg.)",2023-11,2896
6,FRTFCCC07,"Fruta Confitada Verde Natural (Caja 10 Kg.)",2023-07,1020
6,FRTFCCC07,"Fruta Confitada Verde Natural (Caja 10 Kg.)",2023-08,2750
6,FRTFCCC07,"Fruta Confitada Verde Natural (Caja 10 Kg.)",2023-09,1334
6,FRTFCCC07,"Fruta Confitada Verde Natural (Caja 10 Kg.)",2023-11,2896
6,FRTFCCC04,"Fruta Confitada Manar (Caja 15x1 Kg.)",2023-09,635
6,FRTFCCC04,"Fruta Confitada Manar (Caja 15x1 Kg.)",2023-10,766
6,FRTFCCC04,"Fruta Confitada Manar (Caja 15x1 Kg.)",2023-11,813
6,FRTFCCC04,"Fruta Confitada Manar (Caja 15x1 Kg.)",2023-12,836
6,FRTFCCC04,"Fruta Confitada Manar (Caja 15x1 Kg.)",2024-01,7
6,FRTFCCC04,"Fruta Confitada Manar (Caja 15x1 Kg.)",2024-07,45
6,FRTFCCC04,"Fruta Confitada Manar (Caja 15x1 Kg.)",2024-08,591
6,FRTFCCC04,"Fruta Confitada Manar (Caja 15x1 Kg.)",2024-09,257
6,FRTFCCC04,"Fruta Confitada Manar (Caja 15x1 Kg.)",2024-10,828
6,FRTFCCC04,"Fruta Confitada Manar (Caja 15x1 Kg.)",2024-11,1494
6,FRTFCCC04,"Fruta Confitada Manar (Caja 15x1 Kg.)",2024-12,1604
6,FRTFCCC04,"Fruta Confitada Manar (Caja 15x1 Kg.)",2025-01,64
6,FRTFCCC04,"Fruta Confitada Manar (Caja 15x1 Kg.)",2025-02,15
6,FRTFCCC04,"Fruta Confitada Manar (Caja 15x1 Kg.)",2025-03,6
6,FRTFCCC04,"Fruta Confitada Manar (Caja 15x1 Kg.)",2025-04,8
6,FRTFCCC04,"Fruta Confitada Manar (Caja 15x1 Kg.)",2025-05,11
6,FRTFCCC04,"Fruta Confitada Manar (Caja 15x1 Kg.)",2025-06,7
6,FRTFCCC04,"Fruta Confitada Manar (Caja 15x1 Kg.)",2025-07,198
6,FRTFCCC04,"Fruta Confitada Manar (Caja 15x1 Kg.)",2025-08,486
6,FRTFCCC04,"Fruta Confitada Manar (Caja 15x1 Kg.)",2025-09,304
6,FRTFCCC04,"Fruta Confitada Manar (Caja 15x1 Kg.)",2025-10,1191
6,FRTFCCC04,"Fruta Confitada Manar (Caja 15x1 Kg.)",2025-11,1184
6,FRTFCCC04,"Fruta Confitada Manar (Caja 15x1 Kg.)",2025-12,715
6,FRTFCCC04,"Fruta Confitada Manar (Caja 15x1 Kg.)",2026-01,8
6,FRTFCCC04,"Fruta Confitada Manar (Caja 15x1 Kg.)",2026-03,19
6,FRTFCCC04,"Fruta Confitada Manar (Caja 15x1 Kg.)",2026-04,27
6,FRTFCCC04,"Fruta Confitada Manar (Caja 15x1 Kg.)",2026-05,23
6,FRTFCCC04,"Fruta Confitada Manar (Caja 15x1 Kg.)",2026-06,1
6,FRTFCCC05,"Fruta Confitada Manar (Caja 10 Kg.)",2023-09,786
6,FRTFCCC05,"Fruta Confitada Manar (Caja 10 Kg.)",2023-10,1869
6,FRTFCCC05,"Fruta Confitada Manar (Caja 10 Kg.)",2023-11,1701
6,FRTFCCC05,"Fruta Confitada Manar (Caja 10 Kg.)",2023-12,1036
6,FRTFCCC05,"Fruta Confitada Manar (Caja 10 Kg.)",2024-01,30
6,FRTFCCC05,"Fruta Confitada Manar (Caja 10 Kg.)",2024-02,9
6,FRTFCCC05,"Fruta Confitada Manar (Caja 10 Kg.)",2024-03,9
6,FRTFCCC05,"Fruta Confitada Manar (Caja 10 Kg.)",2024-04,45
6,FRTFCCC05,"Fruta Confitada Manar (Caja 10 Kg.)",2024-05,104
6,FRTFCCC05,"Fruta Confitada Manar (Caja 10 Kg.)",2024-06,254
6,FRTFCCC05,"Fruta Confitada Manar (Caja 10 Kg.)",2024-07,544
6,FRTFCCC05,"Fruta Confitada Manar (Caja 10 Kg.)",2024-08,2893
6,FRTFCCC05,"Fruta Confitada Manar (Caja 10 Kg.)",2024-09,1090
6,FRTFCCC05,"Fruta Confitada Manar (Caja 10 Kg.)",2024-10,4350
6,FRTFCCC05,"Fruta Confitada Manar (Caja 10 Kg.)",2024-11,5825
6,FRTFCCC05,"Fruta Confitada Manar (Caja 10 Kg.)",2024-12,1
6,FRTFCCC05,"Fruta Confitada Manar (Caja 10 Kg.)",2025-07,61
6,FRTFCCC05,"Fruta Confitada Manar (Caja 10 Kg.)",2025-08,188
6,FRTFCCC05,"Fruta Confitada Manar (Caja 10 Kg.)",2025-09,1051
6,FRTFCCC05,"Fruta Confitada Manar (Caja 10 Kg.)",2025-10,857
6,FRTFCCC05,"Fruta Confitada Manar (Caja 10 Kg.)",2025-11,1283
6,FRTFCCC05,"Fruta Confitada Manar (Caja 10 Kg.)",2025-12,1083
6,FRTFCCC05,"Fruta Confitada Manar (Caja 10 Kg.)",2026-01,43
6,FRTFCCC05,"Fruta Confitada Manar (Caja 10 Kg.)",2026-02,26
6,FRTFCCC05,"Fruta Confitada Manar (Caja 10 Kg.)",2026-03,17
6,FRTNADL02,"Naranja Confitada Cubos Manar (Caja 10 Kg.)",2024-08,53
6,FRTNADL02,"Naranja Confitada Cubos Manar (Caja 10 Kg.)",2024-09,3
6,FRTNADL02,"Naranja Confitada Cubos Manar (Caja 10 Kg.)",2024-10,126
6,FRTNADL02,"Naranja Confitada Cubos Manar (Caja 10 Kg.)",2024-11,594
6,FRTNADL02,"Naranja Confitada Cubos Manar (Caja 10 Kg.)",2024-12,20
6,FRTNADL02,"Naranja Confitada Cubos Manar (Caja 10 Kg.)",2025-01,9
6,FRTNADL02,"Naranja Confitada Cubos Manar (Caja 10 Kg.)",2025-02,75
6,FRTNADL02,"Naranja Confitada Cubos Manar (Caja 10 Kg.)",2025-03,44
6,FRTNADL02,"Naranja Confitada Cubos Manar (Caja 10 Kg.)",2025-04,111
6,FRTNADL02,"Naranja Confitada Cubos Manar (Caja 10 Kg.)",2025-05,7
6,FRTNADL02,"Naranja Confitada Cubos Manar (Caja 10 Kg.)",2025-06,122
6,FRTNADL02,"Naranja Confitada Cubos Manar (Caja 10 Kg.)",2025-07,204
6,FRTNADL02,"Naranja Confitada Cubos Manar (Caja 10 Kg.)",2025-08,133
6,FRTNADL02,"Naranja Confitada Cubos Manar (Caja 10 Kg.)",2025-09,10
6,FRTNADL02,"Naranja Confitada Cubos Manar (Caja 10 Kg.)",2025-10,17
6,FRTNADL02,"Naranja Confitada Cubos Manar (Caja 10 Kg.)",2025-11,866
6,FRTNADL02,"Naranja Confitada Cubos Manar (Caja 10 Kg.)",2025-12,3
6,FRTFCCC08,"Fruta Confitada Manar 6 mm (Caja 10 Kg.)",2024-11,113
6,FRTFCCC08,"Fruta Confitada Manar 6 mm (Caja 10 Kg.)",2024-12,96
6,FRTFCCC08,"Fruta Confitada Manar 6 mm (Caja 10 Kg.)",2025-08,476
6,FRTFCCC08,"Fruta Confitada Manar 6 mm (Caja 10 Kg.)",2025-09,-473
6,FRTFCCC08,"Fruta Confitada Manar 6 mm (Caja 10 Kg.)",2025-10,321
6,FRTFCCC08,"Fruta Confitada Manar 6 mm (Caja 10 Kg.)",2025-11,300
6,FRTFCCC08,"Fruta Confitada Manar 6 mm (Caja 10 Kg.)",2025-12,76
6,FRTFCCC08,"Fruta Confitada Manar 6 mm (Caja 10 Kg.)",2026-01,55
6,FRTFCCC08,"Fruta Confitada Manar 6 mm (Caja 10 Kg.)",2026-02,3
6,FRTFCCC08,"Fruta Confitada Manar 6 mm (Caja 10 Kg.)",2026-03,25
6,FRTFCCC08,"Fruta Confitada Manar 6 mm (Caja 10 Kg.)",2026-04,20
6,FRTFCCC08,"Fruta Confitada Manar 6 mm (Caja 10 Kg.)",2026-05,0
6,FRTFCCC08,"Fruta Confitada Manar 6 mm (Caja 10 Kg.)",2026-06,11
7,HELCNES02,"Cono Standard (Caja 360 Unid.)",2022-05,11
7,HELCNES02,"Cono Standard (Caja 360 Unid.)",2022-06,1
7,HELCNES02,"Cono Standard (Caja 360 Unid.)",2022-07,14
7,HELCNES02,"Cono Standard (Caja 360 Unid.)",2022-08,58
7,HELCNES02,"Cono Standard (Caja 360 Unid.)",2022-09,78
7,HELCNES02,"Cono Standard (Caja 360 Unid.)",2022-10,26
7,HELCNES02,"Cono Standard (Caja 360 Unid.)",2022-11,19
7,HELCNES02,"Cono Standard (Caja 360 Unid.)",2022-12,26
7,HELCNES02,"Cono Standard (Caja 360 Unid.)",2023-01,259
7,HELCNES02,"Cono Standard (Caja 360 Unid.)",2023-02,158
7,HELCNES02,"Cono Standard (Caja 360 Unid.)",2023-03,195
7,HELCNES02,"Cono Standard (Caja 360 Unid.)",2023-04,164
7,HELCNES02,"Cono Standard (Caja 360 Unid.)",2023-05,49
7,HELCNES02,"Cono Standard (Caja 360 Unid.)",2023-06,13
7,HELCNES02,"Cono Standard (Caja 360 Unid.)",2023-07,26
7,HELCNES02,"Cono Standard (Caja 360 Unid.)",2023-08,123
7,HELCNES02,"Cono Standard (Caja 360 Unid.)",2023-09,139
7,HELCNES02,"Cono Standard (Caja 360 Unid.)",2023-10,118
7,HELCNES02,"Cono Standard (Caja 360 Unid.)",2023-11,302
7,HELCNES02,"Cono Standard (Caja 360 Unid.)",2023-12,458
7,HELCNES02,"Cono Standard (Caja 360 Unid.)",2024-01,369
7,HELCNES02,"Cono Standard (Caja 360 Unid.)",2024-02,110
7,HELCNES02,"Cono Standard (Caja 360 Unid.)",2024-03,160
7,HELCNES02,"Cono Standard (Caja 360 Unid.)",2024-04,67
7,HELCNES02,"Cono Standard (Caja 360 Unid.)",2024-05,24
7,HELCNES02,"Cono Standard (Caja 360 Unid.)",2024-06,33
7,HELCNES02,"Cono Standard (Caja 360 Unid.)",2024-07,149
7,HELCNES02,"Cono Standard (Caja 360 Unid.)",2024-08,156
7,HELCNES02,"Cono Standard (Caja 360 Unid.)",2024-09,357
7,HELCNES02,"Cono Standard (Caja 360 Unid.)",2024-10,-101
7,HELCNES02,"Cono Standard (Caja 360 Unid.)",2024-11,47
7,HELCNES02,"Cono Standard (Caja 360 Unid.)",2024-12,340
7,HELCNES02,"Cono Standard (Caja 360 Unid.)",2025-01,636
7,HELCNES02,"Cono Standard (Caja 360 Unid.)",2025-02,397
7,HELCNES02,"Cono Standard (Caja 360 Unid.)",2025-03,-120
7,HELCNES02,"Cono Standard (Caja 360 Unid.)",2025-04,45
7,HELCNES02,"Cono Standard (Caja 360 Unid.)",2025-05,30
7,HELCNES02,"Cono Standard (Caja 360 Unid.)",2025-06,31
7,HELCNES02,"Cono Standard (Caja 360 Unid.)",2025-07,34
7,HELCNES02,"Cono Standard (Caja 360 Unid.)",2025-08,67
7,HELCNES02,"Cono Standard (Caja 360 Unid.)",2025-09,143
7,HELCNES02,"Cono Standard (Caja 360 Unid.)",2025-10,156
7,HELCNES02,"Cono Standard (Caja 360 Unid.)",2025-11,660
7,HELCNES02,"Cono Standard (Caja 360 Unid.)",2025-12,15
7,HELCNES02,"Cono Standard (Caja 360 Unid.)",2026-01,516
7,HELCNES02,"Cono Standard (Caja 360 Unid.)",2026-02,146
7,HELCNES02,"Cono Standard (Caja 360 Unid.)",2026-03,244
7,HELCNES02,"Cono Standard (Caja 360 Unid.)",2026-04,48
7,HELCNES02,"Cono Standard (Caja 360 Unid.)",2026-05,33
7,HELCNES02,"Cono Standard (Caja 360 Unid.)",2026-06,4
7,HELCNMX01,"Cono Maxi (Caja 304 Unid.)",2022-05,10
7,HELCNMX01,"Cono Maxi (Caja 304 Unid.)",2022-07,11
7,HELCNMX01,"Cono Maxi (Caja 304 Unid.)",2022-08,33
7,HELCNMX01,"Cono Maxi (Caja 304 Unid.)",2022-09,20
7,HELCNMX01,"Cono Maxi (Caja 304 Unid.)",2022-10,37
7,HELCNMX01,"Cono Maxi (Caja 304 Unid.)",2022-11,84
7,HELCNMX01,"Cono Maxi (Caja 304 Unid.)",2022-12,41
7,HELCNMX01,"Cono Maxi (Caja 304 Unid.)",2023-01,178
7,HELCNMX01,"Cono Maxi (Caja 304 Unid.)",2023-02,116
7,HELCNMX01,"Cono Maxi (Caja 304 Unid.)",2023-03,50
7,HELCNMX01,"Cono Maxi (Caja 304 Unid.)",2023-04,12
7,HELCNMX01,"Cono Maxi (Caja 304 Unid.)",2023-05,35
7,HELCNMX01,"Cono Maxi (Caja 304 Unid.)",2023-06,3
7,HELCNMX01,"Cono Maxi (Caja 304 Unid.)",2023-07,8
7,HELCNMX01,"Cono Maxi (Caja 304 Unid.)",2023-08,143
7,HELCNMX01,"Cono Maxi (Caja 304 Unid.)",2023-09,16
7,HELCNMX01,"Cono Maxi (Caja 304 Unid.)",2023-10,87
7,HELCNMX01,"Cono Maxi (Caja 304 Unid.)",2023-11,95
7,HELCNMX01,"Cono Maxi (Caja 304 Unid.)",2023-12,40
7,HELCNMX01,"Cono Maxi (Caja 304 Unid.)",2024-09,112
7,HELCNMX01,"Cono Maxi (Caja 304 Unid.)",2024-10,110
7,HELCNMX01,"Cono Maxi (Caja 304 Unid.)",2024-11,79
7,HELCNMX01,"Cono Maxi (Caja 304 Unid.)",2024-12,121
7,HELCNMX01,"Cono Maxi (Caja 304 Unid.)",2025-01,11
7,HELCNMX01,"Cono Maxi (Caja 304 Unid.)",2025-02,42
7,HELCNMX01,"Cono Maxi (Caja 304 Unid.)",2025-03,26
7,HELCNMX01,"Cono Maxi (Caja 304 Unid.)",2025-04,10
7,HELCNMX01,"Cono Maxi (Caja 304 Unid.)",2025-05,2
7,HELCNMX01,"Cono Maxi (Caja 304 Unid.)",2025-06,2
7,HELCNMX01,"Cono Maxi (Caja 304 Unid.)",2025-07,4
7,HELCNMX01,"Cono Maxi (Caja 304 Unid.)",2025-08,9
7,HELCNMX01,"Cono Maxi (Caja 304 Unid.)",2025-09,21
7,HELCNMX01,"Cono Maxi (Caja 304 Unid.)",2025-10,140
7,HELCNMX01,"Cono Maxi (Caja 304 Unid.)",2025-11,81
7,HELCNMX01,"Cono Maxi (Caja 304 Unid.)",2025-12,21
7,HELCNMX01,"Cono Maxi (Caja 304 Unid.)",2026-01,51
7,HELCNMX01,"Cono Maxi (Caja 304 Unid.)",2026-02,39
7,HELCNMX01,"Cono Maxi (Caja 304 Unid.)",2026-03,11
7,HELCNMX02,"Cono Maxi (Caja 48 Unid.) (Bartori)",2023-10,11
7,HELCNMX02,"Cono Maxi (Caja 48 Unid.) (Bartori)",2023-11,74
7,HELCNMX02,"Cono Maxi (Caja 48 Unid.) (Bartori)",2023-12,427
7,HELCNMX02,"Cono Maxi (Caja 48 Unid.) (Bartori)",2024-01,544
7,HELCNMX02,"Cono Maxi (Caja 48 Unid.) (Bartori)",2024-02,113
7,HELCNMX02,"Cono Maxi (Caja 48 Unid.) (Bartori)",2024-03,272
7,HELCNMX02,"Cono Maxi (Caja 48 Unid.) (Bartori)",2024-04,9
7,HELCNMX02,"Cono Maxi (Caja 48 Unid.) (Bartori)",2024-05,6
7,HELCNMX02,"Cono Maxi (Caja 48 Unid.) (Bartori)",2024-06,10
7,HELCNMX02,"Cono Maxi (Caja 48 Unid.) (Bartori)",2025-11,236
7,HELCNMX02,"Cono Maxi (Caja 48 Unid.) (Bartori)",2025-12,1
7,HELCNMX02,"Cono Maxi (Caja 48 Unid.) (Bartori)",2026-01,207
7,HELCNMX02,"Cono Maxi (Caja 48 Unid.) (Bartori)",2026-02,139
7,HELCNES03,"Cono Standard (Caja 288 Unid.)",2024-01,72
7,HELCNES03,"Cono Standard (Caja 288 Unid.)",2024-02,3
7,HELCNES03,"Cono Standard (Caja 288 Unid.)",2024-04,4
7,HELCNES03,"Cono Standard (Caja 288 Unid.)",2024-08,1
7,HELCNES03,"Cono Standard (Caja 288 Unid.)",2024-09,3
7,HELCNES01,"Cono Standard (Caja 720 Unid.)",2024-09,53
7,HELCNES01,"Cono Standard (Caja 720 Unid.)",2024-10,63
7,HELCNES01,"Cono Standard (Caja 720 Unid.)",2024-11,34
7,HELCNES01,"Cono Standard (Caja 720 Unid.)",2024-12,14
7,HELCNES01,"Cono Standard (Caja 720 Unid.)",2025-01,5
7,HELCNES01,"Cono Standard (Caja 720 Unid.)",2025-02,37
7,HELCNES01,"Cono Standard (Caja 720 Unid.)",2025-03,47
7,HELCNES01,"Cono Standard (Caja 720 Unid.)",2025-04,6
7,HELCNES01,"Cono Standard (Caja 720 Unid.)",2025-05,10
7,HELCNES01,"Cono Standard (Caja 720 Unid.)",2025-06,3
7,HELCNES01,"Cono Standard (Caja 720 Unid.)",2025-07,13
7,HELCNES01,"Cono Standard (Caja 720 Unid.)",2025-08,7
7,HELCNES01,"Cono Standard (Caja 720 Unid.)",2025-10,12
7,HELCNES01,"Cono Standard (Caja 720 Unid.)",2025-12,61
7,HELCNES01,"Cono Standard (Caja 720 Unid.)",2026-01,45
7,HELCNES01,"Cono Standard (Caja 720 Unid.)",2026-02,30
7,HELCNBA01,"Barquillo Rollito de Chocolate (Caja 100 Unid.)",2025-06,20
7,HELCNBA01,"Barquillo Rollito de Chocolate (Caja 100 Unid.)",2025-07,43
7,HELCNBA01,"Barquillo Rollito de Chocolate (Caja 100 Unid.)",2025-08,3
7,HELCNBA01,"Barquillo Rollito de Chocolate (Caja 100 Unid.)",2025-09,6
7,HELCNBA01,"Barquillo Rollito de Chocolate (Caja 100 Unid.)",2025-10,-6
7,HELCNBA01,"Barquillo Rollito de Chocolate (Caja 100 Unid.)",2025-11,5
7,HELCNBA01,"Barquillo Rollito de Chocolate (Caja 100 Unid.)",2025-12,7
7,HELCNBA01,"Barquillo Rollito de Chocolate (Caja 100 Unid.)",2026-01,11
7,HELCNBA01,"Barquillo Rollito de Chocolate (Caja 100 Unid.)",2026-02,13
7,HELCNBA01,"Barquillo Rollito de Chocolate (Caja 100 Unid.)",2026-03,-30
7,HELCNBA01,"Barquillo Rollito de Chocolate (Caja 100 Unid.)",2026-04,15
7,HELCNBA01,"Barquillo Rollito de Chocolate (Caja 100 Unid.)",2026-05,3
7,HELCNBA01,"Barquillo Rollito de Chocolate (Caja 100 Unid.)",2026-06,-2
7,HELCNOB01,"Oblea Dulce Waflin (Caja 300 Unid.)",2025-06,14
7,HELCNOB01,"Oblea Dulce Waflin (Caja 300 Unid.)",2025-07,13
7,HELCNOB01,"Oblea Dulce Waflin (Caja 300 Unid.)",2025-08,2
8,MOLQQ1901,"Molde Queque Grande 19x8x6 (Caja 1.000 Unid.)",2022-05,20
8,MOLQQ1901,"Molde Queque Grande 19x8x6 (Caja 1.000 Unid.)",2022-06,32
8,MOLQQ1901,"Molde Queque Grande 19x8x6 (Caja 1.000 Unid.)",2022-07,6
8,MOLQQ1901,"Molde Queque Grande 19x8x6 (Caja 1.000 Unid.)",2022-08,69
8,MOLQQ1901,"Molde Queque Grande 19x8x6 (Caja 1.000 Unid.)",2022-09,18
8,MOLQQ1901,"Molde Queque Grande 19x8x6 (Caja 1.000 Unid.)",2022-10,8
8,MOLQQ1901,"Molde Queque Grande 19x8x6 (Caja 1.000 Unid.)",2022-11,45
8,MOLQQ1901,"Molde Queque Grande 19x8x6 (Caja 1.000 Unid.)",2022-12,1
8,MOLQQ1901,"Molde Queque Grande 19x8x6 (Caja 1.000 Unid.)",2023-02,19
8,MOLQQ1901,"Molde Queque Grande 19x8x6 (Caja 1.000 Unid.)",2023-03,23
8,MOLQQ1901,"Molde Queque Grande 19x8x6 (Caja 1.000 Unid.)",2023-04,5
8,MOLQQ1901,"Molde Queque Grande 19x8x6 (Caja 1.000 Unid.)",2023-05,12
8,MOLQQ1901,"Molde Queque Grande 19x8x6 (Caja 1.000 Unid.)",2023-06,7
8,MOLQQ1901,"Molde Queque Grande 19x8x6 (Caja 1.000 Unid.)",2023-07,16
8,MOLQQ1901,"Molde Queque Grande 19x8x6 (Caja 1.000 Unid.)",2023-08,30
8,MOLQQ1901,"Molde Queque Grande 19x8x6 (Caja 1.000 Unid.)",2023-09,7
8,MOLQQ1901,"Molde Queque Grande 19x8x6 (Caja 1.000 Unid.)",2023-10,16
8,MOLQQ1901,"Molde Queque Grande 19x8x6 (Caja 1.000 Unid.)",2023-11,18
8,MOLQQ1901,"Molde Queque Grande 19x8x6 (Caja 1.000 Unid.)",2023-12,13
8,MOLQQ1901,"Molde Queque Grande 19x8x6 (Caja 1.000 Unid.)",2024-01,22
8,MOLQQ1901,"Molde Queque Grande 19x8x6 (Caja 1.000 Unid.)",2024-02,4
8,MOLQQ1901,"Molde Queque Grande 19x8x6 (Caja 1.000 Unid.)",2024-03,20
8,MOLQQ1901,"Molde Queque Grande 19x8x6 (Caja 1.000 Unid.)",2024-04,12
8,MOLQQ1901,"Molde Queque Grande 19x8x6 (Caja 1.000 Unid.)",2024-05,33
8,MOLQQ1901,"Molde Queque Grande 19x8x6 (Caja 1.000 Unid.)",2024-06,13
8,MOLQQ1901,"Molde Queque Grande 19x8x6 (Caja 1.000 Unid.)",2024-07,40
8,MOLQQ1901,"Molde Queque Grande 19x8x6 (Caja 1.000 Unid.)",2024-08,13
8,MOLQQ1901,"Molde Queque Grande 19x8x6 (Caja 1.000 Unid.)",2024-09,13
8,MOLQQ1901,"Molde Queque Grande 19x8x6 (Caja 1.000 Unid.)",2024-10,12
8,MOLQQ1901,"Molde Queque Grande 19x8x6 (Caja 1.000 Unid.)",2024-11,8
8,MOLQQ1901,"Molde Queque Grande 19x8x6 (Caja 1.000 Unid.)",2024-12,8
8,MOLQQ1901,"Molde Queque Grande 19x8x6 (Caja 1.000 Unid.)",2025-01,5
8,MOLQQ1901,"Molde Queque Grande 19x8x6 (Caja 1.000 Unid.)",2025-02,33
8,MOLQQ1901,"Molde Queque Grande 19x8x6 (Caja 1.000 Unid.)",2025-03,34
8,MOLQQ1901,"Molde Queque Grande 19x8x6 (Caja 1.000 Unid.)",2025-04,18
8,MOLQQ1901,"Molde Queque Grande 19x8x6 (Caja 1.000 Unid.)",2025-05,25
8,MOLQQ1901,"Molde Queque Grande 19x8x6 (Caja 1.000 Unid.)",2025-06,13
8,MOLQQ1901,"Molde Queque Grande 19x8x6 (Caja 1.000 Unid.)",2025-07,46
8,MOLQQ1901,"Molde Queque Grande 19x8x6 (Caja 1.000 Unid.)",2025-08,4
8,MOLQQ1901,"Molde Queque Grande 19x8x6 (Caja 1.000 Unid.)",2025-09,23
8,MOLQQ1901,"Molde Queque Grande 19x8x6 (Caja 1.000 Unid.)",2025-10,31
8,MOLQQ1901,"Molde Queque Grande 19x8x6 (Caja 1.000 Unid.)",2025-11,13
8,MOLQQ1901,"Molde Queque Grande 19x8x6 (Caja 1.000 Unid.)",2025-12,24
8,MOLQQ1901,"Molde Queque Grande 19x8x6 (Caja 1.000 Unid.)",2026-01,20
8,MOLQQ1901,"Molde Queque Grande 19x8x6 (Caja 1.000 Unid.)",2026-02,21
8,MOLQQ1901,"Molde Queque Grande 19x8x6 (Caja 1.000 Unid.)",2026-03,30
8,MOLQQ1901,"Molde Queque Grande 19x8x6 (Caja 1.000 Unid.)",2026-04,37
8,MOLQQ1901,"Molde Queque Grande 19x8x6 (Caja 1.000 Unid.)",2026-05,18
8,MOLQQ1901,"Molde Queque Grande 19x8x6 (Caja 1.000 Unid.)",2026-06,52
9,MOLTT2202,"Molde para Tartaleta Nro.22 (400 Unid.)",2022-05,97
9,MOLTT2202,"Molde para Tartaleta Nro.22 (400 Unid.)",2022-06,78
9,MOLTT2202,"Molde para Tartaleta Nro.22 (400 Unid.)",2022-07,63
9,MOLTT2202,"Molde para Tartaleta Nro.22 (400 Unid.)",2022-08,77
9,MOLES2001,"Ecos Mould E205-25 Brown Paper (Caja 1.380 Unid.)",2022-09,49
9,MOLES2001,"Ecos Mould E205-25 Brown Paper (Caja 1.380 Unid.)",2022-10,12
9,MOLES2001,"Ecos Mould E205-25 Brown Paper (Caja 1.380 Unid.)",2022-11,16
9,MOLES2001,"Ecos Mould E205-25 Brown Paper (Caja 1.380 Unid.)",2022-12,15
9,MOLES2001,"Ecos Mould E205-25 Brown Paper (Caja 1.380 Unid.)",2023-01,40
9,MOLES2001,"Ecos Mould E205-25 Brown Paper (Caja 1.380 Unid.)",2023-02,34
9,MOLES2001,"Ecos Mould E205-25 Brown Paper (Caja 1.380 Unid.)",2023-03,33
9,MOLES2001,"Ecos Mould E205-25 Brown Paper (Caja 1.380 Unid.)",2023-04,12
9,MOLES2001,"Ecos Mould E205-25 Brown Paper (Caja 1.380 Unid.)",2023-05,10
9,MOLES2001,"Ecos Mould E205-25 Brown Paper (Caja 1.380 Unid.)",2023-06,29
9,MOLES2001,"Ecos Mould E205-25 Brown Paper (Caja 1.380 Unid.)",2023-07,10
9,MOLES2001,"Ecos Mould E205-25 Brown Paper (Caja 1.380 Unid.)",2023-08,32
9,MOLES2001,"Ecos Mould E205-25 Brown Paper (Caja 1.380 Unid.)",2023-09,11
9,MOLES2001,"Ecos Mould E205-25 Brown Paper (Caja 1.380 Unid.)",2023-10,34
9,MOLES2001,"Ecos Mould E205-25 Brown Paper (Caja 1.380 Unid.)",2023-11,20
9,MOLES2001,"Ecos Mould E205-25 Brown Paper (Caja 1.380 Unid.)",2023-12,4
9,MOLES2001,"Ecos Mould E205-25 Brown Paper (Caja 1.380 Unid.)",2024-01,31
9,MOLES2001,"Ecos Mould E205-25 Brown Paper (Caja 1.380 Unid.)",2024-02,9
9,MOLES2001,"Ecos Mould E205-25 Brown Paper (Caja 1.380 Unid.)",2024-03,10
9,MOLES2001,"Ecos Mould E205-25 Brown Paper (Caja 1.380 Unid.)",2024-05,5
9,MOLES2001,"Ecos Mould E205-25 Brown Paper (Caja 1.380 Unid.)",2024-08,19
9,MOLES2001,"Ecos Mould E205-25 Brown Paper (Caja 1.380 Unid.)",2024-09,3
9,MOLES2001,"Ecos Mould E205-25 Brown Paper (Caja 1.380 Unid.)",2024-10,2
9,MOLES2001,"Ecos Mould E205-25 Brown Paper (Caja 1.380 Unid.)",2024-12,1
9,MOLES2001,"Ecos Mould E205-25 Brown Paper (Caja 1.380 Unid.)",2025-01,3
9,MOLES2001,"Ecos Mould E205-25 Brown Paper (Caja 1.380 Unid.)",2025-02,2
9,MOLES2001,"Ecos Mould E205-25 Brown Paper (Caja 1.380 Unid.)",2025-03,7
9,MOLES2001,"Ecos Mould E205-25 Brown Paper (Caja 1.380 Unid.)",2025-06,10
9,MOLES2001,"Ecos Mould E205-25 Brown Paper (Caja 1.380 Unid.)",2025-07,32
9,MOLES2001,"Ecos Mould E205-25 Brown Paper (Caja 1.380 Unid.)",2025-08,28
9,MOLES2001,"Ecos Mould E205-25 Brown Paper (Caja 1.380 Unid.)",2025-09,13
9,MOLES2001,"Ecos Mould E205-25 Brown Paper (Caja 1.380 Unid.)",2025-10,20
9,MOLES2001,"Ecos Mould E205-25 Brown Paper (Caja 1.380 Unid.)",2025-11,5
9,MOLES2001,"Ecos Mould E205-25 Brown Paper (Caja 1.380 Unid.)",2025-12,4
9,MOLES2001,"Ecos Mould E205-25 Brown Paper (Caja 1.380 Unid.)",2026-02,30
9,MOLES2001,"Ecos Mould E205-25 Brown Paper (Caja 1.380 Unid.)",2026-03,10
9,MOLES2001,"Ecos Mould E205-25 Brown Paper (Caja 1.380 Unid.)",2026-04,17
9,MOLES2001,"Ecos Mould E205-25 Brown Paper (Caja 1.380 Unid.)",2026-05,25
9,MOLES2001,"Ecos Mould E205-25 Brown Paper (Caja 1.380 Unid.)",2026-06,7
10,PASACMG01,"Mangas Descartables 9 Rollos (Caja 20 Unid.)",2022-05,2
10,PASACMG01,"Mangas Descartables 9 Rollos (Caja 20 Unid.)",2022-06,4
10,PASACMG01,"Mangas Descartables 9 Rollos (Caja 20 Unid.)",2022-07,1
10,PASACMG01,"Mangas Descartables 9 Rollos (Caja 20 Unid.)",2022-08,2
10,PASACMG01,"Mangas Descartables 9 Rollos (Caja 20 Unid.)",2023-03,12
10,PASACMG01,"Mangas Descartables 9 Rollos (Caja 20 Unid.)",2023-04,3
10,PASACMG01,"Mangas Descartables 9 Rollos (Caja 20 Unid.)",2024-06,4
10,PASACMG01,"Mangas Descartables 9 Rollos (Caja 20 Unid.)",2024-07,2
11,PASDEAA01,"Azúcar Antihumedad (Saco 22,68 Kg.)",2022-05,23
11,PASDEAA01,"Azúcar Antihumedad (Saco 22,68 Kg.)",2022-06,14
11,PASDEAA01,"Azúcar Antihumedad (Saco 22,68 Kg.)",2022-07,95
11,PASDEAA01,"Azúcar Antihumedad (Saco 22,68 Kg.)",2022-08,98
11,PASDEAA01,"Azúcar Antihumedad (Saco 22,68 Kg.)",2022-09,74
11,PASDEAA01,"Azúcar Antihumedad (Saco 22,68 Kg.)",2022-10,90
11,PASDEAA01,"Azúcar Antihumedad (Saco 22,68 Kg.)",2022-11,118
11,PASDEAA01,"Azúcar Antihumedad (Saco 22,68 Kg.)",2022-12,22
11,PASDEAA01,"Azúcar Antihumedad (Saco 22,68 Kg.)",2023-01,78
11,PASDEAA01,"Azúcar Antihumedad (Saco 22,68 Kg.)",2023-02,84
11,PASDEAA01,"Azúcar Antihumedad (Saco 22,68 Kg.)",2023-03,15
11,PASDEAA01,"Azúcar Antihumedad (Saco 22,68 Kg.)",2023-04,28
11,PASDEAA01,"Azúcar Antihumedad (Saco 22,68 Kg.)",2023-05,77
11,PASDEAA01,"Azúcar Antihumedad (Saco 22,68 Kg.)",2023-06,137
11,PASDEAA01,"Azúcar Antihumedad (Saco 22,68 Kg.)",2023-07,48
11,PASDEAA01,"Azúcar Antihumedad (Saco 22,68 Kg.)",2023-08,96
11,PASDEAA01,"Azúcar Antihumedad (Saco 22,68 Kg.)",2023-09,89
11,PASDEAA01,"Azúcar Antihumedad (Saco 22,68 Kg.)",2023-10,102
11,PASDEAA01,"Azúcar Antihumedad (Saco 22,68 Kg.)",2023-11,13
11,PASDEAA01,"Azúcar Antihumedad (Saco 22,68 Kg.)",2023-12,68
11,PASDEAA01,"Azúcar Antihumedad (Saco 22,68 Kg.)",2024-01,108
11,PASDEAA01,"Azúcar Antihumedad (Saco 22,68 Kg.)",2024-02,26
11,PASDEAA01,"Azúcar Antihumedad (Saco 22,68 Kg.)",2024-03,53
11,PASDEAA01,"Azúcar Antihumedad (Saco 22,68 Kg.)",2024-04,102
11,PASDEAA01,"Azúcar Antihumedad (Saco 22,68 Kg.)",2024-05,53
11,PASDEAA01,"Azúcar Antihumedad (Saco 22,68 Kg.)",2024-06,166
11,PASDEAA01,"Azúcar Antihumedad (Saco 22,68 Kg.)",2024-07,100
11,PASDEAA01,"Azúcar Antihumedad (Saco 22,68 Kg.)",2024-08,101
11,PASDEAA01,"Azúcar Antihumedad (Saco 22,68 Kg.)",2024-09,108
11,PASDEAA01,"Azúcar Antihumedad (Saco 22,68 Kg.)",2024-10,64
11,PASDEAA01,"Azúcar Antihumedad (Saco 22,68 Kg.)",2024-11,54
11,PASDEAA01,"Azúcar Antihumedad (Saco 22,68 Kg.)",2024-12,64
11,PASDEAA01,"Azúcar Antihumedad (Saco 22,68 Kg.)",2025-01,91
11,PASDEAA01,"Azúcar Antihumedad (Saco 22,68 Kg.)",2025-02,64
11,PASDEAA01,"Azúcar Antihumedad (Saco 22,68 Kg.)",2025-03,34
11,PASDEAA01,"Azúcar Antihumedad (Saco 22,68 Kg.)",2025-04,63
11,PASDEAA01,"Azúcar Antihumedad (Saco 22,68 Kg.)",2025-05,117
11,PASDEAA01,"Azúcar Antihumedad (Saco 22,68 Kg.)",2025-06,36
11,PASDEAA01,"Azúcar Antihumedad (Saco 22,68 Kg.)",2025-07,45
11,PASDEAA01,"Azúcar Antihumedad (Saco 22,68 Kg.)",2025-08,93
11,PASDEAA01,"Azúcar Antihumedad (Saco 22,68 Kg.)",2025-09,77
11,PASDEAA01,"Azúcar Antihumedad (Saco 22,68 Kg.)",2025-10,75
11,PASDEAA01,"Azúcar Antihumedad (Saco 22,68 Kg.)",2025-11,82
11,PASDEAA01,"Azúcar Antihumedad (Saco 22,68 Kg.)",2025-12,47
11,PASDEAA01,"Azúcar Antihumedad (Saco 22,68 Kg.)",2026-01,51
11,PASDEAA01,"Azúcar Antihumedad (Saco 22,68 Kg.)",2026-02,31
11,PASDEAA01,"Azúcar Antihumedad (Saco 22,68 Kg.)",2026-03,64
11,PASDEAA01,"Azúcar Antihumedad (Saco 22,68 Kg.)",2026-04,57
11,PASDEAA01,"Azúcar Antihumedad (Saco 22,68 Kg.)",2026-05,44
11,PASDEAA01,"Azúcar Antihumedad (Saco 22,68 Kg.)",2026-06,31
11,PASDEAA02,"Azúcar Antihumedad (Bolsa 5 Kg.)",2022-05,288
11,PASDEAA02,"Azúcar Antihumedad (Bolsa 5 Kg.)",2022-06,275
11,PASDEAA02,"Azúcar Antihumedad (Bolsa 5 Kg.)",2022-07,467
11,PASDEAA02,"Azúcar Antihumedad (Bolsa 5 Kg.)",2022-08,416
11,PASDEAA02,"Azúcar Antihumedad (Bolsa 5 Kg.)",2022-09,317
11,PASDEAA02,"Azúcar Antihumedad (Bolsa 5 Kg.)",2022-10,320
11,PASDEAA02,"Azúcar Antihumedad (Bolsa 5 Kg.)",2022-11,174
11,PASDEAA02,"Azúcar Antihumedad (Bolsa 5 Kg.)",2022-12,412
11,PASDEAA02,"Azúcar Antihumedad (Bolsa 5 Kg.)",2023-01,208
11,PASDEAA02,"Azúcar Antihumedad (Bolsa 5 Kg.)",2023-02,124
11,PASDEAA02,"Azúcar Antihumedad (Bolsa 5 Kg.)",2023-03,339
11,PASDEAA02,"Azúcar Antihumedad (Bolsa 5 Kg.)",2023-04,338
11,PASDEAA02,"Azúcar Antihumedad (Bolsa 5 Kg.)",2023-05,322
11,PASDEAA02,"Azúcar Antihumedad (Bolsa 5 Kg.)",2023-06,168
11,PASDEAA02,"Azúcar Antihumedad (Bolsa 5 Kg.)",2023-07,451
11,PASDEAA02,"Azúcar Antihumedad (Bolsa 5 Kg.)",2023-08,329
11,PASDEAA02,"Azúcar Antihumedad (Bolsa 5 Kg.)",2023-09,440
11,PASDEAA02,"Azúcar Antihumedad (Bolsa 5 Kg.)",2023-10,251
11,PASDEAA02,"Azúcar Antihumedad (Bolsa 5 Kg.)",2023-11,220
11,PASDEAA02,"Azúcar Antihumedad (Bolsa 5 Kg.)",2023-12,163
11,PASDEAA02,"Azúcar Antihumedad (Bolsa 5 Kg.)",2024-01,117
11,PASDEAA02,"Azúcar Antihumedad (Bolsa 5 Kg.)",2024-02,129
11,PASDEAA02,"Azúcar Antihumedad (Bolsa 5 Kg.)",2024-03,144
11,PASDEAA02,"Azúcar Antihumedad (Bolsa 5 Kg.)",2024-04,235
11,PASDEAA02,"Azúcar Antihumedad (Bolsa 5 Kg.)",2024-05,207
11,PASDEAA02,"Azúcar Antihumedad (Bolsa 5 Kg.)",2024-06,137
11,PASDEAA02,"Azúcar Antihumedad (Bolsa 5 Kg.)",2024-07,222
11,PASDEAA02,"Azúcar Antihumedad (Bolsa 5 Kg.)",2024-08,187
11,PASDEAA02,"Azúcar Antihumedad (Bolsa 5 Kg.)",2024-09,190
11,PASDEAA02,"Azúcar Antihumedad (Bolsa 5 Kg.)",2024-10,166
11,PASDEAA02,"Azúcar Antihumedad (Bolsa 5 Kg.)",2024-11,215
11,PASDEAA02,"Azúcar Antihumedad (Bolsa 5 Kg.)",2024-12,171
11,PASDEAA02,"Azúcar Antihumedad (Bolsa 5 Kg.)",2025-01,169
11,PASDEAA02,"Azúcar Antihumedad (Bolsa 5 Kg.)",2025-02,90
11,PASDEAA02,"Azúcar Antihumedad (Bolsa 5 Kg.)",2025-03,162
11,PASDEAA02,"Azúcar Antihumedad (Bolsa 5 Kg.)",2025-04,267
11,PASDEAA02,"Azúcar Antihumedad (Bolsa 5 Kg.)",2025-05,102
11,PASDEAA02,"Azúcar Antihumedad (Bolsa 5 Kg.)",2025-06,240
11,PASDEAA02,"Azúcar Antihumedad (Bolsa 5 Kg.)",2025-07,199
11,PASDEAA02,"Azúcar Antihumedad (Bolsa 5 Kg.)",2025-08,184
11,PASDEAA02,"Azúcar Antihumedad (Bolsa 5 Kg.)",2025-09,194
11,PASDEAA02,"Azúcar Antihumedad (Bolsa 5 Kg.)",2025-10,220
11,PASDEAA02,"Azúcar Antihumedad (Bolsa 5 Kg.)",2025-11,97
11,PASDEAA02,"Azúcar Antihumedad (Bolsa 5 Kg.)",2025-12,66
11,PASDEAA02,"Azúcar Antihumedad (Bolsa 5 Kg.)",2026-01,243
11,PASDEAA02,"Azúcar Antihumedad (Bolsa 5 Kg.)",2026-02,74
11,PASDEAA02,"Azúcar Antihumedad (Bolsa 5 Kg.)",2026-03,89
11,PASDEAA02,"Azúcar Antihumedad (Bolsa 5 Kg.)",2026-04,215
11,PASDEAA02,"Azúcar Antihumedad (Bolsa 5 Kg.)",2026-05,127
11,PASDEAA02,"Azúcar Antihumedad (Bolsa 5 Kg.)",2026-06,251
11,PASDEAG01,"Azúcar Granulado Amarillo (Bolsa 1 Kg.)",2022-05,9
11,PASDEAG01,"Azúcar Granulado Amarillo (Bolsa 1 Kg.)",2022-06,1
11,PASDEAG01,"Azúcar Granulado Amarillo (Bolsa 1 Kg.)",2022-07,2
11,PASDEAG01,"Azúcar Granulado Amarillo (Bolsa 1 Kg.)",2022-08,2
11,PASDEAG01,"Azúcar Granulado Amarillo (Bolsa 1 Kg.)",2022-09,12
11,PASDEAG01,"Azúcar Granulado Amarillo (Bolsa 1 Kg.)",2022-10,5
11,PASDEAG01,"Azúcar Granulado Amarillo (Bolsa 1 Kg.)",2022-11,1
11,PASDEAG01,"Azúcar Granulado Amarillo (Bolsa 1 Kg.)",2023-01,5
11,PASDEAG01,"Azúcar Granulado Amarillo (Bolsa 1 Kg.)",2023-04,10
11,PASDEAG01,"Azúcar Granulado Amarillo (Bolsa 1 Kg.)",2023-05,11
11,PASDEAG01,"Azúcar Granulado Amarillo (Bolsa 1 Kg.)",2023-06,5
11,PASDEAG01,"Azúcar Granulado Amarillo (Bolsa 1 Kg.)",2023-07,11
11,PASDEAG01,"Azúcar Granulado Amarillo (Bolsa 1 Kg.)",2023-09,7
11,PASDEAG01,"Azúcar Granulado Amarillo (Bolsa 1 Kg.)",2023-11,6
11,PASDEAG01,"Azúcar Granulado Amarillo (Bolsa 1 Kg.)",2024-01,10
11,PASDEAG01,"Azúcar Granulado Amarillo (Bolsa 1 Kg.)",2024-02,11
11,PASDEAG01,"Azúcar Granulado Amarillo (Bolsa 1 Kg.)",2024-03,10
11,PASDEAG01,"Azúcar Granulado Amarillo (Bolsa 1 Kg.)",2024-05,4
11,PASDEAG01,"Azúcar Granulado Amarillo (Bolsa 1 Kg.)",2024-06,2
11,PASDEAG01,"Azúcar Granulado Amarillo (Bolsa 1 Kg.)",2024-07,1
11,PASDEAG01,"Azúcar Granulado Amarillo (Bolsa 1 Kg.)",2024-08,20
11,PASDEAG01,"Azúcar Granulado Amarillo (Bolsa 1 Kg.)",2024-10,2
11,PASDEAG01,"Azúcar Granulado Amarillo (Bolsa 1 Kg.)",2024-11,10
11,PASDEAG01,"Azúcar Granulado Amarillo (Bolsa 1 Kg.)",2024-12,1
11,PASDEAG01,"Azúcar Granulado Amarillo (Bolsa 1 Kg.)",2025-02,5
11,PASDEAG01,"Azúcar Granulado Amarillo (Bolsa 1 Kg.)",2025-05,5
11,PASDEAG01,"Azúcar Granulado Amarillo (Bolsa 1 Kg.)",2025-06,15
11,PASDEAG01,"Azúcar Granulado Amarillo (Bolsa 1 Kg.)",2025-08,1
11,PASDEAG01,"Azúcar Granulado Amarillo (Bolsa 1 Kg.)",2025-09,4
11,PASDEAG01,"Azúcar Granulado Amarillo (Bolsa 1 Kg.)",2025-11,5
11,PASDEAG01,"Azúcar Granulado Amarillo (Bolsa 1 Kg.)",2026-06,3
11,PASDEAG02,"Azúcar Granulado Blanco (Bolsa 1 Kg.)",2022-05,20
11,PASDEAG02,"Azúcar Granulado Blanco (Bolsa 1 Kg.)",2022-06,60
11,PASDEAG02,"Azúcar Granulado Blanco (Bolsa 1 Kg.)",2022-08,50
11,PASDEAG02,"Azúcar Granulado Blanco (Bolsa 1 Kg.)",2022-09,65
11,PASDEAG02,"Azúcar Granulado Blanco (Bolsa 1 Kg.)",2022-10,25
11,PASDEAG02,"Azúcar Granulado Blanco (Bolsa 1 Kg.)",2022-11,56
11,PASDEAG02,"Azúcar Granulado Blanco (Bolsa 1 Kg.)",2022-12,35
11,PASDEAG02,"Azúcar Granulado Blanco (Bolsa 1 Kg.)",2023-01,35
11,PASDEAG02,"Azúcar Granulado Blanco (Bolsa 1 Kg.)",2023-02,26
11,PASDEAG02,"Azúcar Granulado Blanco (Bolsa 1 Kg.)",2023-03,50
11,PASDEAG02,"Azúcar Granulado Blanco (Bolsa 1 Kg.)",2023-04,59
11,PASDEAG02,"Azúcar Granulado Blanco (Bolsa 1 Kg.)",2023-05,70
11,PASDEAG02,"Azúcar Granulado Blanco (Bolsa 1 Kg.)",2023-06,81
11,PASDEAG02,"Azúcar Granulado Blanco (Bolsa 1 Kg.)",2023-07,116
11,PASDEAG02,"Azúcar Granulado Blanco (Bolsa 1 Kg.)",2023-08,36
11,PASDEAG02,"Azúcar Granulado Blanco (Bolsa 1 Kg.)",2023-09,45
11,PASDEAG02,"Azúcar Granulado Blanco (Bolsa 1 Kg.)",2023-10,71
11,PASDEAG02,"Azúcar Granulado Blanco (Bolsa 1 Kg.)",2023-11,66
11,PASDEAG02,"Azúcar Granulado Blanco (Bolsa 1 Kg.)",2023-12,53
11,PASDEAG02,"Azúcar Granulado Blanco (Bolsa 1 Kg.)",2024-01,168
11,PASDEAG02,"Azúcar Granulado Blanco (Bolsa 1 Kg.)",2024-02,250
11,PASDEAG02,"Azúcar Granulado Blanco (Bolsa 1 Kg.)",2024-03,45
11,PASDEAG02,"Azúcar Granulado Blanco (Bolsa 1 Kg.)",2024-04,71
11,PASDEAG02,"Azúcar Granulado Blanco (Bolsa 1 Kg.)",2024-05,121
11,PASDEAG02,"Azúcar Granulado Blanco (Bolsa 1 Kg.)",2024-06,70
11,PASDEAG02,"Azúcar Granulado Blanco (Bolsa 1 Kg.)",2024-07,61
11,PASDEAG02,"Azúcar Granulado Blanco (Bolsa 1 Kg.)",2024-08,160
11,PASDEAG02,"Azúcar Granulado Blanco (Bolsa 1 Kg.)",2024-09,105
11,PASDEAG02,"Azúcar Granulado Blanco (Bolsa 1 Kg.)",2024-10,123
11,PASDEAG02,"Azúcar Granulado Blanco (Bolsa 1 Kg.)",2024-11,71
11,PASDEAG02,"Azúcar Granulado Blanco (Bolsa 1 Kg.)",2024-12,105
11,PASDEAG02,"Azúcar Granulado Blanco (Bolsa 1 Kg.)",2025-01,16
11,PASDEAG02,"Azúcar Granulado Blanco (Bolsa 1 Kg.)",2025-02,25
11,PASDEAG02,"Azúcar Granulado Blanco (Bolsa 1 Kg.)",2025-03,40
11,PASDEAG02,"Azúcar Granulado Blanco (Bolsa 1 Kg.)",2025-04,140
11,PASDEAG02,"Azúcar Granulado Blanco (Bolsa 1 Kg.)",2025-05,70
11,PASDEAG02,"Azúcar Granulado Blanco (Bolsa 1 Kg.)",2025-06,105
11,PASDEAG02,"Azúcar Granulado Blanco (Bolsa 1 Kg.)",2025-07,63
11,PASDEAG02,"Azúcar Granulado Blanco (Bolsa 1 Kg.)",2025-08,68
11,PASDEAG02,"Azúcar Granulado Blanco (Bolsa 1 Kg.)",2025-09,98
11,PASDEAG02,"Azúcar Granulado Blanco (Bolsa 1 Kg.)",2025-10,62
11,PASDEAG02,"Azúcar Granulado Blanco (Bolsa 1 Kg.)",2025-11,70
11,PASDEAG02,"Azúcar Granulado Blanco (Bolsa 1 Kg.)",2025-12,88
11,PASDEAG02,"Azúcar Granulado Blanco (Bolsa 1 Kg.)",2026-01,61
11,PASDEAG02,"Azúcar Granulado Blanco (Bolsa 1 Kg.)",2026-02,40
11,PASDEAG02,"Azúcar Granulado Blanco (Bolsa 1 Kg.)",2026-03,65
11,PASDEAG02,"Azúcar Granulado Blanco (Bolsa 1 Kg.)",2026-04,59
11,PASDEAG02,"Azúcar Granulado Blanco (Bolsa 1 Kg.)",2026-05,81
11,PASDEAG02,"Azúcar Granulado Blanco (Bolsa 1 Kg.)",2026-06,204
11,PASDEAG03,"Azúcar Granulado Celeste (Bolsa 1 Kg.)",2022-05,6
11,PASDEAG03,"Azúcar Granulado Celeste (Bolsa 1 Kg.)",2022-06,1
11,PASDEAG03,"Azúcar Granulado Celeste (Bolsa 1 Kg.)",2022-08,7
11,PASDEAG03,"Azúcar Granulado Celeste (Bolsa 1 Kg.)",2022-09,10
11,PASDEAG03,"Azúcar Granulado Celeste (Bolsa 1 Kg.)",2022-11,1
11,PASDEAG03,"Azúcar Granulado Celeste (Bolsa 1 Kg.)",2023-04,14
11,PASDEAG03,"Azúcar Granulado Celeste (Bolsa 1 Kg.)",2023-05,1
11,PASDEAG03,"Azúcar Granulado Celeste (Bolsa 1 Kg.)",2023-07,11
11,PASDEAG03,"Azúcar Granulado Celeste (Bolsa 1 Kg.)",2023-08,20
11,PASDEAG03,"Azúcar Granulado Celeste (Bolsa 1 Kg.)",2023-09,2
11,PASDEAG03,"Azúcar Granulado Celeste (Bolsa 1 Kg.)",2023-10,2
11,PASDEAG03,"Azúcar Granulado Celeste (Bolsa 1 Kg.)",2023-11,7
11,PASDEAG03,"Azúcar Granulado Celeste (Bolsa 1 Kg.)",2023-12,-3
11,PASDEAG03,"Azúcar Granulado Celeste (Bolsa 1 Kg.)",2024-01,10
11,PASDEAG03,"Azúcar Granulado Celeste (Bolsa 1 Kg.)",2024-02,6
11,PASDEAG03,"Azúcar Granulado Celeste (Bolsa 1 Kg.)",2024-03,2
11,PASDEAG03,"Azúcar Granulado Celeste (Bolsa 1 Kg.)",2024-04,12
11,PASDEAG03,"Azúcar Granulado Celeste (Bolsa 1 Kg.)",2024-05,7
11,PASDEAG03,"Azúcar Granulado Celeste (Bolsa 1 Kg.)",2024-08,17
11,PASDEAG03,"Azúcar Granulado Celeste (Bolsa 1 Kg.)",2024-09,1
11,PASDEAG03,"Azúcar Granulado Celeste (Bolsa 1 Kg.)",2024-10,1
11,PASDEAG03,"Azúcar Granulado Celeste (Bolsa 1 Kg.)",2024-11,3
11,PASDEAG03,"Azúcar Granulado Celeste (Bolsa 1 Kg.)",2025-01,3
11,PASDEAG03,"Azúcar Granulado Celeste (Bolsa 1 Kg.)",2025-02,2
11,PASDEAG03,"Azúcar Granulado Celeste (Bolsa 1 Kg.)",2025-06,3
11,PASDEAG03,"Azúcar Granulado Celeste (Bolsa 1 Kg.)",2025-08,1
11,PASDEAG03,"Azúcar Granulado Celeste (Bolsa 1 Kg.)",2025-09,5
11,PASDEAG03,"Azúcar Granulado Celeste (Bolsa 1 Kg.)",2025-10,1
11,PASDEAG03,"Azúcar Granulado Celeste (Bolsa 1 Kg.)",2025-11,2
11,PASDEAG03,"Azúcar Granulado Celeste (Bolsa 1 Kg.)",2026-01,1
11,PASDEAG03,"Azúcar Granulado Celeste (Bolsa 1 Kg.)",2026-02,3
11,PASDEAG03,"Azúcar Granulado Celeste (Bolsa 1 Kg.)",2026-03,1
11,PASDEAG03,"Azúcar Granulado Celeste (Bolsa 1 Kg.)",2026-05,40
11,PASDEAG03,"Azúcar Granulado Celeste (Bolsa 1 Kg.)",2026-06,-24
11,PASDEAG04,"Azúcar Granulado Rosado (Bolsa 1 Kg.)",2022-05,8
11,PASDEAG04,"Azúcar Granulado Rosado (Bolsa 1 Kg.)",2022-06,1
11,PASDEAG04,"Azúcar Granulado Rosado (Bolsa 1 Kg.)",2022-07,2
11,PASDEAG04,"Azúcar Granulado Rosado (Bolsa 1 Kg.)",2022-08,7
11,PASDEAG04,"Azúcar Granulado Rosado (Bolsa 1 Kg.)",2022-09,15
11,PASDEAG04,"Azúcar Granulado Rosado (Bolsa 1 Kg.)",2022-11,1
11,PASDEAG04,"Azúcar Granulado Rosado (Bolsa 1 Kg.)",2023-01,20
11,PASDEAG04,"Azúcar Granulado Rosado (Bolsa 1 Kg.)",2023-02,5
11,PASDEAG04,"Azúcar Granulado Rosado (Bolsa 1 Kg.)",2023-04,14
11,PASDEAG04,"Azúcar Granulado Rosado (Bolsa 1 Kg.)",2023-05,19
11,PASDEAG04,"Azúcar Granulado Rosado (Bolsa 1 Kg.)",2023-06,1
11,PASDEAG04,"Azúcar Granulado Rosado (Bolsa 1 Kg.)",2023-07,16
11,PASDEAG04,"Azúcar Granulado Rosado (Bolsa 1 Kg.)",2023-08,16
11,PASDEAG04,"Azúcar Granulado Rosado (Bolsa 1 Kg.)",2023-09,7
11,PASDEAG04,"Azúcar Granulado Rosado (Bolsa 1 Kg.)",2023-10,12
11,PASDEAG04,"Azúcar Granulado Rosado (Bolsa 1 Kg.)",2023-11,7
11,PASDEAG04,"Azúcar Granulado Rosado (Bolsa 1 Kg.)",2023-12,-2
11,PASDEAG04,"Azúcar Granulado Rosado (Bolsa 1 Kg.)",2024-01,92
11,PASDEAG04,"Azúcar Granulado Rosado (Bolsa 1 Kg.)",2024-02,146
11,PASDEAG04,"Azúcar Granulado Rosado (Bolsa 1 Kg.)",2024-03,3
11,PASDEAG04,"Azúcar Granulado Rosado (Bolsa 1 Kg.)",2024-04,3
11,PASDEAG04,"Azúcar Granulado Rosado (Bolsa 1 Kg.)",2024-05,7
11,PASDEAG04,"Azúcar Granulado Rosado (Bolsa 1 Kg.)",2024-07,1
11,PASDEAG04,"Azúcar Granulado Rosado (Bolsa 1 Kg.)",2024-08,2
11,PASDEAG04,"Azúcar Granulado Rosado (Bolsa 1 Kg.)",2024-09,1
11,PASDEAG04,"Azúcar Granulado Rosado (Bolsa 1 Kg.)",2024-11,3
11,PASDEAG04,"Azúcar Granulado Rosado (Bolsa 1 Kg.)",2025-01,24
11,PASDEAG04,"Azúcar Granulado Rosado (Bolsa 1 Kg.)",2025-02,32
11,PASDEAG04,"Azúcar Granulado Rosado (Bolsa 1 Kg.)",2025-03,10
11,PASDEAG04,"Azúcar Granulado Rosado (Bolsa 1 Kg.)",2025-04,10
11,PASDEAG04,"Azúcar Granulado Rosado (Bolsa 1 Kg.)",2025-05,5
11,PASDEAG04,"Azúcar Granulado Rosado (Bolsa 1 Kg.)",2025-06,13
11,PASDEAG04,"Azúcar Granulado Rosado (Bolsa 1 Kg.)",2025-08,1
11,PASDEAG04,"Azúcar Granulado Rosado (Bolsa 1 Kg.)",2025-09,26
11,PASDEAG04,"Azúcar Granulado Rosado (Bolsa 1 Kg.)",2025-10,67
11,PASDEAG04,"Azúcar Granulado Rosado (Bolsa 1 Kg.)",2025-11,500
11,PASDEAG04,"Azúcar Granulado Rosado (Bolsa 1 Kg.)",2025-12,-1
11,PASDEAG04,"Azúcar Granulado Rosado (Bolsa 1 Kg.)",2026-03,2
11,PASDEAG04,"Azúcar Granulado Rosado (Bolsa 1 Kg.)",2026-04,31
11,PASDEAG04,"Azúcar Granulado Rosado (Bolsa 1 Kg.)",2026-05,40
11,PASDEAG04,"Azúcar Granulado Rosado (Bolsa 1 Kg.)",2026-06,2
11,PASDEAG05,"Azúcar Granulado Verde (Bolsa 1 Kg.)",2022-05,6
11,PASDEAG05,"Azúcar Granulado Verde (Bolsa 1 Kg.)",2022-06,1
11,PASDEAG05,"Azúcar Granulado Verde (Bolsa 1 Kg.)",2022-08,2
11,PASDEAG05,"Azúcar Granulado Verde (Bolsa 1 Kg.)",2022-09,2
11,PASDEAG05,"Azúcar Granulado Verde (Bolsa 1 Kg.)",2022-11,1
11,PASDEAG05,"Azúcar Granulado Verde (Bolsa 1 Kg.)",2023-04,10
11,PASDEAG05,"Azúcar Granulado Verde (Bolsa 1 Kg.)",2023-05,5
11,PASDEAG05,"Azúcar Granulado Verde (Bolsa 1 Kg.)",2023-07,6
11,PASDEAG05,"Azúcar Granulado Verde (Bolsa 1 Kg.)",2023-08,1
11,PASDEAG05,"Azúcar Granulado Verde (Bolsa 1 Kg.)",2023-09,2
11,PASDEAG05,"Azúcar Granulado Verde (Bolsa 1 Kg.)",2023-11,3
11,PASDEAG05,"Azúcar Granulado Verde (Bolsa 1 Kg.)",2023-12,2
11,PASDEAG05,"Azúcar Granulado Verde (Bolsa 1 Kg.)",2024-02,6
11,PASDEAG05,"Azúcar Granulado Verde (Bolsa 1 Kg.)",2024-03,3
11,PASDEAG05,"Azúcar Granulado Verde (Bolsa 1 Kg.)",2024-04,10
11,PASDEAG05,"Azúcar Granulado Verde (Bolsa 1 Kg.)",2024-05,4
11,PASDEAG05,"Azúcar Granulado Verde (Bolsa 1 Kg.)",2024-08,3
11,PASDEAG05,"Azúcar Granulado Verde (Bolsa 1 Kg.)",2024-10,1
11,PASDEAG05,"Azúcar Granulado Verde (Bolsa 1 Kg.)",2024-11,5
11,PASDEAG05,"Azúcar Granulado Verde (Bolsa 1 Kg.)",2025-03,10
11,PASDEAG05,"Azúcar Granulado Verde (Bolsa 1 Kg.)",2025-06,3
11,PASDEAG05,"Azúcar Granulado Verde (Bolsa 1 Kg.)",2025-08,1
11,PASDEAG05,"Azúcar Granulado Verde (Bolsa 1 Kg.)",2025-09,24
11,PASDEAG05,"Azúcar Granulado Verde (Bolsa 1 Kg.)",2025-10,3
11,PASDEAG05,"Azúcar Granulado Verde (Bolsa 1 Kg.)",2025-11,1
11,PASDEAG05,"Azúcar Granulado Verde (Bolsa 1 Kg.)",2026-02,2
11,PASDEAG05,"Azúcar Granulado Verde (Bolsa 1 Kg.)",2026-06,3
11,PASDECC01,"Coco Rallado (Saco 25 Kg.)",2022-05,229
11,PASDECC01,"Coco Rallado (Saco 25 Kg.)",2022-06,297
11,PASDECC01,"Coco Rallado (Saco 25 Kg.)",2022-07,130
11,PASDECC01,"Coco Rallado (Saco 25 Kg.)",2022-08,227
11,PASDECC01,"Coco Rallado (Saco 25 Kg.)",2022-09,146
11,PASDECC01,"Coco Rallado (Saco 25 Kg.)",2022-10,185
11,PASDECC01,"Coco Rallado (Saco 25 Kg.)",2022-11,158
11,PASDECC01,"Coco Rallado (Saco 25 Kg.)",2022-12,161
11,PASDECC01,"Coco Rallado (Saco 25 Kg.)",2023-01,117
11,PASDECC01,"Coco Rallado (Saco 25 Kg.)",2023-02,107
11,PASDECC01,"Coco Rallado (Saco 25 Kg.)",2023-03,128
11,PASDECC01,"Coco Rallado (Saco 25 Kg.)",2023-04,388
11,PASDECC01,"Coco Rallado (Saco 25 Kg.)",2023-05,184
11,PASDECC01,"Coco Rallado (Saco 25 Kg.)",2023-06,165
11,PASDECC01,"Coco Rallado (Saco 25 Kg.)",2023-07,115
11,PASDECC01,"Coco Rallado (Saco 25 Kg.)",2023-08,523
11,PASDECC01,"Coco Rallado (Saco 25 Kg.)",2023-09,362
11,PASDECC01,"Coco Rallado (Saco 25 Kg.)",2023-10,200
11,PASDECC01,"Coco Rallado (Saco 25 Kg.)",2023-12,28
11,PASDECC01,"Coco Rallado (Saco 25 Kg.)",2024-01,142
11,PASDECC01,"Coco Rallado (Saco 25 Kg.)",2024-02,112
11,PASDECC01,"Coco Rallado (Saco 25 Kg.)",2024-03,136
11,PASDECC01,"Coco Rallado (Saco 25 Kg.)",2024-04,46
11,PASDECC01,"Coco Rallado (Saco 25 Kg.)",2024-05,137
11,PASDECC01,"Coco Rallado (Saco 25 Kg.)",2024-06,142
11,PASDECC01,"Coco Rallado (Saco 25 Kg.)",2024-07,195
11,PASDECC01,"Coco Rallado (Saco 25 Kg.)",2024-08,260
11,PASDECC01,"Coco Rallado (Saco 25 Kg.)",2024-09,301
11,PASDECC01,"Coco Rallado (Saco 25 Kg.)",2024-10,337
11,PASDECC01,"Coco Rallado (Saco 25 Kg.)",2024-11,122
11,PASDECC01,"Coco Rallado (Saco 25 Kg.)",2024-12,117
11,PASDECC01,"Coco Rallado (Saco 25 Kg.)",2025-01,61
11,PASDECC01,"Coco Rallado (Saco 25 Kg.)",2025-02,310
11,PASDECC01,"Coco Rallado (Saco 25 Kg.)",2025-03,207
11,PASDECC01,"Coco Rallado (Saco 25 Kg.)",2025-04,367
11,PASDECC01,"Coco Rallado (Saco 25 Kg.)",2025-05,89
11,PASDECC01,"Coco Rallado (Saco 25 Kg.)",2025-06,503
11,PASDECC01,"Coco Rallado (Saco 25 Kg.)",2025-07,269
11,PASDECC01,"Coco Rallado (Saco 25 Kg.)",2025-08,270
11,PASDECC01,"Coco Rallado (Saco 25 Kg.)",2025-10,345
11,PASDECC01,"Coco Rallado (Saco 25 Kg.)",2025-11,249
11,PASDECC01,"Coco Rallado (Saco 25 Kg.)",2025-12,93
11,PASDECC01,"Coco Rallado (Saco 25 Kg.)",2026-01,29
11,PASDECC01,"Coco Rallado (Saco 25 Kg.)",2026-02,32
11,PASDECC01,"Coco Rallado (Saco 25 Kg.)",2026-03,60
11,PASDECC01,"Coco Rallado (Saco 25 Kg.)",2026-04,270
11,PASDECC01,"Coco Rallado (Saco 25 Kg.)",2026-05,58
11,PASDECC01,"Coco Rallado (Saco 25 Kg.)",2026-06,42
11,PASDECC03,"Coco Rallado (Saco 22,68 Kg.)",2022-05,7
11,PASDECC03,"Coco Rallado (Saco 22,68 Kg.)",2022-06,1
11,PASDECC03,"Coco Rallado (Saco 22,68 Kg.)",2022-07,1
11,PASDECE03,"Cereal B/N Micro Power Ball (Caja 3x2 Kg.)",2022-05,34
11,PASDECE03,"Cereal B/N Micro Power Ball (Caja 3x2 Kg.)",2022-06,36
11,PASDECE03,"Cereal B/N Micro Power Ball (Caja 3x2 Kg.)",2022-07,57
11,PASDECE03,"Cereal B/N Micro Power Ball (Caja 3x2 Kg.)",2022-08,61
11,PASDECE03,"Cereal B/N Micro Power Ball (Caja 3x2 Kg.)",2022-09,52
11,PASDECE03,"Cereal B/N Micro Power Ball (Caja 3x2 Kg.)",2022-10,149
11,PASDECE03,"Cereal B/N Micro Power Ball (Caja 3x2 Kg.)",2022-11,29
11,PASDECE03,"Cereal B/N Micro Power Ball (Caja 3x2 Kg.)",2022-12,3
11,PASDECE03,"Cereal B/N Micro Power Ball (Caja 3x2 Kg.)",2023-01,39
11,PASDECE03,"Cereal B/N Micro Power Ball (Caja 3x2 Kg.)",2023-03,88
11,PASDECE03,"Cereal B/N Micro Power Ball (Caja 3x2 Kg.)",2023-04,60
11,PASDECE03,"Cereal B/N Micro Power Ball (Caja 3x2 Kg.)",2023-07,159
11,PASDECE03,"Cereal B/N Micro Power Ball (Caja 3x2 Kg.)",2023-08,105
11,PASDECE03,"Cereal B/N Micro Power Ball (Caja 3x2 Kg.)",2023-09,59
11,PASDECE03,"Cereal B/N Micro Power Ball (Caja 3x2 Kg.)",2023-10,66
11,PASDECE03,"Cereal B/N Micro Power Ball (Caja 3x2 Kg.)",2023-11,127
11,PASDECE03,"Cereal B/N Micro Power Ball (Caja 3x2 Kg.)",2023-12,81
11,PASDECE03,"Cereal B/N Micro Power Ball (Caja 3x2 Kg.)",2024-01,48
11,PASDECE03,"Cereal B/N Micro Power Ball (Caja 3x2 Kg.)",2024-02,47
11,PASDECE03,"Cereal B/N Micro Power Ball (Caja 3x2 Kg.)",2024-03,83
11,PASDECE03,"Cereal B/N Micro Power Ball (Caja 3x2 Kg.)",2024-04,72
11,PASDECE03,"Cereal B/N Micro Power Ball (Caja 3x2 Kg.)",2024-05,125
11,PASDECE03,"Cereal B/N Micro Power Ball (Caja 3x2 Kg.)",2024-06,50
11,PASDECE03,"Cereal B/N Micro Power Ball (Caja 3x2 Kg.)",2024-07,97
11,PASDECE03,"Cereal B/N Micro Power Ball (Caja 3x2 Kg.)",2024-08,106
11,PASDECE03,"Cereal B/N Micro Power Ball (Caja 3x2 Kg.)",2024-09,59
11,PASDECE03,"Cereal B/N Micro Power Ball (Caja 3x2 Kg.)",2024-10,103
11,PASDECE03,"Cereal B/N Micro Power Ball (Caja 3x2 Kg.)",2024-11,83
11,PASDECE03,"Cereal B/N Micro Power Ball (Caja 3x2 Kg.)",2024-12,78
11,PASDECE03,"Cereal B/N Micro Power Ball (Caja 3x2 Kg.)",2025-01,53
11,PASDECE03,"Cereal B/N Micro Power Ball (Caja 3x2 Kg.)",2025-02,51
11,PASDECE03,"Cereal B/N Micro Power Ball (Caja 3x2 Kg.)",2025-03,90
11,PASDECE03,"Cereal B/N Micro Power Ball (Caja 3x2 Kg.)",2025-04,60
11,PASDECE03,"Cereal B/N Micro Power Ball (Caja 3x2 Kg.)",2025-05,109
11,PASDECE03,"Cereal B/N Micro Power Ball (Caja 3x2 Kg.)",2025-06,105
11,PASDECE03,"Cereal B/N Micro Power Ball (Caja 3x2 Kg.)",2025-07,72
11,PASDECE03,"Cereal B/N Micro Power Ball (Caja 3x2 Kg.)",2025-08,153
11,PASDECE03,"Cereal B/N Micro Power Ball (Caja 3x2 Kg.)",2025-09,72
11,PASDECE03,"Cereal B/N Micro Power Ball (Caja 3x2 Kg.)",2025-10,132
11,PASDECE03,"Cereal B/N Micro Power Ball (Caja 3x2 Kg.)",2025-11,134
11,PASDECE03,"Cereal B/N Micro Power Ball (Caja 3x2 Kg.)",2025-12,175
11,PASDECE03,"Cereal B/N Micro Power Ball (Caja 3x2 Kg.)",2026-01,59
11,PASDECE03,"Cereal B/N Micro Power Ball (Caja 3x2 Kg.)",2026-02,48
11,PASDECE03,"Cereal B/N Micro Power Ball (Caja 3x2 Kg.)",2026-03,75
11,PASDECE03,"Cereal B/N Micro Power Ball (Caja 3x2 Kg.)",2026-04,91
11,PASDECE03,"Cereal B/N Micro Power Ball (Caja 3x2 Kg.)",2026-05,102
11,PASDECE03,"Cereal B/N Micro Power Ball (Caja 3x2 Kg.)",2026-06,68
11,PASDECE04,"Cereal B/N Mini (Caja 3x2Kg.)",2022-05,84
11,PASDECE04,"Cereal B/N Mini (Caja 3x2Kg.)",2022-06,55
11,PASDECE04,"Cereal B/N Mini (Caja 3x2Kg.)",2022-07,47
11,PASDECE04,"Cereal B/N Mini (Caja 3x2Kg.)",2022-08,43
11,PASDECE04,"Cereal B/N Mini (Caja 3x2Kg.)",2022-09,44
11,PASDECE04,"Cereal B/N Mini (Caja 3x2Kg.)",2022-10,30
11,PASDECE04,"Cereal B/N Mini (Caja 3x2Kg.)",2022-11,41
11,PASDECE04,"Cereal B/N Mini (Caja 3x2Kg.)",2022-12,24
11,PASDECE04,"Cereal B/N Mini (Caja 3x2Kg.)",2023-01,40
11,PASDECE04,"Cereal B/N Mini (Caja 3x2Kg.)",2023-02,42
11,PASDECE04,"Cereal B/N Mini (Caja 3x2Kg.)",2023-03,58
11,PASDECE04,"Cereal B/N Mini (Caja 3x2Kg.)",2023-04,84
11,PASDECE04,"Cereal B/N Mini (Caja 3x2Kg.)",2023-05,72
11,PASDECE04,"Cereal B/N Mini (Caja 3x2Kg.)",2023-06,41
11,PASDECE04,"Cereal B/N Mini (Caja 3x2Kg.)",2023-07,73
11,PASDECE04,"Cereal B/N Mini (Caja 3x2Kg.)",2023-08,46
11,PASDECE04,"Cereal B/N Mini (Caja 3x2Kg.)",2023-09,45
11,PASDECE04,"Cereal B/N Mini (Caja 3x2Kg.)",2023-10,40
11,PASDECE04,"Cereal B/N Mini (Caja 3x2Kg.)",2023-11,29
11,PASDECE04,"Cereal B/N Mini (Caja 3x2Kg.)",2023-12,24
11,PASDECE04,"Cereal B/N Mini (Caja 3x2Kg.)",2024-01,33
11,PASDECE04,"Cereal B/N Mini (Caja 3x2Kg.)",2024-02,32
11,PASDECE04,"Cereal B/N Mini (Caja 3x2Kg.)",2024-03,48
11,PASDECE04,"Cereal B/N Mini (Caja 3x2Kg.)",2024-04,62
11,PASDECE04,"Cereal B/N Mini (Caja 3x2Kg.)",2024-05,56
11,PASDECE04,"Cereal B/N Mini (Caja 3x2Kg.)",2024-06,39
11,PASDECE04,"Cereal B/N Mini (Caja 3x2Kg.)",2024-07,63
11,PASDECE04,"Cereal B/N Mini (Caja 3x2Kg.)",2024-08,64
11,PASDECE04,"Cereal B/N Mini (Caja 3x2Kg.)",2024-09,38
11,PASDECE04,"Cereal B/N Mini (Caja 3x2Kg.)",2024-10,42
11,PASDECE04,"Cereal B/N Mini (Caja 3x2Kg.)",2024-11,64
11,PASDECE04,"Cereal B/N Mini (Caja 3x2Kg.)",2024-12,66
11,PASDECE04,"Cereal B/N Mini (Caja 3x2Kg.)",2025-01,47
11,PASDECE04,"Cereal B/N Mini (Caja 3x2Kg.)",2025-02,52
11,PASDECE04,"Cereal B/N Mini (Caja 3x2Kg.)",2025-03,61
11,PASDECE04,"Cereal B/N Mini (Caja 3x2Kg.)",2025-04,51
11,PASDECE04,"Cereal B/N Mini (Caja 3x2Kg.)",2025-05,54
11,PASDECE04,"Cereal B/N Mini (Caja 3x2Kg.)",2025-06,57
11,PASDECE04,"Cereal B/N Mini (Caja 3x2Kg.)",2025-07,50
11,PASDECE04,"Cereal B/N Mini (Caja 3x2Kg.)",2025-08,58
11,PASDECE04,"Cereal B/N Mini (Caja 3x2Kg.)",2025-09,40
11,PASDECE04,"Cereal B/N Mini (Caja 3x2Kg.)",2025-10,42
11,PASDECE04,"Cereal B/N Mini (Caja 3x2Kg.)",2025-11,53
11,PASDECE04,"Cereal B/N Mini (Caja 3x2Kg.)",2025-12,31
11,PASDECE04,"Cereal B/N Mini (Caja 3x2Kg.)",2026-01,28
11,PASDECE04,"Cereal B/N Mini (Caja 3x2Kg.)",2026-02,19
11,PASDECE04,"Cereal B/N Mini (Caja 3x2Kg.)",2026-03,63
11,PASDECE04,"Cereal B/N Mini (Caja 3x2Kg.)",2026-04,52
11,PASDECE04,"Cereal B/N Mini (Caja 3x2Kg.)",2026-05,29
11,PASDECE04,"Cereal B/N Mini (Caja 3x2Kg.)",2026-06,61
11,PASDECE05,"Cereal B/R Nat. Perla (Caja 4x1.816 Kg.)",2022-05,24
11,PASDECE05,"Cereal B/R Nat. Perla (Caja 4x1.816 Kg.)",2022-06,11
11,PASDECE05,"Cereal B/R Nat. Perla (Caja 4x1.816 Kg.)",2022-07,21
11,PASDECE05,"Cereal B/R Nat. Perla (Caja 4x1.816 Kg.)",2022-08,18
11,PASDECE05,"Cereal B/R Nat. Perla (Caja 4x1.816 Kg.)",2022-09,19
11,PASDECE05,"Cereal B/R Nat. Perla (Caja 4x1.816 Kg.)",2022-10,22
11,PASDECE05,"Cereal B/R Nat. Perla (Caja 4x1.816 Kg.)",2022-11,6
11,PASDECE05,"Cereal B/R Nat. Perla (Caja 4x1.816 Kg.)",2022-12,15
11,PASDECE05,"Cereal B/R Nat. Perla (Caja 4x1.816 Kg.)",2023-01,15
11,PASDECE05,"Cereal B/R Nat. Perla (Caja 4x1.816 Kg.)",2023-02,15
11,PASDECE05,"Cereal B/R Nat. Perla (Caja 4x1.816 Kg.)",2023-03,23
11,PASDECE05,"Cereal B/R Nat. Perla (Caja 4x1.816 Kg.)",2023-04,35
11,PASDECE05,"Cereal B/R Nat. Perla (Caja 4x1.816 Kg.)",2023-05,38
11,PASDECE05,"Cereal B/R Nat. Perla (Caja 4x1.816 Kg.)",2023-06,25
11,PASDECE05,"Cereal B/R Nat. Perla (Caja 4x1.816 Kg.)",2023-07,64
11,PASDECE05,"Cereal B/R Nat. Perla (Caja 4x1.816 Kg.)",2023-08,39
11,PASDECE05,"Cereal B/R Nat. Perla (Caja 4x1.816 Kg.)",2023-09,8
11,PASDECE05,"Cereal B/R Nat. Perla (Caja 4x1.816 Kg.)",2023-10,23
11,PASDECE05,"Cereal B/R Nat. Perla (Caja 4x1.816 Kg.)",2023-11,27
11,PASDECE05,"Cereal B/R Nat. Perla (Caja 4x1.816 Kg.)",2023-12,15
11,PASDECE05,"Cereal B/R Nat. Perla (Caja 4x1.816 Kg.)",2024-01,18
11,PASDECE05,"Cereal B/R Nat. Perla (Caja 4x1.816 Kg.)",2024-02,17
11,PASDECE05,"Cereal B/R Nat. Perla (Caja 4x1.816 Kg.)",2024-03,18
11,PASDECE05,"Cereal B/R Nat. Perla (Caja 4x1.816 Kg.)",2024-04,32
11,PASDECE05,"Cereal B/R Nat. Perla (Caja 4x1.816 Kg.)",2024-05,31
11,PASDECE05,"Cereal B/R Nat. Perla (Caja 4x1.816 Kg.)",2024-06,17
11,PASDECE05,"Cereal B/R Nat. Perla (Caja 4x1.816 Kg.)",2024-07,28
11,PASDECE05,"Cereal B/R Nat. Perla (Caja 4x1.816 Kg.)",2024-08,29
11,PASDECE05,"Cereal B/R Nat. Perla (Caja 4x1.816 Kg.)",2024-09,19
11,PASDECE05,"Cereal B/R Nat. Perla (Caja 4x1.816 Kg.)",2024-10,23
11,PASDECE05,"Cereal B/R Nat. Perla (Caja 4x1.816 Kg.)",2024-11,40
11,PASDECE05,"Cereal B/R Nat. Perla (Caja 4x1.816 Kg.)",2024-12,10
11,PASDECE05,"Cereal B/R Nat. Perla (Caja 4x1.816 Kg.)",2025-01,22
11,PASDECE05,"Cereal B/R Nat. Perla (Caja 4x1.816 Kg.)",2025-02,17
11,PASDECE05,"Cereal B/R Nat. Perla (Caja 4x1.816 Kg.)",2025-03,16
11,PASDECE05,"Cereal B/R Nat. Perla (Caja 4x1.816 Kg.)",2025-04,36
11,PASDECE05,"Cereal B/R Nat. Perla (Caja 4x1.816 Kg.)",2025-05,24
11,PASDECE05,"Cereal B/R Nat. Perla (Caja 4x1.816 Kg.)",2025-06,30
11,PASDECE05,"Cereal B/R Nat. Perla (Caja 4x1.816 Kg.)",2025-07,25
11,PASDECE05,"Cereal B/R Nat. Perla (Caja 4x1.816 Kg.)",2025-08,21
11,PASDECE05,"Cereal B/R Nat. Perla (Caja 4x1.816 Kg.)",2025-09,11
11,PASDECE05,"Cereal B/R Nat. Perla (Caja 4x1.816 Kg.)",2025-10,25
11,PASDECE05,"Cereal B/R Nat. Perla (Caja 4x1.816 Kg.)",2025-11,24
11,PASDECE05,"Cereal B/R Nat. Perla (Caja 4x1.816 Kg.)",2025-12,14
11,PASDECE05,"Cereal B/R Nat. Perla (Caja 4x1.816 Kg.)",2026-01,7
11,PASDECE06,"Cereal Micro C/Baño Multicolor (Caja 3x2 Kg.) Ex 8072",2022-05,6
11,PASDECE06,"Cereal Micro C/Baño Multicolor (Caja 3x2 Kg.) Ex 8072",2022-06,8
11,PASDECE06,"Cereal Micro C/Baño Multicolor (Caja 3x2 Kg.) Ex 8072",2022-07,79
11,PASDECE06,"Cereal Micro C/Baño Multicolor (Caja 3x2 Kg.) Ex 8072",2022-08,76
11,PASDECE06,"Cereal Micro C/Baño Multicolor (Caja 3x2 Kg.) Ex 8072",2022-09,13
11,PASDECE06,"Cereal Micro C/Baño Multicolor (Caja 3x2 Kg.) Ex 8072",2022-10,46
11,PASDECE06,"Cereal Micro C/Baño Multicolor (Caja 3x2 Kg.) Ex 8072",2022-11,71
11,PASDECE06,"Cereal Micro C/Baño Multicolor (Caja 3x2 Kg.) Ex 8072",2022-12,72
11,PASDECE06,"Cereal Micro C/Baño Multicolor (Caja 3x2 Kg.) Ex 8072",2023-01,2
11,PASDECE06,"Cereal Micro C/Baño Multicolor (Caja 3x2 Kg.) Ex 8072",2023-02,5
11,PASDECE06,"Cereal Micro C/Baño Multicolor (Caja 3x2 Kg.) Ex 8072",2023-03,57
11,PASDECE06,"Cereal Micro C/Baño Multicolor (Caja 3x2 Kg.) Ex 8072",2023-04,43
11,PASDECE06,"Cereal Micro C/Baño Multicolor (Caja 3x2 Kg.) Ex 8072",2023-05,133
11,PASDECE06,"Cereal Micro C/Baño Multicolor (Caja 3x2 Kg.) Ex 8072",2023-06,3
11,PASDECE06,"Cereal Micro C/Baño Multicolor (Caja 3x2 Kg.) Ex 8072",2023-07,206
11,PASDECE06,"Cereal Micro C/Baño Multicolor (Caja 3x2 Kg.) Ex 8072",2023-08,104
11,PASDECE06,"Cereal Micro C/Baño Multicolor (Caja 3x2 Kg.) Ex 8072",2023-09,105
11,PASDECE06,"Cereal Micro C/Baño Multicolor (Caja 3x2 Kg.) Ex 8072",2023-10,128
11,PASDECE06,"Cereal Micro C/Baño Multicolor (Caja 3x2 Kg.) Ex 8072",2023-11,162
11,PASDECE06,"Cereal Micro C/Baño Multicolor (Caja 3x2 Kg.) Ex 8072",2023-12,77
11,PASDECE06,"Cereal Micro C/Baño Multicolor (Caja 3x2 Kg.) Ex 8072",2024-01,124
11,PASDECE06,"Cereal Micro C/Baño Multicolor (Caja 3x2 Kg.) Ex 8072",2024-02,76
11,PASDECE06,"Cereal Micro C/Baño Multicolor (Caja 3x2 Kg.) Ex 8072",2024-03,11
11,PASDECE06,"Cereal Micro C/Baño Multicolor (Caja 3x2 Kg.) Ex 8072",2024-04,74
11,PASDECE06,"Cereal Micro C/Baño Multicolor (Caja 3x2 Kg.) Ex 8072",2024-05,170
11,PASDECE06,"Cereal Micro C/Baño Multicolor (Caja 3x2 Kg.) Ex 8072",2024-06,99
11,PASDECE06,"Cereal Micro C/Baño Multicolor (Caja 3x2 Kg.) Ex 8072",2024-07,110
11,PASDECE06,"Cereal Micro C/Baño Multicolor (Caja 3x2 Kg.) Ex 8072",2024-08,145
11,PASDECE06,"Cereal Micro C/Baño Multicolor (Caja 3x2 Kg.) Ex 8072",2024-09,93
11,PASDECE06,"Cereal Micro C/Baño Multicolor (Caja 3x2 Kg.) Ex 8072",2024-10,112
11,PASDECE06,"Cereal Micro C/Baño Multicolor (Caja 3x2 Kg.) Ex 8072",2024-11,24
11,PASDECE06,"Cereal Micro C/Baño Multicolor (Caja 3x2 Kg.) Ex 8072",2024-12,18
11,PASDECE06,"Cereal Micro C/Baño Multicolor (Caja 3x2 Kg.) Ex 8072",2025-01,96
11,PASDECE06,"Cereal Micro C/Baño Multicolor (Caja 3x2 Kg.) Ex 8072",2025-02,22
11,PASDECE06,"Cereal Micro C/Baño Multicolor (Caja 3x2 Kg.) Ex 8072",2025-03,93
11,PASDECE06,"Cereal Micro C/Baño Multicolor (Caja 3x2 Kg.) Ex 8072",2025-04,21
11,PASDECE06,"Cereal Micro C/Baño Multicolor (Caja 3x2 Kg.) Ex 8072",2025-05,138
11,PASDECE06,"Cereal Micro C/Baño Multicolor (Caja 3x2 Kg.) Ex 8072",2025-06,63
11,PASDECE06,"Cereal Micro C/Baño Multicolor (Caja 3x2 Kg.) Ex 8072",2025-07,59
11,PASDECE06,"Cereal Micro C/Baño Multicolor (Caja 3x2 Kg.) Ex 8072",2025-08,37
11,PASDECE06,"Cereal Micro C/Baño Multicolor (Caja 3x2 Kg.) Ex 8072",2025-09,65
11,PASDECE06,"Cereal Micro C/Baño Multicolor (Caja 3x2 Kg.) Ex 8072",2025-10,24
11,PASDECE06,"Cereal Micro C/Baño Multicolor (Caja 3x2 Kg.) Ex 8072",2025-11,14
11,PASDECE06,"Cereal Micro C/Baño Multicolor (Caja 3x2 Kg.) Ex 8072",2025-12,50
11,PASDECE06,"Cereal Micro C/Baño Multicolor (Caja 3x2 Kg.) Ex 8072",2026-01,65
11,PASDECE06,"Cereal Micro C/Baño Multicolor (Caja 3x2 Kg.) Ex 8072",2026-02,10
11,PASDECE06,"Cereal Micro C/Baño Multicolor (Caja 3x2 Kg.) Ex 8072",2026-03,17
11,PASDECE06,"Cereal Micro C/Baño Multicolor (Caja 3x2 Kg.) Ex 8072",2026-04,36
11,PASDECE06,"Cereal Micro C/Baño Multicolor (Caja 3x2 Kg.) Ex 8072",2026-05,30
11,PASDECE06,"Cereal Micro C/Baño Multicolor (Caja 3x2 Kg.) Ex 8072",2026-06,51
11,PASDECH02,"Chips Pingo 2000 Horneable (Caja 4x2,5 Kg.)",2022-05,7
11,PASDECH02,"Chips Pingo 2000 Horneable (Caja 4x2,5 Kg.)",2022-06,8
11,PASDECH02,"Chips Pingo 2000 Horneable (Caja 4x2,5 Kg.)",2022-07,21
11,PASDECH02,"Chips Pingo 2000 Horneable (Caja 4x2,5 Kg.)",2022-08,103
11,PASDECH02,"Chips Pingo 2000 Horneable (Caja 4x2,5 Kg.)",2022-09,56
11,PASDECH02,"Chips Pingo 2000 Horneable (Caja 4x2,5 Kg.)",2022-10,93
11,PASDECH02,"Chips Pingo 2000 Horneable (Caja 4x2,5 Kg.)",2022-11,15
11,PASDECH02,"Chips Pingo 2000 Horneable (Caja 4x2,5 Kg.)",2022-12,26
11,PASDECH02,"Chips Pingo 2000 Horneable (Caja 4x2,5 Kg.)",2023-01,23
11,PASDECH02,"Chips Pingo 2000 Horneable (Caja 4x2,5 Kg.)",2023-02,1
11,PASDECH03,"Chips Pingo 4000 Horneable (Caja 2x5 Kg.)",2022-05,66
11,PASDECH03,"Chips Pingo 4000 Horneable (Caja 2x5 Kg.)",2022-06,53
11,PASDECH03,"Chips Pingo 4000 Horneable (Caja 2x5 Kg.)",2022-07,82
11,PASDECH03,"Chips Pingo 4000 Horneable (Caja 2x5 Kg.)",2022-08,15
11,PASDECH03,"Chips Pingo 4000 Horneable (Caja 2x5 Kg.)",2022-11,61
11,PASDECH03,"Chips Pingo 4000 Horneable (Caja 2x5 Kg.)",2022-12,62
11,PASDECH03,"Chips Pingo 4000 Horneable (Caja 2x5 Kg.)",2023-01,57
11,PASDECH03,"Chips Pingo 4000 Horneable (Caja 2x5 Kg.)",2023-02,44
11,PASDECH03,"Chips Pingo 4000 Horneable (Caja 2x5 Kg.)",2023-03,114
11,PASDECH03,"Chips Pingo 4000 Horneable (Caja 2x5 Kg.)",2023-04,85
11,PASDECH03,"Chips Pingo 4000 Horneable (Caja 2x5 Kg.)",2023-05,95
11,PASDECH03,"Chips Pingo 4000 Horneable (Caja 2x5 Kg.)",2023-06,101
11,PASDECH03,"Chips Pingo 4000 Horneable (Caja 2x5 Kg.)",2023-07,130
11,PASDECH03,"Chips Pingo 4000 Horneable (Caja 2x5 Kg.)",2023-08,85
11,PASDECH03,"Chips Pingo 4000 Horneable (Caja 2x5 Kg.)",2023-09,85
11,PASDECH03,"Chips Pingo 4000 Horneable (Caja 2x5 Kg.)",2023-10,98
11,PASDECH03,"Chips Pingo 4000 Horneable (Caja 2x5 Kg.)",2023-11,160
11,PASDECH03,"Chips Pingo 4000 Horneable (Caja 2x5 Kg.)",2023-12,13
11,PASDECH03,"Chips Pingo 4000 Horneable (Caja 2x5 Kg.)",2024-01,191
11,PASDECH03,"Chips Pingo 4000 Horneable (Caja 2x5 Kg.)",2024-02,113
11,PASDECH03,"Chips Pingo 4000 Horneable (Caja 2x5 Kg.)",2024-03,83
11,PASDECH03,"Chips Pingo 4000 Horneable (Caja 2x5 Kg.)",2024-04,154
11,PASDECH03,"Chips Pingo 4000 Horneable (Caja 2x5 Kg.)",2024-05,180
11,PASDECH03,"Chips Pingo 4000 Horneable (Caja 2x5 Kg.)",2024-06,131
11,PASDECH03,"Chips Pingo 4000 Horneable (Caja 2x5 Kg.)",2024-07,244
11,PASDECH03,"Chips Pingo 4000 Horneable (Caja 2x5 Kg.)",2024-08,227
11,PASDECH03,"Chips Pingo 4000 Horneable (Caja 2x5 Kg.)",2024-09,291
11,PASDECH03,"Chips Pingo 4000 Horneable (Caja 2x5 Kg.)",2024-10,322
11,PASDECH03,"Chips Pingo 4000 Horneable (Caja 2x5 Kg.)",2024-11,420
11,PASDECH03,"Chips Pingo 4000 Horneable (Caja 2x5 Kg.)",2024-12,309
11,PASDECH03,"Chips Pingo 4000 Horneable (Caja 2x5 Kg.)",2025-01,278
11,PASDECH03,"Chips Pingo 4000 Horneable (Caja 2x5 Kg.)",2025-02,211
11,PASDECH03,"Chips Pingo 4000 Horneable (Caja 2x5 Kg.)",2025-03,378
11,PASDECH03,"Chips Pingo 4000 Horneable (Caja 2x5 Kg.)",2025-04,398
11,PASDECH03,"Chips Pingo 4000 Horneable (Caja 2x5 Kg.)",2025-05,500
11,PASDECH03,"Chips Pingo 4000 Horneable (Caja 2x5 Kg.)",2025-06,431
11,PASDECH03,"Chips Pingo 4000 Horneable (Caja 2x5 Kg.)",2025-07,336
11,PASDECH03,"Chips Pingo 4000 Horneable (Caja 2x5 Kg.)",2025-08,532
11,PASDECH03,"Chips Pingo 4000 Horneable (Caja 2x5 Kg.)",2025-09,563
11,PASDECH03,"Chips Pingo 4000 Horneable (Caja 2x5 Kg.)",2025-10,297
11,PASDECH03,"Chips Pingo 4000 Horneable (Caja 2x5 Kg.)",2025-11,447
11,PASDECH03,"Chips Pingo 4000 Horneable (Caja 2x5 Kg.)",2025-12,385
11,PASDECH03,"Chips Pingo 4000 Horneable (Caja 2x5 Kg.)",2026-01,452
11,PASDECH03,"Chips Pingo 4000 Horneable (Caja 2x5 Kg.)",2026-02,239
11,PASDECH03,"Chips Pingo 4000 Horneable (Caja 2x5 Kg.)",2026-03,470
11,PASDECH03,"Chips Pingo 4000 Horneable (Caja 2x5 Kg.)",2026-04,285
11,PASDECH03,"Chips Pingo 4000 Horneable (Caja 2x5 Kg.)",2026-05,306
11,PASDECH03,"Chips Pingo 4000 Horneable (Caja 2x5 Kg.)",2026-06,314
11,PASDECR01,"Crocante Maní (Caja 10 Kg.)",2022-05,71
11,PASDEFG01,"Semiguín Amarillo (Bolsa 1 Kg.)",2022-05,17
11,PASDEFG01,"Semiguín Amarillo (Bolsa 1 Kg.)",2022-06,15
11,PASDEFG01,"Semiguín Amarillo (Bolsa 1 Kg.)",2022-07,15
11,PASDEFG01,"Semiguín Amarillo (Bolsa 1 Kg.)",2022-08,2
11,PASDEFG01,"Semiguín Amarillo (Bolsa 1 Kg.)",2022-09,10
11,PASDEFG01,"Semiguín Amarillo (Bolsa 1 Kg.)",2022-10,15
11,PASDEFG01,"Semiguín Amarillo (Bolsa 1 Kg.)",2022-11,5
11,PASDEFG01,"Semiguín Amarillo (Bolsa 1 Kg.)",2022-12,1
11,PASDEFG01,"Semiguín Amarillo (Bolsa 1 Kg.)",2023-02,10
11,PASDEFG01,"Semiguín Amarillo (Bolsa 1 Kg.)",2023-03,0
11,PASDEFG01,"Semiguín Amarillo (Bolsa 1 Kg.)",2023-07,8
11,PASDEFG01,"Semiguín Amarillo (Bolsa 1 Kg.)",2023-11,2
11,PASDEFG01,"Semiguín Amarillo (Bolsa 1 Kg.)",2024-03,25
11,PASDEFG01,"Semiguín Amarillo (Bolsa 1 Kg.)",2024-05,-20
11,PASDEFG01,"Semiguín Amarillo (Bolsa 1 Kg.)",2024-06,1
11,PASDEFG01,"Semiguín Amarillo (Bolsa 1 Kg.)",2024-07,0
11,PASDEFG02,"Semiguín Naranja (Bolsa 1 Kg.)",2022-05,162
11,PASDEFG02,"Semiguín Naranja (Bolsa 1 Kg.)",2022-06,20
11,PASDEFG02,"Semiguín Naranja (Bolsa 1 Kg.)",2022-07,40
11,PASDEFG02,"Semiguín Naranja (Bolsa 1 Kg.)",2022-08,11
11,PASDEFG02,"Semiguín Naranja (Bolsa 1 Kg.)",2022-09,40
11,PASDEFG02,"Semiguín Naranja (Bolsa 1 Kg.)",2022-10,80
11,PASDEFG02,"Semiguín Naranja (Bolsa 1 Kg.)",2022-11,100
11,PASDEFG02,"Semiguín Naranja (Bolsa 1 Kg.)",2022-12,8
11,PASDEFG02,"Semiguín Naranja (Bolsa 1 Kg.)",2023-01,20
11,PASDEFG02,"Semiguín Naranja (Bolsa 1 Kg.)",2023-02,20
11,PASDEFG02,"Semiguín Naranja (Bolsa 1 Kg.)",2023-03,10
11,PASDEFG02,"Semiguín Naranja (Bolsa 1 Kg.)",2023-04,65
11,PASDEFG02,"Semiguín Naranja (Bolsa 1 Kg.)",2023-05,20
11,PASDEFG02,"Semiguín Naranja (Bolsa 1 Kg.)",2023-06,20
11,PASDEFG02,"Semiguín Naranja (Bolsa 1 Kg.)",2023-07,42
11,PASDEFG02,"Semiguín Naranja (Bolsa 1 Kg.)",2023-08,30
11,PASDEFG02,"Semiguín Naranja (Bolsa 1 Kg.)",2023-09,30
11,PASDEFG02,"Semiguín Naranja (Bolsa 1 Kg.)",2023-10,20
11,PASDEFG02,"Semiguín Naranja (Bolsa 1 Kg.)",2023-12,41
11,PASDEFG02,"Semiguín Naranja (Bolsa 1 Kg.)",2024-01,25
11,PASDEFG02,"Semiguín Naranja (Bolsa 1 Kg.)",2024-03,25
11,PASDEFG02,"Semiguín Naranja (Bolsa 1 Kg.)",2024-04,20
11,PASDEFG02,"Semiguín Naranja (Bolsa 1 Kg.)",2024-05,20
11,PASDEFG02,"Semiguín Naranja (Bolsa 1 Kg.)",2024-06,26
11,PASDEFG02,"Semiguín Naranja (Bolsa 1 Kg.)",2024-07,30
11,PASDEFG02,"Semiguín Naranja (Bolsa 1 Kg.)",2024-08,20
11,PASDEFG02,"Semiguín Naranja (Bolsa 1 Kg.)",2024-09,30
11,PASDEFG02,"Semiguín Naranja (Bolsa 1 Kg.)",2024-10,13
11,PASDEFG02,"Semiguín Naranja (Bolsa 1 Kg.)",2024-11,20
11,PASDEFG02,"Semiguín Naranja (Bolsa 1 Kg.)",2024-12,35
11,PASDEFG02,"Semiguín Naranja (Bolsa 1 Kg.)",2025-01,20
11,PASDEFG02,"Semiguín Naranja (Bolsa 1 Kg.)",2025-02,25
11,PASDEFG02,"Semiguín Naranja (Bolsa 1 Kg.)",2025-03,25
11,PASDEFG02,"Semiguín Naranja (Bolsa 1 Kg.)",2025-05,9
11,PASDEFG02,"Semiguín Naranja (Bolsa 1 Kg.)",2025-10,70
11,PASDEFG02,"Semiguín Naranja (Bolsa 1 Kg.)",2025-11,20
11,PASDEFG02,"Semiguín Naranja (Bolsa 1 Kg.)",2025-12,21
11,PASDEFG02,"Semiguín Naranja (Bolsa 1 Kg.)",2026-02,15
11,PASDEFG02,"Semiguín Naranja (Bolsa 1 Kg.)",2026-03,25
11,PASDEFG02,"Semiguín Naranja (Bolsa 1 Kg.)",2026-04,25
11,PASDEFG02,"Semiguín Naranja (Bolsa 1 Kg.)",2026-05,30
11,PASDEFG02,"Semiguín Naranja (Bolsa 1 Kg.)",2026-06,18
11,PASDEFG05,"Decoración Choco Giros (Caja 2x3 Kg.)",2022-05,258
11,PASDEFG05,"Decoración Choco Giros (Caja 2x3 Kg.)",2022-06,226
11,PASDEFG05,"Decoración Choco Giros (Caja 2x3 Kg.)",2022-07,299
11,PASDEFG05,"Decoración Choco Giros (Caja 2x3 Kg.)",2022-08,229
11,PASDEFG05,"Decoración Choco Giros (Caja 2x3 Kg.)",2022-09,194
11,PASDEFG05,"Decoración Choco Giros (Caja 2x3 Kg.)",2022-10,142
11,PASDEFG05,"Decoración Choco Giros (Caja 2x3 Kg.)",2022-11,215
11,PASDEFG05,"Decoración Choco Giros (Caja 2x3 Kg.)",2022-12,147
11,PASDEFG05,"Decoración Choco Giros (Caja 2x3 Kg.)",2023-01,136
11,PASDEFG05,"Decoración Choco Giros (Caja 2x3 Kg.)",2023-02,143
11,PASDEFG05,"Decoración Choco Giros (Caja 2x3 Kg.)",2023-03,317
11,PASDEFG05,"Decoración Choco Giros (Caja 2x3 Kg.)",2023-04,257
11,PASDEFG05,"Decoración Choco Giros (Caja 2x3 Kg.)",2023-05,177
11,PASDEFG05,"Decoración Choco Giros (Caja 2x3 Kg.)",2023-06,163
11,PASDEFG05,"Decoración Choco Giros (Caja 2x3 Kg.)",2023-07,307
11,PASDEFG05,"Decoración Choco Giros (Caja 2x3 Kg.)",2023-08,201
11,PASDEFG05,"Decoración Choco Giros (Caja 2x3 Kg.)",2023-09,184
11,PASDEFG05,"Decoración Choco Giros (Caja 2x3 Kg.)",2023-10,201
11,PASDEFG05,"Decoración Choco Giros (Caja 2x3 Kg.)",2023-11,238
11,PASDEFG05,"Decoración Choco Giros (Caja 2x3 Kg.)",2023-12,286
11,PASDEFG05,"Decoración Choco Giros (Caja 2x3 Kg.)",2024-01,284
11,PASDEFG05,"Decoración Choco Giros (Caja 2x3 Kg.)",2024-02,279
11,PASDEFG05,"Decoración Choco Giros (Caja 2x3 Kg.)",2024-03,92
11,PASDEFG05,"Decoración Choco Giros (Caja 2x3 Kg.)",2024-04,458
11,PASDEFG05,"Decoración Choco Giros (Caja 2x3 Kg.)",2024-05,171
11,PASDEFG05,"Decoración Choco Giros (Caja 2x3 Kg.)",2024-06,199
11,PASDEFG05,"Decoración Choco Giros (Caja 2x3 Kg.)",2024-07,317
11,PASDEFG05,"Decoración Choco Giros (Caja 2x3 Kg.)",2024-08,423
11,PASDEFG05,"Decoración Choco Giros (Caja 2x3 Kg.)",2024-09,261
11,PASDEFG05,"Decoración Choco Giros (Caja 2x3 Kg.)",2024-10,437
11,PASDEFG05,"Decoración Choco Giros (Caja 2x3 Kg.)",2024-11,441
11,PASDEFG05,"Decoración Choco Giros (Caja 2x3 Kg.)",2024-12,420
11,PASDEFG05,"Decoración Choco Giros (Caja 2x3 Kg.)",2025-01,322
11,PASDEFG05,"Decoración Choco Giros (Caja 2x3 Kg.)",2025-02,305
11,PASDEFG05,"Decoración Choco Giros (Caja 2x3 Kg.)",2025-03,367
11,PASDEFG05,"Decoración Choco Giros (Caja 2x3 Kg.)",2025-04,388
11,PASDEFG05,"Decoración Choco Giros (Caja 2x3 Kg.)",2025-05,256
11,PASDEFG05,"Decoración Choco Giros (Caja 2x3 Kg.)",2025-06,218
11,PASDEFG05,"Decoración Choco Giros (Caja 2x3 Kg.)",2025-07,375
11,PASDEFG05,"Decoración Choco Giros (Caja 2x3 Kg.)",2025-08,391
11,PASDEFG05,"Decoración Choco Giros (Caja 2x3 Kg.)",2025-09,295
11,PASDEFG05,"Decoración Choco Giros (Caja 2x3 Kg.)",2025-10,443
11,PASDEFG05,"Decoración Choco Giros (Caja 2x3 Kg.)",2025-11,412
11,PASDEFG05,"Decoración Choco Giros (Caja 2x3 Kg.)",2025-12,328
11,PASDEFG05,"Decoración Choco Giros (Caja 2x3 Kg.)",2026-01,293
11,PASDEFG05,"Decoración Choco Giros (Caja 2x3 Kg.)",2026-02,281
11,PASDEFG05,"Decoración Choco Giros (Caja 2x3 Kg.)",2026-03,426
11,PASDEFG05,"Decoración Choco Giros (Caja 2x3 Kg.)",2026-04,340
11,PASDEFG05,"Decoración Choco Giros (Caja 2x3 Kg.)",2026-05,230
11,PASDEFG05,"Decoración Choco Giros (Caja 2x3 Kg.)",2026-06,151
11,PASDEFG07,"Decoración Alfabeto (Caja 2x5 Kg.)",2022-05,86
11,PASDEFG07,"Decoración Alfabeto (Caja 2x5 Kg.)",2022-06,2
11,PASDEFG07,"Decoración Alfabeto (Caja 2x5 Kg.)",2022-07,3
11,PASDEFG07,"Decoración Alfabeto (Caja 2x5 Kg.)",2022-08,5
11,PASDEFG07,"Decoración Alfabeto (Caja 2x5 Kg.)",2022-09,2
11,PASDEFG07,"Decoración Alfabeto (Caja 2x5 Kg.)",2022-10,9
11,PASDEFG07,"Decoración Alfabeto (Caja 2x5 Kg.)",2022-11,1
11,PASDEFG07,"Decoración Alfabeto (Caja 2x5 Kg.)",2022-12,5
11,PASDEFG07,"Decoración Alfabeto (Caja 2x5 Kg.)",2023-01,50
11,PASDEFG07,"Decoración Alfabeto (Caja 2x5 Kg.)",2023-02,103
11,PASDEFG07,"Decoración Alfabeto (Caja 2x5 Kg.)",2023-03,1
11,PASDEFG07,"Decoración Alfabeto (Caja 2x5 Kg.)",2023-04,6
11,PASDEFG07,"Decoración Alfabeto (Caja 2x5 Kg.)",2023-05,6
11,PASDEFG07,"Decoración Alfabeto (Caja 2x5 Kg.)",2023-06,9
11,PASDEFG07,"Decoración Alfabeto (Caja 2x5 Kg.)",2023-07,64
11,PASDEFG07,"Decoración Alfabeto (Caja 2x5 Kg.)",2023-08,8
11,PASDEFG07,"Decoración Alfabeto (Caja 2x5 Kg.)",2023-09,54
11,PASDEFG07,"Decoración Alfabeto (Caja 2x5 Kg.)",2023-10,6
11,PASDEFG07,"Decoración Alfabeto (Caja 2x5 Kg.)",2023-11,9
11,PASDEFG07,"Decoración Alfabeto (Caja 2x5 Kg.)",2023-12,2
11,PASDEFG07,"Decoración Alfabeto (Caja 2x5 Kg.)",2024-01,1
11,PASDEFG07,"Decoración Alfabeto (Caja 2x5 Kg.)",2024-02,3
11,PASDEFG07,"Decoración Alfabeto (Caja 2x5 Kg.)",2024-03,9
11,PASDEFG07,"Decoración Alfabeto (Caja 2x5 Kg.)",2024-04,5
11,PASDEFG07,"Decoración Alfabeto (Caja 2x5 Kg.)",2024-05,2
11,PASDEFG07,"Decoración Alfabeto (Caja 2x5 Kg.)",2024-06,4
11,PASDEFG07,"Decoración Alfabeto (Caja 2x5 Kg.)",2024-07,1
11,PASDEFG07,"Decoración Alfabeto (Caja 2x5 Kg.)",2024-08,2
11,PASDEFG07,"Decoración Alfabeto (Caja 2x5 Kg.)",2024-09,10
11,PASDEFG07,"Decoración Alfabeto (Caja 2x5 Kg.)",2024-10,8
11,PASDEFG07,"Decoración Alfabeto (Caja 2x5 Kg.)",2024-11,5
11,PASDEFG07,"Decoración Alfabeto (Caja 2x5 Kg.)",2024-12,5
11,PASDEFG07,"Decoración Alfabeto (Caja 2x5 Kg.)",2025-01,1
11,PASDEFG07,"Decoración Alfabeto (Caja 2x5 Kg.)",2025-02,6
11,PASDEFG07,"Decoración Alfabeto (Caja 2x5 Kg.)",2025-03,3
11,PASDEFG07,"Decoración Alfabeto (Caja 2x5 Kg.)",2025-04,5
11,PASDEFG07,"Decoración Alfabeto (Caja 2x5 Kg.)",2025-05,7
11,PASDEFG07,"Decoración Alfabeto (Caja 2x5 Kg.)",2025-06,4
11,PASDEFG07,"Decoración Alfabeto (Caja 2x5 Kg.)",2025-07,15
11,PASDEFG07,"Decoración Alfabeto (Caja 2x5 Kg.)",2025-08,4
11,PASDEFG07,"Decoración Alfabeto (Caja 2x5 Kg.)",2025-09,4
11,PASDEFG07,"Decoración Alfabeto (Caja 2x5 Kg.)",2025-10,8
11,PASDEFG07,"Decoración Alfabeto (Caja 2x5 Kg.)",2025-11,5
11,PASDEFG07,"Decoración Alfabeto (Caja 2x5 Kg.)",2025-12,1
11,PASDEFG07,"Decoración Alfabeto (Caja 2x5 Kg.)",2026-01,1
11,PASDEFG08,"Decoración Boquitas (Caja 5 Kg.)",2022-05,7
11,PASDEFG08,"Decoración Boquitas (Caja 5 Kg.)",2022-06,2
11,PASDEFG08,"Decoración Boquitas (Caja 5 Kg.)",2022-08,1
11,PASDEFG08,"Decoración Boquitas (Caja 5 Kg.)",2022-09,6
11,PASDEFG08,"Decoración Boquitas (Caja 5 Kg.)",2022-10,9
11,PASDEFG08,"Decoración Boquitas (Caja 5 Kg.)",2022-11,1
11,PASDEFG08,"Decoración Boquitas (Caja 5 Kg.)",2022-12,2
11,PASDEFG08,"Decoración Boquitas (Caja 5 Kg.)",2023-01,58
11,PASDEFG08,"Decoración Boquitas (Caja 5 Kg.)",2023-02,3
11,PASDEFG08,"Decoración Boquitas (Caja 5 Kg.)",2023-03,7
11,PASDEFG08,"Decoración Boquitas (Caja 5 Kg.)",2023-04,7
11,PASDEFG08,"Decoración Boquitas (Caja 5 Kg.)",2023-05,7
11,PASDEFG08,"Decoración Boquitas (Caja 5 Kg.)",2023-06,5
11,PASDEFG08,"Decoración Boquitas (Caja 5 Kg.)",2023-07,2
11,PASDEFG08,"Decoración Boquitas (Caja 5 Kg.)",2023-10,2
11,PASDEFG08,"Decoración Boquitas (Caja 5 Kg.)",2023-11,3
11,PASDEFG08,"Decoración Boquitas (Caja 5 Kg.)",2023-12,1
11,PASDEFG08,"Decoración Boquitas (Caja 5 Kg.)",2024-01,15
11,PASDEFG08,"Decoración Boquitas (Caja 5 Kg.)",2024-02,12
11,PASDEFG08,"Decoración Boquitas (Caja 5 Kg.)",2024-03,4
11,PASDEFG08,"Decoración Boquitas (Caja 5 Kg.)",2024-04,1
11,PASDEFG08,"Decoración Boquitas (Caja 5 Kg.)",2024-05,8
11,PASDEFG08,"Decoración Boquitas (Caja 5 Kg.)",2024-06,2
11,PASDEFG08,"Decoración Boquitas (Caja 5 Kg.)",2024-07,2
11,PASDEFG08,"Decoración Boquitas (Caja 5 Kg.)",2024-08,4
11,PASDEFG08,"Decoración Boquitas (Caja 5 Kg.)",2024-09,3
11,PASDEFG08,"Decoración Boquitas (Caja 5 Kg.)",2024-10,3
11,PASDEFG08,"Decoración Boquitas (Caja 5 Kg.)",2025-01,10
11,PASDEFG08,"Decoración Boquitas (Caja 5 Kg.)",2025-02,6
11,PASDEFG08,"Decoración Boquitas (Caja 5 Kg.)",2025-03,3
11,PASDEFG08,"Decoración Boquitas (Caja 5 Kg.)",2025-04,2
11,PASDEFG08,"Decoración Boquitas (Caja 5 Kg.)",2025-05,1
11,PASDEFG08,"Decoración Boquitas (Caja 5 Kg.)",2025-09,1
11,PASDEFG08,"Decoración Boquitas (Caja 5 Kg.)",2025-10,15
11,PASDEFG08,"Decoración Boquitas (Caja 5 Kg.)",2025-11,10
11,PASDEFG10,"Decoración Flores (Caja 2x5 Kg.)",2022-05,3
11,PASDEFG10,"Decoración Flores (Caja 2x5 Kg.)",2022-06,2
11,PASDEFG10,"Decoración Flores (Caja 2x5 Kg.)",2022-07,8
11,PASDEFG10,"Decoración Flores (Caja 2x5 Kg.)",2022-09,3
11,PASDEFG10,"Decoración Flores (Caja 2x5 Kg.)",2022-10,9
11,PASDEFG10,"Decoración Flores (Caja 2x5 Kg.)",2022-11,6
11,PASDEFG10,"Decoración Flores (Caja 2x5 Kg.)",2022-12,1
11,PASDEFG10,"Decoración Flores (Caja 2x5 Kg.)",2023-01,5
11,PASDEFG10,"Decoración Flores (Caja 2x5 Kg.)",2023-02,2
11,PASDEFG10,"Decoración Flores (Caja 2x5 Kg.)",2023-03,4
11,PASDEFG10,"Decoración Flores (Caja 2x5 Kg.)",2023-04,15
11,PASDEFG10,"Decoración Flores (Caja 2x5 Kg.)",2023-05,11
11,PASDEFG10,"Decoración Flores (Caja 2x5 Kg.)",2023-06,8
11,PASDEFG10,"Decoración Flores (Caja 2x5 Kg.)",2023-07,15
11,PASDEFG10,"Decoración Flores (Caja 2x5 Kg.)",2023-08,4
11,PASDEFG10,"Decoración Flores (Caja 2x5 Kg.)",2023-10,7
11,PASDEFG10,"Decoración Flores (Caja 2x5 Kg.)",2023-11,14
11,PASDEFG10,"Decoración Flores (Caja 2x5 Kg.)",2023-12,3
11,PASDEFG10,"Decoración Flores (Caja 2x5 Kg.)",2024-01,4
11,PASDEFG10,"Decoración Flores (Caja 2x5 Kg.)",2024-02,1
11,PASDEFG10,"Decoración Flores (Caja 2x5 Kg.)",2024-03,14
11,PASDEFG10,"Decoración Flores (Caja 2x5 Kg.)",2024-04,10
11,PASDEFG10,"Decoración Flores (Caja 2x5 Kg.)",2024-05,4
11,PASDEFG10,"Decoración Flores (Caja 2x5 Kg.)",2024-06,4
11,PASDEFG10,"Decoración Flores (Caja 2x5 Kg.)",2024-07,7
11,PASDEFG10,"Decoración Flores (Caja 2x5 Kg.)",2024-08,2
11,PASDEFG10,"Decoración Flores (Caja 2x5 Kg.)",2024-09,9
11,PASDEFG10,"Decoración Flores (Caja 2x5 Kg.)",2024-10,10
11,PASDEFG10,"Decoración Flores (Caja 2x5 Kg.)",2024-11,9
11,PASDEFG10,"Decoración Flores (Caja 2x5 Kg.)",2024-12,2
11,PASDEFG10,"Decoración Flores (Caja 2x5 Kg.)",2025-01,1
11,PASDEFG10,"Decoración Flores (Caja 2x5 Kg.)",2025-02,11
11,PASDEFG10,"Decoración Flores (Caja 2x5 Kg.)",2025-03,11
11,PASDEFG13,"Decoración Corazón (Caja 2x5 Kg.)",2022-05,79
11,PASDEFG13,"Decoración Corazón (Caja 2x5 Kg.)",2022-06,30
11,PASDEFG13,"Decoración Corazón (Caja 2x5 Kg.)",2022-07,47
11,PASDEFG13,"Decoración Corazón (Caja 2x5 Kg.)",2022-08,50
11,PASDEFG13,"Decoración Corazón (Caja 2x5 Kg.)",2022-09,25
11,PASDEFG13,"Decoración Corazón (Caja 2x5 Kg.)",2022-10,41
11,PASDEFG13,"Decoración Corazón (Caja 2x5 Kg.)",2022-11,374
11,PASDEFG13,"Decoración Corazón (Caja 2x5 Kg.)",2022-12,41
11,PASDEFG13,"Decoración Corazón (Caja 2x5 Kg.)",2023-01,146
11,PASDEFG13,"Decoración Corazón (Caja 2x5 Kg.)",2023-02,88
11,PASDEFG13,"Decoración Corazón (Caja 2x5 Kg.)",2023-03,107
11,PASDEFG13,"Decoración Corazón (Caja 2x5 Kg.)",2023-04,120
11,PASDEFG13,"Decoración Corazón (Caja 2x5 Kg.)",2023-05,402
11,PASDEFG13,"Decoración Corazón (Caja 2x5 Kg.)",2023-06,63
11,PASDEFG13,"Decoración Corazón (Caja 2x5 Kg.)",2023-07,164
11,PASDEFG13,"Decoración Corazón (Caja 2x5 Kg.)",2023-08,162
11,PASDEFG13,"Decoración Corazón (Caja 2x5 Kg.)",2023-09,51
11,PASDEFG13,"Decoración Corazón (Caja 2x5 Kg.)",2023-10,318
11,PASDEFG13,"Decoración Corazón (Caja 2x5 Kg.)",2023-11,84
11,PASDEFG13,"Decoración Corazón (Caja 2x5 Kg.)",2023-12,46
11,PASDEFG13,"Decoración Corazón (Caja 2x5 Kg.)",2024-01,147
11,PASDEFG13,"Decoración Corazón (Caja 2x5 Kg.)",2024-02,120
11,PASDEFG13,"Decoración Corazón (Caja 2x5 Kg.)",2024-03,166
11,PASDEFG13,"Decoración Corazón (Caja 2x5 Kg.)",2024-04,173
11,PASDEFG13,"Decoración Corazón (Caja 2x5 Kg.)",2024-05,197
11,PASDEFG13,"Decoración Corazón (Caja 2x5 Kg.)",2024-06,45
11,PASDEFG13,"Decoración Corazón (Caja 2x5 Kg.)",2024-07,63
11,PASDEFG13,"Decoración Corazón (Caja 2x5 Kg.)",2024-08,141
11,PASDEFG13,"Decoración Corazón (Caja 2x5 Kg.)",2024-09,54
11,PASDEFG13,"Decoración Corazón (Caja 2x5 Kg.)",2024-10,231
11,PASDEFG13,"Decoración Corazón (Caja 2x5 Kg.)",2024-11,122
11,PASDEFG13,"Decoración Corazón (Caja 2x5 Kg.)",2024-12,239
11,PASDEFG13,"Decoración Corazón (Caja 2x5 Kg.)",2025-01,270
11,PASDEFG13,"Decoración Corazón (Caja 2x5 Kg.)",2025-02,207
11,PASDEFG13,"Decoración Corazón (Caja 2x5 Kg.)",2025-03,191
11,PASDEFG13,"Decoración Corazón (Caja 2x5 Kg.)",2025-04,178
11,PASDEFG13,"Decoración Corazón (Caja 2x5 Kg.)",2025-05,222
11,PASDEFG13,"Decoración Corazón (Caja 2x5 Kg.)",2025-06,83
11,PASDEFG13,"Decoración Corazón (Caja 2x5 Kg.)",2025-07,238
11,PASDEFG13,"Decoración Corazón (Caja 2x5 Kg.)",2025-08,103
11,PASDEFG13,"Decoración Corazón (Caja 2x5 Kg.)",2025-09,14
11,PASDEFG13,"Decoración Corazón (Caja 2x5 Kg.)",2025-10,80
11,PASDEFG13,"Decoración Corazón (Caja 2x5 Kg.)",2025-11,53
11,PASDEFG13,"Decoración Corazón (Caja 2x5 Kg.)",2025-12,165
11,PASDEFG13,"Decoración Corazón (Caja 2x5 Kg.)",2026-01,103
11,PASDEFG13,"Decoración Corazón (Caja 2x5 Kg.)",2026-02,252
11,PASDEFG13,"Decoración Corazón (Caja 2x5 Kg.)",2026-03,89
11,PASDEFG13,"Decoración Corazón (Caja 2x5 Kg.)",2026-04,259
11,PASDEFG13,"Decoración Corazón (Caja 2x5 Kg.)",2026-05,87
11,PASDEFG13,"Decoración Corazón (Caja 2x5 Kg.)",2026-06,170
11,PASDEFG14,"Decoración Estrella Pastel (Caja 4x2.27 Kg.)",2022-05,15
11,PASDEFG14,"Decoración Estrella Pastel (Caja 4x2.27 Kg.)",2022-06,9
11,PASDEFG14,"Decoración Estrella Pastel (Caja 4x2.27 Kg.)",2022-07,12
11,PASDEFG14,"Decoración Estrella Pastel (Caja 4x2.27 Kg.)",2022-08,34
11,PASDEFG14,"Decoración Estrella Pastel (Caja 4x2.27 Kg.)",2022-09,8
11,PASDEFG14,"Decoración Estrella Pastel (Caja 4x2.27 Kg.)",2022-10,33
11,PASDEFG14,"Decoración Estrella Pastel (Caja 4x2.27 Kg.)",2022-11,13
11,PASDEFG14,"Decoración Estrella Pastel (Caja 4x2.27 Kg.)",2022-12,8
11,PASDEFG14,"Decoración Estrella Pastel (Caja 4x2.27 Kg.)",2023-01,7
11,PASDEFG14,"Decoración Estrella Pastel (Caja 4x2.27 Kg.)",2023-02,8
11,PASDEFG14,"Decoración Estrella Pastel (Caja 4x2.27 Kg.)",2023-03,18
11,PASDEFG14,"Decoración Estrella Pastel (Caja 4x2.27 Kg.)",2023-04,28
11,PASDEFG14,"Decoración Estrella Pastel (Caja 4x2.27 Kg.)",2023-05,38
11,PASDEFG14,"Decoración Estrella Pastel (Caja 4x2.27 Kg.)",2023-06,42
11,PASDEFG14,"Decoración Estrella Pastel (Caja 4x2.27 Kg.)",2023-07,40
11,PASDEFG14,"Decoración Estrella Pastel (Caja 4x2.27 Kg.)",2023-08,40
11,PASDEFG14,"Decoración Estrella Pastel (Caja 4x2.27 Kg.)",2023-09,14
11,PASDEFG14,"Decoración Estrella Pastel (Caja 4x2.27 Kg.)",2023-10,20
11,PASDEFG14,"Decoración Estrella Pastel (Caja 4x2.27 Kg.)",2023-11,34
11,PASDEFG14,"Decoración Estrella Pastel (Caja 4x2.27 Kg.)",2023-12,4
11,PASDEFG14,"Decoración Estrella Pastel (Caja 4x2.27 Kg.)",2024-01,17
11,PASDEFG14,"Decoración Estrella Pastel (Caja 4x2.27 Kg.)",2024-02,26
11,PASDEFG14,"Decoración Estrella Pastel (Caja 4x2.27 Kg.)",2024-03,25
11,PASDEFG14,"Decoración Estrella Pastel (Caja 4x2.27 Kg.)",2024-04,32
11,PASDEFG14,"Decoración Estrella Pastel (Caja 4x2.27 Kg.)",2024-05,28
11,PASDEFG14,"Decoración Estrella Pastel (Caja 4x2.27 Kg.)",2024-06,17
11,PASDEFG14,"Decoración Estrella Pastel (Caja 4x2.27 Kg.)",2024-07,34
11,PASDEFG14,"Decoración Estrella Pastel (Caja 4x2.27 Kg.)",2024-08,40
11,PASDEFG14,"Decoración Estrella Pastel (Caja 4x2.27 Kg.)",2024-09,29
11,PASDEFG14,"Decoración Estrella Pastel (Caja 4x2.27 Kg.)",2024-10,53
11,PASDEFG14,"Decoración Estrella Pastel (Caja 4x2.27 Kg.)",2024-11,35
11,PASDEFG14,"Decoración Estrella Pastel (Caja 4x2.27 Kg.)",2024-12,20
11,PASDEFG14,"Decoración Estrella Pastel (Caja 4x2.27 Kg.)",2025-01,21
11,PASDEFG14,"Decoración Estrella Pastel (Caja 4x2.27 Kg.)",2025-02,22
11,PASDEFG14,"Decoración Estrella Pastel (Caja 4x2.27 Kg.)",2025-03,24
11,PASDEFG14,"Decoración Estrella Pastel (Caja 4x2.27 Kg.)",2025-04,19
11,PASDEFG14,"Decoración Estrella Pastel (Caja 4x2.27 Kg.)",2025-05,26
11,PASDEFG14,"Decoración Estrella Pastel (Caja 4x2.27 Kg.)",2025-06,19
11,PASDEFG14,"Decoración Estrella Pastel (Caja 4x2.27 Kg.)",2025-07,27
11,PASDEFG14,"Decoración Estrella Pastel (Caja 4x2.27 Kg.)",2025-08,38
11,PASDEFG14,"Decoración Estrella Pastel (Caja 4x2.27 Kg.)",2025-09,16
11,PASDEFG14,"Decoración Estrella Pastel (Caja 4x2.27 Kg.)",2025-10,42
11,PASDEFG14,"Decoración Estrella Pastel (Caja 4x2.27 Kg.)",2025-11,29
11,PASDEFG14,"Decoración Estrella Pastel (Caja 4x2.27 Kg.)",2025-12,30
11,PASDEFG14,"Decoración Estrella Pastel (Caja 4x2.27 Kg.)",2026-01,8
11,PASDEFG15,"Decoración Estrellas (Caja 2x5 Kg.)",2022-05,42
11,PASDEFG15,"Decoración Estrellas (Caja 2x5 Kg.)",2022-06,40
11,PASDEFG15,"Decoración Estrellas (Caja 2x5 Kg.)",2022-07,124
11,PASDEFG15,"Decoración Estrellas (Caja 2x5 Kg.)",2022-08,41
11,PASDEFG15,"Decoración Estrellas (Caja 2x5 Kg.)",2022-09,45
11,PASDEFG15,"Decoración Estrellas (Caja 2x5 Kg.)",2022-10,4
11,PASDEFG15,"Decoración Estrellas (Caja 2x5 Kg.)",2022-11,517
11,PASDEFG15,"Decoración Estrellas (Caja 2x5 Kg.)",2022-12,17
11,PASDEFG15,"Decoración Estrellas (Caja 2x5 Kg.)",2023-01,42
11,PASDEFG15,"Decoración Estrellas (Caja 2x5 Kg.)",2023-02,28
11,PASDEFG15,"Decoración Estrellas (Caja 2x5 Kg.)",2023-03,62
11,PASDEFG15,"Decoración Estrellas (Caja 2x5 Kg.)",2023-04,40
11,PASDEFG15,"Decoración Estrellas (Caja 2x5 Kg.)",2023-05,271
11,PASDEFG15,"Decoración Estrellas (Caja 2x5 Kg.)",2023-06,272
11,PASDEFG15,"Decoración Estrellas (Caja 2x5 Kg.)",2023-07,181
11,PASDEFG15,"Decoración Estrellas (Caja 2x5 Kg.)",2023-08,238
11,PASDEFG15,"Decoración Estrellas (Caja 2x5 Kg.)",2023-09,70
11,PASDEFG15,"Decoración Estrellas (Caja 2x5 Kg.)",2023-10,450
11,PASDEFG15,"Decoración Estrellas (Caja 2x5 Kg.)",2023-12,270
11,PASDEFG15,"Decoración Estrellas (Caja 2x5 Kg.)",2024-01,38
11,PASDEFG15,"Decoración Estrellas (Caja 2x5 Kg.)",2024-02,42
11,PASDEFG15,"Decoración Estrellas (Caja 2x5 Kg.)",2024-03,278
11,PASDEFG15,"Decoración Estrellas (Caja 2x5 Kg.)",2024-04,75
11,PASDEFG15,"Decoración Estrellas (Caja 2x5 Kg.)",2024-05,143
11,PASDEFG15,"Decoración Estrellas (Caja 2x5 Kg.)",2024-06,33
11,PASDEFG15,"Decoración Estrellas (Caja 2x5 Kg.)",2024-07,54
11,PASDEFG15,"Decoración Estrellas (Caja 2x5 Kg.)",2024-08,426
11,PASDEFG15,"Decoración Estrellas (Caja 2x5 Kg.)",2024-09,49
11,PASDEFG15,"Decoración Estrellas (Caja 2x5 Kg.)",2024-10,394
11,PASDEFG15,"Decoración Estrellas (Caja 2x5 Kg.)",2024-11,420
11,PASDEFG15,"Decoración Estrellas (Caja 2x5 Kg.)",2024-12,50
11,PASDEFG15,"Decoración Estrellas (Caja 2x5 Kg.)",2025-01,156
11,PASDEFG15,"Decoración Estrellas (Caja 2x5 Kg.)",2025-02,45
11,PASDEFG15,"Decoración Estrellas (Caja 2x5 Kg.)",2025-03,267
11,PASDEFG15,"Decoración Estrellas (Caja 2x5 Kg.)",2025-04,45
11,PASDEFG15,"Decoración Estrellas (Caja 2x5 Kg.)",2025-05,264
11,PASDEFG15,"Decoración Estrellas (Caja 2x5 Kg.)",2025-06,56
11,PASDEFG15,"Decoración Estrellas (Caja 2x5 Kg.)",2025-07,169
11,PASDEFG15,"Decoración Estrellas (Caja 2x5 Kg.)",2025-08,100
11,PASDEFG15,"Decoración Estrellas (Caja 2x5 Kg.)",2025-09,37
11,PASDEFG15,"Decoración Estrellas (Caja 2x5 Kg.)",2025-10,57
11,PASDEFG15,"Decoración Estrellas (Caja 2x5 Kg.)",2025-11,57
11,PASDEFG15,"Decoración Estrellas (Caja 2x5 Kg.)",2025-12,178
11,PASDEFG15,"Decoración Estrellas (Caja 2x5 Kg.)",2026-01,80
11,PASDEFG15,"Decoración Estrellas (Caja 2x5 Kg.)",2026-02,147
11,PASDEFG15,"Decoración Estrellas (Caja 2x5 Kg.)",2026-03,42
11,PASDEFG15,"Decoración Estrellas (Caja 2x5 Kg.)",2026-04,255
11,PASDEFG15,"Decoración Estrellas (Caja 2x5 Kg.)",2026-05,34
11,PASDEFG15,"Decoración Estrellas (Caja 2x5 Kg.)",2026-06,243
11,PASDEFG17,"Decoración Micro Confetti (Caja 2x5 Kg.)",2022-05,15
11,PASDEFG17,"Decoración Micro Confetti (Caja 2x5 Kg.)",2022-06,6
11,PASDEFG17,"Decoración Micro Confetti (Caja 2x5 Kg.)",2022-07,12
11,PASDEFG17,"Decoración Micro Confetti (Caja 2x5 Kg.)",2022-08,19
11,PASDEFG17,"Decoración Micro Confetti (Caja 2x5 Kg.)",2022-09,16
11,PASDEFG17,"Decoración Micro Confetti (Caja 2x5 Kg.)",2022-10,14
11,PASDEFG17,"Decoración Micro Confetti (Caja 2x5 Kg.)",2022-11,16
11,PASDEFG17,"Decoración Micro Confetti (Caja 2x5 Kg.)",2022-12,3
11,PASDEFG17,"Decoración Micro Confetti (Caja 2x5 Kg.)",2023-01,12
11,PASDEFG17,"Decoración Micro Confetti (Caja 2x5 Kg.)",2023-02,8
11,PASDEFG17,"Decoración Micro Confetti (Caja 2x5 Kg.)",2023-03,14
11,PASDEFG17,"Decoración Micro Confetti (Caja 2x5 Kg.)",2023-04,10
11,PASDEFG17,"Decoración Micro Confetti (Caja 2x5 Kg.)",2023-05,19
11,PASDEFG17,"Decoración Micro Confetti (Caja 2x5 Kg.)",2023-06,31
11,PASDEFG17,"Decoración Micro Confetti (Caja 2x5 Kg.)",2023-07,23
11,PASDEFG17,"Decoración Micro Confetti (Caja 2x5 Kg.)",2023-08,10
11,PASDEFG17,"Decoración Micro Confetti (Caja 2x5 Kg.)",2023-09,0
11,PASDEFG17,"Decoración Micro Confetti (Caja 2x5 Kg.)",2023-10,24
11,PASDEFG17,"Decoración Micro Confetti (Caja 2x5 Kg.)",2023-11,30
11,PASDEFG17,"Decoración Micro Confetti (Caja 2x5 Kg.)",2023-12,12
11,PASDEFG17,"Decoración Micro Confetti (Caja 2x5 Kg.)",2024-01,10
11,PASDEFG17,"Decoración Micro Confetti (Caja 2x5 Kg.)",2024-02,11
11,PASDEFG17,"Decoración Micro Confetti (Caja 2x5 Kg.)",2024-03,23
11,PASDEFG17,"Decoración Micro Confetti (Caja 2x5 Kg.)",2024-04,27
11,PASDEFG17,"Decoración Micro Confetti (Caja 2x5 Kg.)",2024-05,19
11,PASDEFG17,"Decoración Micro Confetti (Caja 2x5 Kg.)",2024-06,13
11,PASDEFG17,"Decoración Micro Confetti (Caja 2x5 Kg.)",2024-07,24
11,PASDEFG17,"Decoración Micro Confetti (Caja 2x5 Kg.)",2024-08,20
11,PASDEFG17,"Decoración Micro Confetti (Caja 2x5 Kg.)",2024-09,12
11,PASDEFG17,"Decoración Micro Confetti (Caja 2x5 Kg.)",2024-10,24
11,PASDEFG17,"Decoración Micro Confetti (Caja 2x5 Kg.)",2024-11,6
11,PASDEFG17,"Decoración Micro Confetti (Caja 2x5 Kg.)",2024-12,13
11,PASDEFG17,"Decoración Micro Confetti (Caja 2x5 Kg.)",2025-01,7
11,PASDEFG17,"Decoración Micro Confetti (Caja 2x5 Kg.)",2025-02,7
11,PASDEFG17,"Decoración Micro Confetti (Caja 2x5 Kg.)",2025-03,6
11,PASDEFG17,"Decoración Micro Confetti (Caja 2x5 Kg.)",2025-04,35
11,PASDEFG17,"Decoración Micro Confetti (Caja 2x5 Kg.)",2025-05,12
11,PASDEFG17,"Decoración Micro Confetti (Caja 2x5 Kg.)",2025-06,15
11,PASDEFG17,"Decoración Micro Confetti (Caja 2x5 Kg.)",2025-07,17
11,PASDEFG17,"Decoración Micro Confetti (Caja 2x5 Kg.)",2025-08,18
11,PASDEFG17,"Decoración Micro Confetti (Caja 2x5 Kg.)",2025-09,16
11,PASDEFG17,"Decoración Micro Confetti (Caja 2x5 Kg.)",2025-10,24
11,PASDEFG17,"Decoración Micro Confetti (Caja 2x5 Kg.)",2025-11,18
11,PASDEFG17,"Decoración Micro Confetti (Caja 2x5 Kg.)",2025-12,15
11,PASDEFG17,"Decoración Micro Confetti (Caja 2x5 Kg.)",2026-01,7
11,PASDEFG17,"Decoración Micro Confetti (Caja 2x5 Kg.)",2026-02,12
11,PASDEFG17,"Decoración Micro Confetti (Caja 2x5 Kg.)",2026-03,9
11,PASDEFG17,"Decoración Micro Confetti (Caja 2x5 Kg.)",2026-04,21
11,PASDEFG17,"Decoración Micro Confetti (Caja 2x5 Kg.)",2026-05,7
11,PASDEFG17,"Decoración Micro Confetti (Caja 2x5 Kg.)",2026-06,22
11,PASDEFG18,"Decoración Mini Confetti (Caja 2x5 Kg.)",2022-05,17
11,PASDEFG18,"Decoración Mini Confetti (Caja 2x5 Kg.)",2022-06,3
11,PASDEFG18,"Decoración Mini Confetti (Caja 2x5 Kg.)",2022-07,4
11,PASDEFG18,"Decoración Mini Confetti (Caja 2x5 Kg.)",2022-08,20
11,PASDEFG18,"Decoración Mini Confetti (Caja 2x5 Kg.)",2022-09,13
11,PASDEFG18,"Decoración Mini Confetti (Caja 2x5 Kg.)",2022-10,16
11,PASDEFG18,"Decoración Mini Confetti (Caja 2x5 Kg.)",2022-11,5
11,PASDEFG18,"Decoración Mini Confetti (Caja 2x5 Kg.)",2022-12,17
11,PASDEFG18,"Decoración Mini Confetti (Caja 2x5 Kg.)",2023-01,13
11,PASDEFG18,"Decoración Mini Confetti (Caja 2x5 Kg.)",2023-03,21
11,PASDEFG18,"Decoración Mini Confetti (Caja 2x5 Kg.)",2023-04,28
11,PASDEFG18,"Decoración Mini Confetti (Caja 2x5 Kg.)",2023-05,14
11,PASDEFG18,"Decoración Mini Confetti (Caja 2x5 Kg.)",2023-06,22
11,PASDEFG18,"Decoración Mini Confetti (Caja 2x5 Kg.)",2023-07,31
11,PASDEFG18,"Decoración Mini Confetti (Caja 2x5 Kg.)",2023-08,39
11,PASDEFG18,"Decoración Mini Confetti (Caja 2x5 Kg.)",2023-09,13
11,PASDEFG18,"Decoración Mini Confetti (Caja 2x5 Kg.)",2023-10,29
11,PASDEFG18,"Decoración Mini Confetti (Caja 2x5 Kg.)",2023-11,25
11,PASDEFG18,"Decoración Mini Confetti (Caja 2x5 Kg.)",2023-12,4
11,PASDEFG18,"Decoración Mini Confetti (Caja 2x5 Kg.)",2024-01,16
11,PASDEFG18,"Decoración Mini Confetti (Caja 2x5 Kg.)",2024-02,11
11,PASDEFG18,"Decoración Mini Confetti (Caja 2x5 Kg.)",2024-03,13
11,PASDEFG18,"Decoración Mini Confetti (Caja 2x5 Kg.)",2024-04,26
11,PASDEFG18,"Decoración Mini Confetti (Caja 2x5 Kg.)",2024-05,8
11,PASDEFG18,"Decoración Mini Confetti (Caja 2x5 Kg.)",2024-06,13
11,PASDEFG18,"Decoración Mini Confetti (Caja 2x5 Kg.)",2024-07,18
11,PASDEFG18,"Decoración Mini Confetti (Caja 2x5 Kg.)",2024-08,45
11,PASDEFG18,"Decoración Mini Confetti (Caja 2x5 Kg.)",2024-09,17
11,PASDEFG18,"Decoración Mini Confetti (Caja 2x5 Kg.)",2024-10,29
11,PASDEFG18,"Decoración Mini Confetti (Caja 2x5 Kg.)",2024-11,13
11,PASDEFG18,"Decoración Mini Confetti (Caja 2x5 Kg.)",2024-12,12
11,PASDEFG18,"Decoración Mini Confetti (Caja 2x5 Kg.)",2025-01,14
11,PASDEFG18,"Decoración Mini Confetti (Caja 2x5 Kg.)",2025-02,17
11,PASDEFG18,"Decoración Mini Confetti (Caja 2x5 Kg.)",2025-03,10
11,PASDEFG18,"Decoración Mini Confetti (Caja 2x5 Kg.)",2025-04,11
11,PASDEFG18,"Decoración Mini Confetti (Caja 2x5 Kg.)",2025-05,20
11,PASDEFG18,"Decoración Mini Confetti (Caja 2x5 Kg.)",2025-06,14
11,PASDEFG18,"Decoración Mini Confetti (Caja 2x5 Kg.)",2025-07,21
11,PASDEFG18,"Decoración Mini Confetti (Caja 2x5 Kg.)",2025-08,25
11,PASDEFG18,"Decoración Mini Confetti (Caja 2x5 Kg.)",2025-09,24
11,PASDEFG18,"Decoración Mini Confetti (Caja 2x5 Kg.)",2025-10,23
11,PASDEFG18,"Decoración Mini Confetti (Caja 2x5 Kg.)",2025-11,13
11,PASDEFG18,"Decoración Mini Confetti (Caja 2x5 Kg.)",2025-12,7
11,PASDEFG18,"Decoración Mini Confetti (Caja 2x5 Kg.)",2026-01,4
11,PASDEFG20,"Decoración Copo Nieve Frozen (Caja 4x2,27 Kg.)",2022-05,2
11,PASDEFG20,"Decoración Copo Nieve Frozen (Caja 4x2,27 Kg.)",2022-06,2
11,PASDEFG20,"Decoración Copo Nieve Frozen (Caja 4x2,27 Kg.)",2022-07,8
11,PASDEFG20,"Decoración Copo Nieve Frozen (Caja 4x2,27 Kg.)",2022-08,3
11,PASDEFG20,"Decoración Copo Nieve Frozen (Caja 4x2,27 Kg.)",2022-09,3
11,PASDEFG20,"Decoración Copo Nieve Frozen (Caja 4x2,27 Kg.)",2022-10,10
11,PASDEFG20,"Decoración Copo Nieve Frozen (Caja 4x2,27 Kg.)",2022-11,1
11,PASDEFG20,"Decoración Copo Nieve Frozen (Caja 4x2,27 Kg.)",2022-12,4
11,PASDEFG20,"Decoración Copo Nieve Frozen (Caja 4x2,27 Kg.)",2023-01,3
11,PASDEFG20,"Decoración Copo Nieve Frozen (Caja 4x2,27 Kg.)",2023-02,2
11,PASDEFG20,"Decoración Copo Nieve Frozen (Caja 4x2,27 Kg.)",2023-03,5
11,PASDEFG20,"Decoración Copo Nieve Frozen (Caja 4x2,27 Kg.)",2023-04,9
11,PASDEFG20,"Decoración Copo Nieve Frozen (Caja 4x2,27 Kg.)",2023-05,13
11,PASDEFG20,"Decoración Copo Nieve Frozen (Caja 4x2,27 Kg.)",2023-06,8
11,PASDEFG20,"Decoración Copo Nieve Frozen (Caja 4x2,27 Kg.)",2023-07,4
11,PASDEFG20,"Decoración Copo Nieve Frozen (Caja 4x2,27 Kg.)",2023-08,9
11,PASDEFG20,"Decoración Copo Nieve Frozen (Caja 4x2,27 Kg.)",2023-09,4
11,PASDEFG20,"Decoración Copo Nieve Frozen (Caja 4x2,27 Kg.)",2023-10,9
11,PASDEFG20,"Decoración Copo Nieve Frozen (Caja 4x2,27 Kg.)",2023-11,13
11,PASDEFG20,"Decoración Copo Nieve Frozen (Caja 4x2,27 Kg.)",2023-12,4
11,PASDEFG20,"Decoración Copo Nieve Frozen (Caja 4x2,27 Kg.)",2024-01,5
11,PASDEFG20,"Decoración Copo Nieve Frozen (Caja 4x2,27 Kg.)",2024-02,4
11,PASDEFG20,"Decoración Copo Nieve Frozen (Caja 4x2,27 Kg.)",2024-03,1
11,PASDEFG20,"Decoración Copo Nieve Frozen (Caja 4x2,27 Kg.)",2024-04,4
11,PASDEFG20,"Decoración Copo Nieve Frozen (Caja 4x2,27 Kg.)",2024-05,9
11,PASDEFG20,"Decoración Copo Nieve Frozen (Caja 4x2,27 Kg.)",2024-06,11
11,PASDEFG20,"Decoración Copo Nieve Frozen (Caja 4x2,27 Kg.)",2024-07,4
11,PASDEFG20,"Decoración Copo Nieve Frozen (Caja 4x2,27 Kg.)",2024-08,9
11,PASDEFG20,"Decoración Copo Nieve Frozen (Caja 4x2,27 Kg.)",2024-09,1
11,PASDEFG20,"Decoración Copo Nieve Frozen (Caja 4x2,27 Kg.)",2024-10,1
11,PASDEFG22,"Semiguin Rojo (Bolsa 1 Kg.)",2022-05,104
11,PASDEFG22,"Semiguin Rojo (Bolsa 1 Kg.)",2022-06,145
11,PASDEFG22,"Semiguin Rojo (Bolsa 1 Kg.)",2022-07,86
11,PASDEFG22,"Semiguin Rojo (Bolsa 1 Kg.)",2022-08,385
11,PASDEFG22,"Semiguin Rojo (Bolsa 1 Kg.)",2022-09,100
11,PASDEFG22,"Semiguin Rojo (Bolsa 1 Kg.)",2022-12,262
11,PASDEFG22,"Semiguin Rojo (Bolsa 1 Kg.)",2023-01,37
11,PASDEFG22,"Semiguin Rojo (Bolsa 1 Kg.)",2023-02,190
11,PASDEFG22,"Semiguin Rojo (Bolsa 1 Kg.)",2023-03,215
11,PASDEFG22,"Semiguin Rojo (Bolsa 1 Kg.)",2023-04,94
11,PASDEFG22,"Semiguin Rojo (Bolsa 1 Kg.)",2023-05,65
11,PASDEFG22,"Semiguin Rojo (Bolsa 1 Kg.)",2023-06,78
11,PASDEFG22,"Semiguin Rojo (Bolsa 1 Kg.)",2023-07,100
11,PASDEFG22,"Semiguin Rojo (Bolsa 1 Kg.)",2023-08,80
11,PASDEFG22,"Semiguin Rojo (Bolsa 1 Kg.)",2023-09,116
11,PASDEFG22,"Semiguin Rojo (Bolsa 1 Kg.)",2023-10,75
11,PASDEFG22,"Semiguin Rojo (Bolsa 1 Kg.)",2023-11,95
11,PASDEFG22,"Semiguin Rojo (Bolsa 1 Kg.)",2023-12,76
11,PASDEFG22,"Semiguin Rojo (Bolsa 1 Kg.)",2024-01,80
11,PASDEFG22,"Semiguin Rojo (Bolsa 1 Kg.)",2024-02,65
11,PASDEFG22,"Semiguin Rojo (Bolsa 1 Kg.)",2024-03,70
11,PASDEFG22,"Semiguin Rojo (Bolsa 1 Kg.)",2024-04,85
11,PASDEFG22,"Semiguin Rojo (Bolsa 1 Kg.)",2024-05,85
11,PASDEFG22,"Semiguin Rojo (Bolsa 1 Kg.)",2024-06,66
11,PASDEFG22,"Semiguin Rojo (Bolsa 1 Kg.)",2024-07,84
11,PASDEFG22,"Semiguin Rojo (Bolsa 1 Kg.)",2024-08,112
11,PASDEFG22,"Semiguin Rojo (Bolsa 1 Kg.)",2024-09,35
11,PASDEFG22,"Semiguin Rojo (Bolsa 1 Kg.)",2024-10,128
11,PASDEFG22,"Semiguin Rojo (Bolsa 1 Kg.)",2024-11,185
11,PASDEFG22,"Semiguin Rojo (Bolsa 1 Kg.)",2024-12,110
11,PASDEFG22,"Semiguin Rojo (Bolsa 1 Kg.)",2025-01,33
11,PASDEFG22,"Semiguin Rojo (Bolsa 1 Kg.)",2025-02,233
11,PASDEFG22,"Semiguin Rojo (Bolsa 1 Kg.)",2025-03,26
11,PASDEFG22,"Semiguin Rojo (Bolsa 1 Kg.)",2025-04,38
11,PASDEFG22,"Semiguin Rojo (Bolsa 1 Kg.)",2025-05,110
11,PASDEFG22,"Semiguin Rojo (Bolsa 1 Kg.)",2025-06,65
11,PASDEFG22,"Semiguin Rojo (Bolsa 1 Kg.)",2025-07,71
11,PASDEFG22,"Semiguin Rojo (Bolsa 1 Kg.)",2025-08,30
11,PASDEFG22,"Semiguin Rojo (Bolsa 1 Kg.)",2025-09,75
11,PASDEFG22,"Semiguin Rojo (Bolsa 1 Kg.)",2025-10,157
11,PASDEFG22,"Semiguin Rojo (Bolsa 1 Kg.)",2025-11,123
11,PASDEFG22,"Semiguin Rojo (Bolsa 1 Kg.)",2025-12,81
11,PASDEFG22,"Semiguin Rojo (Bolsa 1 Kg.)",2026-01,95
11,PASDEFG22,"Semiguin Rojo (Bolsa 1 Kg.)",2026-02,26
11,PASDEFG22,"Semiguin Rojo (Bolsa 1 Kg.)",2026-03,93
11,PASDEFG22,"Semiguin Rojo (Bolsa 1 Kg.)",2026-04,65
11,PASDEFG22,"Semiguin Rojo (Bolsa 1 Kg.)",2026-05,101
11,PASDEFG22,"Semiguin Rojo (Bolsa 1 Kg.)",2026-06,80
11,PASDEFG23,"Semiguin Verde (Bolsa 1 Kg.)",2022-05,38
11,PASDEFG23,"Semiguin Verde (Bolsa 1 Kg.)",2022-06,25
11,PASDEFG23,"Semiguin Verde (Bolsa 1 Kg.)",2022-07,40
11,PASDEFG23,"Semiguin Verde (Bolsa 1 Kg.)",2022-08,23
11,PASDEFG23,"Semiguin Verde (Bolsa 1 Kg.)",2022-09,25
11,PASDEFG23,"Semiguin Verde (Bolsa 1 Kg.)",2022-10,55
11,PASDEFG23,"Semiguin Verde (Bolsa 1 Kg.)",2022-11,25
11,PASDEFG23,"Semiguin Verde (Bolsa 1 Kg.)",2022-12,4
11,PASDEFG23,"Semiguin Verde (Bolsa 1 Kg.)",2023-01,20
11,PASDEFG23,"Semiguin Verde (Bolsa 1 Kg.)",2023-02,30
11,PASDEFG23,"Semiguin Verde (Bolsa 1 Kg.)",2023-03,31
11,PASDEFG23,"Semiguin Verde (Bolsa 1 Kg.)",2023-04,35
11,PASDEFG23,"Semiguin Verde (Bolsa 1 Kg.)",2023-05,25
11,PASDEFG23,"Semiguin Verde (Bolsa 1 Kg.)",2023-06,30
11,PASDEFG23,"Semiguin Verde (Bolsa 1 Kg.)",2023-07,30
11,PASDEFG23,"Semiguin Verde (Bolsa 1 Kg.)",2023-08,35
11,PASDEFG23,"Semiguin Verde (Bolsa 1 Kg.)",2023-09,31
11,PASDEFG23,"Semiguin Verde (Bolsa 1 Kg.)",2023-10,40
11,PASDEFG23,"Semiguin Verde (Bolsa 1 Kg.)",2023-11,2
11,PASDEFG23,"Semiguin Verde (Bolsa 1 Kg.)",2023-12,56
11,PASDEFG23,"Semiguin Verde (Bolsa 1 Kg.)",2024-01,25
11,PASDEFG23,"Semiguin Verde (Bolsa 1 Kg.)",2024-03,37
11,PASDEFG23,"Semiguin Verde (Bolsa 1 Kg.)",2024-04,40
11,PASDEFG23,"Semiguin Verde (Bolsa 1 Kg.)",2024-05,25
11,PASDEFG23,"Semiguin Verde (Bolsa 1 Kg.)",2024-06,26
11,PASDEFG23,"Semiguin Verde (Bolsa 1 Kg.)",2024-07,35
11,PASDEFG23,"Semiguin Verde (Bolsa 1 Kg.)",2024-08,25
11,PASDEFG23,"Semiguin Verde (Bolsa 1 Kg.)",2024-09,20
11,PASDEFG23,"Semiguin Verde (Bolsa 1 Kg.)",2024-10,23
11,PASDEFG23,"Semiguin Verde (Bolsa 1 Kg.)",2024-11,40
11,PASDEFG23,"Semiguin Verde (Bolsa 1 Kg.)",2024-12,42
11,PASDEFG23,"Semiguin Verde (Bolsa 1 Kg.)",2025-01,25
11,PASDEFG23,"Semiguin Verde (Bolsa 1 Kg.)",2025-02,35
11,PASDEFG23,"Semiguin Verde (Bolsa 1 Kg.)",2025-03,25
11,PASDEFG23,"Semiguin Verde (Bolsa 1 Kg.)",2025-04,2
11,PASDEFG23,"Semiguin Verde (Bolsa 1 Kg.)",2025-05,40
11,PASDEFG23,"Semiguin Verde (Bolsa 1 Kg.)",2025-06,25
11,PASDEFG23,"Semiguin Verde (Bolsa 1 Kg.)",2025-07,25
11,PASDEFG23,"Semiguin Verde (Bolsa 1 Kg.)",2025-08,50
11,PASDEFG23,"Semiguin Verde (Bolsa 1 Kg.)",2025-09,49
11,PASDEFG23,"Semiguin Verde (Bolsa 1 Kg.)",2025-10,70
11,PASDEFG23,"Semiguin Verde (Bolsa 1 Kg.)",2025-11,27
11,PASDEFG23,"Semiguin Verde (Bolsa 1 Kg.)",2025-12,22
11,PASDEFG23,"Semiguin Verde (Bolsa 1 Kg.)",2026-01,30
11,PASDEFG23,"Semiguin Verde (Bolsa 1 Kg.)",2026-02,15
11,PASDEFG23,"Semiguin Verde (Bolsa 1 Kg.)",2026-03,40
11,PASDEFG23,"Semiguin Verde (Bolsa 1 Kg.)",2026-04,36
11,PASDEFG23,"Semiguin Verde (Bolsa 1 Kg.)",2026-05,35
11,PASDEFG23,"Semiguin Verde (Bolsa 1 Kg.)",2026-06,30
11,PASDEFG24,"Decoración Flocos Sabor Chocolate (Caja 20x500 Gr.)",2022-05,19
11,PASDEFG24,"Decoración Flocos Sabor Chocolate (Caja 20x500 Gr.)",2022-06,8
11,PASDEFG24,"Decoración Flocos Sabor Chocolate (Caja 20x500 Gr.)",2022-07,19
11,PASDEFG24,"Decoración Flocos Sabor Chocolate (Caja 20x500 Gr.)",2022-08,8
11,PASDEFG24,"Decoración Flocos Sabor Chocolate (Caja 20x500 Gr.)",2022-09,9
11,PASDEFG24,"Decoración Flocos Sabor Chocolate (Caja 20x500 Gr.)",2022-10,14
11,PASDEFG24,"Decoración Flocos Sabor Chocolate (Caja 20x500 Gr.)",2022-11,9
11,PASDEFG24,"Decoración Flocos Sabor Chocolate (Caja 20x500 Gr.)",2022-12,18
11,PASDEFG24,"Decoración Flocos Sabor Chocolate (Caja 20x500 Gr.)",2023-01,9
11,PASDEFG24,"Decoración Flocos Sabor Chocolate (Caja 20x500 Gr.)",2023-02,18
11,PASDEFG24,"Decoración Flocos Sabor Chocolate (Caja 20x500 Gr.)",2023-03,10
11,PASDEFG24,"Decoración Flocos Sabor Chocolate (Caja 20x500 Gr.)",2023-04,19
11,PASDEFG24,"Decoración Flocos Sabor Chocolate (Caja 20x500 Gr.)",2023-05,12
11,PASDEFG24,"Decoración Flocos Sabor Chocolate (Caja 20x500 Gr.)",2023-06,7
11,PASDEFG24,"Decoración Flocos Sabor Chocolate (Caja 20x500 Gr.)",2023-07,14
11,PASDEFG24,"Decoración Flocos Sabor Chocolate (Caja 20x500 Gr.)",2023-08,67
11,PASDEFG24,"Decoración Flocos Sabor Chocolate (Caja 20x500 Gr.)",2023-09,9
11,PASDEFG24,"Decoración Flocos Sabor Chocolate (Caja 20x500 Gr.)",2023-11,43
11,PASDEFG24,"Decoración Flocos Sabor Chocolate (Caja 20x500 Gr.)",2023-12,18
11,PASDEFG24,"Decoración Flocos Sabor Chocolate (Caja 20x500 Gr.)",2024-01,14
11,PASDEFG24,"Decoración Flocos Sabor Chocolate (Caja 20x500 Gr.)",2024-02,19
11,PASDEFG24,"Decoración Flocos Sabor Chocolate (Caja 20x500 Gr.)",2024-03,25
11,PASDEFG24,"Decoración Flocos Sabor Chocolate (Caja 20x500 Gr.)",2024-04,21
11,PASDEFG24,"Decoración Flocos Sabor Chocolate (Caja 20x500 Gr.)",2024-05,32
11,PASDEFG24,"Decoración Flocos Sabor Chocolate (Caja 20x500 Gr.)",2024-06,36
11,PASDEFG24,"Decoración Flocos Sabor Chocolate (Caja 20x500 Gr.)",2024-07,21
11,PASDEFG24,"Decoración Flocos Sabor Chocolate (Caja 20x500 Gr.)",2024-08,44
11,PASDEFG24,"Decoración Flocos Sabor Chocolate (Caja 20x500 Gr.)",2024-09,15
11,PASDEFG24,"Decoración Flocos Sabor Chocolate (Caja 20x500 Gr.)",2024-10,31
11,PASDEFG24,"Decoración Flocos Sabor Chocolate (Caja 20x500 Gr.)",2024-11,35
11,PASDEFG24,"Decoración Flocos Sabor Chocolate (Caja 20x500 Gr.)",2024-12,34
11,PASDEFG24,"Decoración Flocos Sabor Chocolate (Caja 20x500 Gr.)",2025-01,18
11,PASDEFG24,"Decoración Flocos Sabor Chocolate (Caja 20x500 Gr.)",2025-02,29
11,PASDEFG24,"Decoración Flocos Sabor Chocolate (Caja 20x500 Gr.)",2025-03,28
11,PASDEFG24,"Decoración Flocos Sabor Chocolate (Caja 20x500 Gr.)",2025-04,49
11,PASDEFG24,"Decoración Flocos Sabor Chocolate (Caja 20x500 Gr.)",2025-05,55
11,PASDEFG24,"Decoración Flocos Sabor Chocolate (Caja 20x500 Gr.)",2025-06,31
11,PASDEFG24,"Decoración Flocos Sabor Chocolate (Caja 20x500 Gr.)",2025-07,71
11,PASDEFG24,"Decoración Flocos Sabor Chocolate (Caja 20x500 Gr.)",2025-08,50
11,PASDEFG24,"Decoración Flocos Sabor Chocolate (Caja 20x500 Gr.)",2025-09,50
11,PASDEFG24,"Decoración Flocos Sabor Chocolate (Caja 20x500 Gr.)",2025-10,58
11,PASDEFG24,"Decoración Flocos Sabor Chocolate (Caja 20x500 Gr.)",2025-11,87
11,PASDEFG24,"Decoración Flocos Sabor Chocolate (Caja 20x500 Gr.)",2025-12,81
11,PASDEFG24,"Decoración Flocos Sabor Chocolate (Caja 20x500 Gr.)",2026-01,37
11,PASDEFG24,"Decoración Flocos Sabor Chocolate (Caja 20x500 Gr.)",2026-02,49
11,PASDEFG24,"Decoración Flocos Sabor Chocolate (Caja 20x500 Gr.)",2026-03,83
11,PASDEFG24,"Decoración Flocos Sabor Chocolate (Caja 20x500 Gr.)",2026-04,31
11,PASDEFG24,"Decoración Flocos Sabor Chocolate (Caja 20x500 Gr.)",2026-05,79
11,PASDEFG24,"Decoración Flocos Sabor Chocolate (Caja 20x500 Gr.)",2026-06,76
11,PASDEGG01,"Gragea Color 1 (Caja 10x500 Gr.)",2022-05,7
11,PASDEGG01,"Gragea Color 1 (Caja 10x500 Gr.)",2022-06,12
11,PASDEGG01,"Gragea Color 1 (Caja 10x500 Gr.)",2022-07,11
11,PASDEGG01,"Gragea Color 1 (Caja 10x500 Gr.)",2022-08,19
11,PASDEGG01,"Gragea Color 1 (Caja 10x500 Gr.)",2022-09,21
11,PASDEGG01,"Gragea Color 1 (Caja 10x500 Gr.)",2022-10,34
11,PASDEGG01,"Gragea Color 1 (Caja 10x500 Gr.)",2022-11,39
11,PASDEGG01,"Gragea Color 1 (Caja 10x500 Gr.)",2022-12,30
11,PASDEGG01,"Gragea Color 1 (Caja 10x500 Gr.)",2023-01,4
11,PASDEGG01,"Gragea Color 1 (Caja 10x500 Gr.)",2023-03,45
11,PASDEGG01,"Gragea Color 1 (Caja 10x500 Gr.)",2023-04,134
11,PASDEGG01,"Gragea Color 1 (Caja 10x500 Gr.)",2023-05,21
11,PASDEGG01,"Gragea Color 1 (Caja 10x500 Gr.)",2023-07,46
11,PASDEGG01,"Gragea Color 1 (Caja 10x500 Gr.)",2023-08,68
11,PASDEGG01,"Gragea Color 1 (Caja 10x500 Gr.)",2023-09,39
11,PASDEGG01,"Gragea Color 1 (Caja 10x500 Gr.)",2023-10,46
11,PASDEGG01,"Gragea Color 1 (Caja 10x500 Gr.)",2023-11,76
11,PASDEGG01,"Gragea Color 1 (Caja 10x500 Gr.)",2023-12,268
11,PASDEGG01,"Gragea Color 1 (Caja 10x500 Gr.)",2024-01,59
11,PASDEGG01,"Gragea Color 1 (Caja 10x500 Gr.)",2024-03,83
11,PASDEGG01,"Gragea Color 1 (Caja 10x500 Gr.)",2024-04,32
11,PASDEGG01,"Gragea Color 1 (Caja 10x500 Gr.)",2024-05,36
11,PASDEGG01,"Gragea Color 1 (Caja 10x500 Gr.)",2024-06,9
11,PASDEGG01,"Gragea Color 1 (Caja 10x500 Gr.)",2024-07,58
11,PASDEGG01,"Gragea Color 1 (Caja 10x500 Gr.)",2024-08,84
11,PASDEGG01,"Gragea Color 1 (Caja 10x500 Gr.)",2024-09,89
11,PASDEGG01,"Gragea Color 1 (Caja 10x500 Gr.)",2024-10,151
11,PASDEGG01,"Gragea Color 1 (Caja 10x500 Gr.)",2024-11,75
11,PASDEGG01,"Gragea Color 1 (Caja 10x500 Gr.)",2024-12,67
11,PASDEGG01,"Gragea Color 1 (Caja 10x500 Gr.)",2025-01,62
11,PASDEGG01,"Gragea Color 1 (Caja 10x500 Gr.)",2025-02,20
11,PASDEGG01,"Gragea Color 1 (Caja 10x500 Gr.)",2025-03,57
11,PASDEGG01,"Gragea Color 1 (Caja 10x500 Gr.)",2025-04,25
11,PASDEGG01,"Gragea Color 1 (Caja 10x500 Gr.)",2025-05,27
11,PASDEGG01,"Gragea Color 1 (Caja 10x500 Gr.)",2025-06,37
11,PASDEGG01,"Gragea Color 1 (Caja 10x500 Gr.)",2025-07,42
11,PASDEGG01,"Gragea Color 1 (Caja 10x500 Gr.)",2025-08,48
11,PASDEGG01,"Gragea Color 1 (Caja 10x500 Gr.)",2025-09,68
11,PASDEGG01,"Gragea Color 1 (Caja 10x500 Gr.)",2025-10,71
11,PASDEGG01,"Gragea Color 1 (Caja 10x500 Gr.)",2025-11,57
11,PASDEGG01,"Gragea Color 1 (Caja 10x500 Gr.)",2025-12,35
11,PASDEGG01,"Gragea Color 1 (Caja 10x500 Gr.)",2026-01,34
11,PASDEGG01,"Gragea Color 1 (Caja 10x500 Gr.)",2026-02,45
11,PASDEGG01,"Gragea Color 1 (Caja 10x500 Gr.)",2026-03,32
11,PASDEGG01,"Gragea Color 1 (Caja 10x500 Gr.)",2026-04,26
11,PASDEGG01,"Gragea Color 1 (Caja 10x500 Gr.)",2026-05,14
11,PASDEGG01,"Gragea Color 1 (Caja 10x500 Gr.)",2026-06,22
11,PASDEGG03,"Gragea Colores 0 (Saco 20 Kg.)",2022-05,5
11,PASDEGG03,"Gragea Colores 0 (Saco 20 Kg.)",2022-06,12
11,PASDEGG03,"Gragea Colores 0 (Saco 20 Kg.)",2022-07,10
11,PASDEGG03,"Gragea Colores 0 (Saco 20 Kg.)",2022-08,30
11,PASDEGG03,"Gragea Colores 0 (Saco 20 Kg.)",2022-09,7
11,PASDEGG03,"Gragea Colores 0 (Saco 20 Kg.)",2022-10,17
11,PASDEGG03,"Gragea Colores 0 (Saco 20 Kg.)",2022-11,13
11,PASDEGG03,"Gragea Colores 0 (Saco 20 Kg.)",2022-12,18
11,PASDEGG03,"Gragea Colores 0 (Saco 20 Kg.)",2023-01,19
11,PASDEGG03,"Gragea Colores 0 (Saco 20 Kg.)",2023-02,13
11,PASDEGG03,"Gragea Colores 0 (Saco 20 Kg.)",2023-03,22
11,PASDEGG03,"Gragea Colores 0 (Saco 20 Kg.)",2023-04,11
11,PASDEGG03,"Gragea Colores 0 (Saco 20 Kg.)",2023-05,24
11,PASDEGG03,"Gragea Colores 0 (Saco 20 Kg.)",2023-06,20
11,PASDEGG03,"Gragea Colores 0 (Saco 20 Kg.)",2023-07,29
11,PASDEGG03,"Gragea Colores 0 (Saco 20 Kg.)",2023-08,30
11,PASDEGG03,"Gragea Colores 0 (Saco 20 Kg.)",2023-09,21
11,PASDEGG03,"Gragea Colores 0 (Saco 20 Kg.)",2023-10,20
11,PASDEGG03,"Gragea Colores 0 (Saco 20 Kg.)",2023-11,22
11,PASDEGG03,"Gragea Colores 0 (Saco 20 Kg.)",2023-12,12
11,PASDEGG03,"Gragea Colores 0 (Saco 20 Kg.)",2024-01,41
11,PASDEGG03,"Gragea Colores 0 (Saco 20 Kg.)",2024-02,16
11,PASDEGG03,"Gragea Colores 0 (Saco 20 Kg.)",2024-03,12
11,PASDEGG03,"Gragea Colores 0 (Saco 20 Kg.)",2024-04,22
11,PASDEGG03,"Gragea Colores 0 (Saco 20 Kg.)",2024-05,18
11,PASDEGG03,"Gragea Colores 0 (Saco 20 Kg.)",2024-06,13
11,PASDEGG03,"Gragea Colores 0 (Saco 20 Kg.)",2024-07,21
11,PASDEGG03,"Gragea Colores 0 (Saco 20 Kg.)",2024-08,25
11,PASDEGG03,"Gragea Colores 0 (Saco 20 Kg.)",2024-09,15
11,PASDEGG03,"Gragea Colores 0 (Saco 20 Kg.)",2024-10,27
11,PASDEGG03,"Gragea Colores 0 (Saco 20 Kg.)",2024-11,25
11,PASDEGG03,"Gragea Colores 0 (Saco 20 Kg.)",2024-12,18
11,PASDEGG03,"Gragea Colores 0 (Saco 20 Kg.)",2025-01,21
11,PASDEGG03,"Gragea Colores 0 (Saco 20 Kg.)",2025-02,14
11,PASDEGG03,"Gragea Colores 0 (Saco 20 Kg.)",2025-03,31
11,PASDEGG03,"Gragea Colores 0 (Saco 20 Kg.)",2025-04,21
11,PASDEGG03,"Gragea Colores 0 (Saco 20 Kg.)",2025-05,14
11,PASDEGG03,"Gragea Colores 0 (Saco 20 Kg.)",2025-06,66
11,PASDEGG03,"Gragea Colores 0 (Saco 20 Kg.)",2025-07,20
11,PASDEGG03,"Gragea Colores 0 (Saco 20 Kg.)",2025-08,74
11,PASDEGG03,"Gragea Colores 0 (Saco 20 Kg.)",2025-09,32
11,PASDEGG03,"Gragea Colores 0 (Saco 20 Kg.)",2025-10,48
11,PASDEGG03,"Gragea Colores 0 (Saco 20 Kg.)",2025-11,31
11,PASDEGG03,"Gragea Colores 0 (Saco 20 Kg.)",2025-12,108
11,PASDEGG03,"Gragea Colores 0 (Saco 20 Kg.)",2026-01,74
11,PASDEGG03,"Gragea Colores 0 (Saco 20 Kg.)",2026-02,320
11,PASDEGG03,"Gragea Colores 0 (Saco 20 Kg.)",2026-03,120
11,PASDEGG03,"Gragea Colores 0 (Saco 20 Kg.)",2026-05,142
11,PASDEGG03,"Gragea Colores 0 (Saco 20 Kg.)",2026-06,37
11,PASDEGG04,"Gragea Colores Natural (Caja 4x3,632 Kg.)",2022-05,15
11,PASDEGG04,"Gragea Colores Natural (Caja 4x3,632 Kg.)",2022-06,6
11,PASDEGG04,"Gragea Colores Natural (Caja 4x3,632 Kg.)",2022-07,9
11,PASDEGG04,"Gragea Colores Natural (Caja 4x3,632 Kg.)",2022-08,10
11,PASDEGG04,"Gragea Colores Natural (Caja 4x3,632 Kg.)",2022-09,5
11,PASDEGG04,"Gragea Colores Natural (Caja 4x3,632 Kg.)",2022-10,14
11,PASDEGG04,"Gragea Colores Natural (Caja 4x3,632 Kg.)",2022-11,10
11,PASDEGG04,"Gragea Colores Natural (Caja 4x3,632 Kg.)",2022-12,4
11,PASDEGG04,"Gragea Colores Natural (Caja 4x3,632 Kg.)",2023-01,2
11,PASDEGG04,"Gragea Colores Natural (Caja 4x3,632 Kg.)",2023-02,6
11,PASDEGG04,"Gragea Colores Natural (Caja 4x3,632 Kg.)",2023-03,2
11,PASDEGG04,"Gragea Colores Natural (Caja 4x3,632 Kg.)",2023-04,13
11,PASDEGG04,"Gragea Colores Natural (Caja 4x3,632 Kg.)",2023-05,16
11,PASDEGG04,"Gragea Colores Natural (Caja 4x3,632 Kg.)",2023-06,12
11,PASDEGG04,"Gragea Colores Natural (Caja 4x3,632 Kg.)",2023-07,29
11,PASDEGG04,"Gragea Colores Natural (Caja 4x3,632 Kg.)",2023-08,22
11,PASDEGG04,"Gragea Colores Natural (Caja 4x3,632 Kg.)",2023-09,11
11,PASDEGG04,"Gragea Colores Natural (Caja 4x3,632 Kg.)",2023-10,6
11,PASDEGG04,"Gragea Colores Natural (Caja 4x3,632 Kg.)",2023-11,14
11,PASDEGG04,"Gragea Colores Natural (Caja 4x3,632 Kg.)",2023-12,5
11,PASDEGG04,"Gragea Colores Natural (Caja 4x3,632 Kg.)",2024-01,8
11,PASDEGG04,"Gragea Colores Natural (Caja 4x3,632 Kg.)",2024-02,7
11,PASDEGG04,"Gragea Colores Natural (Caja 4x3,632 Kg.)",2024-03,6
11,PASDEGG04,"Gragea Colores Natural (Caja 4x3,632 Kg.)",2024-04,21
11,PASDEGG04,"Gragea Colores Natural (Caja 4x3,632 Kg.)",2024-05,40
11,PASDEGG04,"Gragea Colores Natural (Caja 4x3,632 Kg.)",2024-06,12
11,PASDEGG04,"Gragea Colores Natural (Caja 4x3,632 Kg.)",2024-07,26
11,PASDEGG04,"Gragea Colores Natural (Caja 4x3,632 Kg.)",2024-08,11
11,PASDEGG04,"Gragea Colores Natural (Caja 4x3,632 Kg.)",2024-09,10
11,PASDEGG04,"Gragea Colores Natural (Caja 4x3,632 Kg.)",2024-10,13
11,PASDEGG04,"Gragea Colores Natural (Caja 4x3,632 Kg.)",2024-11,14
11,PASDEGG04,"Gragea Colores Natural (Caja 4x3,632 Kg.)",2024-12,4
11,PASDEGG04,"Gragea Colores Natural (Caja 4x3,632 Kg.)",2025-01,8
11,PASDEGG04,"Gragea Colores Natural (Caja 4x3,632 Kg.)",2025-02,8
11,PASDEGG04,"Gragea Colores Natural (Caja 4x3,632 Kg.)",2025-03,15
11,PASDEGG04,"Gragea Colores Natural (Caja 4x3,632 Kg.)",2025-04,16
11,PASDEGG04,"Gragea Colores Natural (Caja 4x3,632 Kg.)",2025-05,11
11,PASDEGG04,"Gragea Colores Natural (Caja 4x3,632 Kg.)",2025-06,8
11,PASDEGG04,"Gragea Colores Natural (Caja 4x3,632 Kg.)",2025-07,9
11,PASDEGG04,"Gragea Colores Natural (Caja 4x3,632 Kg.)",2025-08,23
11,PASDEGG04,"Gragea Colores Natural (Caja 4x3,632 Kg.)",2025-09,14
11,PASDEGG04,"Gragea Colores Natural (Caja 4x3,632 Kg.)",2025-10,17
11,PASDEGG04,"Gragea Colores Natural (Caja 4x3,632 Kg.)",2025-11,2
11,PASDEGG04,"Gragea Colores Natural (Caja 4x3,632 Kg.)",2025-12,-1
11,PASDEGG05,"Gragea Chocolate (Caja 2x5 Kg.)",2022-05,9
11,PASDEGG05,"Gragea Chocolate (Caja 2x5 Kg.)",2022-06,6
11,PASDEGG05,"Gragea Chocolate (Caja 2x5 Kg.)",2022-07,4
11,PASDEGG05,"Gragea Chocolate (Caja 2x5 Kg.)",2022-08,6
11,PASDEGG05,"Gragea Chocolate (Caja 2x5 Kg.)",2022-09,4
11,PASDEGG05,"Gragea Chocolate (Caja 2x5 Kg.)",2022-10,11
11,PASDEGG05,"Gragea Chocolate (Caja 2x5 Kg.)",2022-11,8
11,PASDEGG05,"Gragea Chocolate (Caja 2x5 Kg.)",2022-12,1
11,PASDEGG05,"Gragea Chocolate (Caja 2x5 Kg.)",2023-01,8
11,PASDEGG05,"Gragea Chocolate (Caja 2x5 Kg.)",2023-02,2
11,PASDEGG05,"Gragea Chocolate (Caja 2x5 Kg.)",2023-03,7
11,PASDEGG05,"Gragea Chocolate (Caja 2x5 Kg.)",2023-04,3
11,PASDEGG05,"Gragea Chocolate (Caja 2x5 Kg.)",2023-05,25
11,PASDEGG05,"Gragea Chocolate (Caja 2x5 Kg.)",2023-06,19
11,PASDEGG05,"Gragea Chocolate (Caja 2x5 Kg.)",2023-07,48
11,PASDEGG05,"Gragea Chocolate (Caja 2x5 Kg.)",2023-08,17
11,PASDEGG05,"Gragea Chocolate (Caja 2x5 Kg.)",2023-09,12
11,PASDEGG05,"Gragea Chocolate (Caja 2x5 Kg.)",2023-10,13
11,PASDEGG05,"Gragea Chocolate (Caja 2x5 Kg.)",2023-11,22
11,PASDEGG05,"Gragea Chocolate (Caja 2x5 Kg.)",2023-12,7
11,PASDEGG05,"Gragea Chocolate (Caja 2x5 Kg.)",2024-01,16
11,PASDEGG05,"Gragea Chocolate (Caja 2x5 Kg.)",2024-02,5
11,PASDEGG05,"Gragea Chocolate (Caja 2x5 Kg.)",2024-03,11
11,PASDEGG05,"Gragea Chocolate (Caja 2x5 Kg.)",2024-04,14
11,PASDEGG05,"Gragea Chocolate (Caja 2x5 Kg.)",2024-05,9
11,PASDEGG05,"Gragea Chocolate (Caja 2x5 Kg.)",2024-06,13
11,PASDEGG05,"Gragea Chocolate (Caja 2x5 Kg.)",2024-07,19
11,PASDEGG05,"Gragea Chocolate (Caja 2x5 Kg.)",2024-08,28
11,PASDEGG05,"Gragea Chocolate (Caja 2x5 Kg.)",2024-09,17
11,PASDEGG05,"Gragea Chocolate (Caja 2x5 Kg.)",2024-10,17
11,PASDEGG05,"Gragea Chocolate (Caja 2x5 Kg.)",2024-11,16
11,PASDEGG05,"Gragea Chocolate (Caja 2x5 Kg.)",2024-12,7
11,PASDEGG05,"Gragea Chocolate (Caja 2x5 Kg.)",2025-01,10
11,PASDEGG05,"Gragea Chocolate (Caja 2x5 Kg.)",2025-02,9
11,PASDEGG05,"Gragea Chocolate (Caja 2x5 Kg.)",2025-03,7
11,PASDEGG05,"Gragea Chocolate (Caja 2x5 Kg.)",2025-04,20
11,PASDEGG05,"Gragea Chocolate (Caja 2x5 Kg.)",2025-05,13
11,PASDEGG05,"Gragea Chocolate (Caja 2x5 Kg.)",2025-06,5
11,PASDEGG06,"Gragea Colores 1 (Saco 25 Kg.)",2022-05,28
11,PASDEGG06,"Gragea Colores 1 (Saco 25 Kg.)",2022-06,25
11,PASDEGG06,"Gragea Colores 1 (Saco 25 Kg.)",2022-07,81
11,PASDEGG06,"Gragea Colores 1 (Saco 25 Kg.)",2022-08,65
11,PASDEGG06,"Gragea Colores 1 (Saco 25 Kg.)",2022-09,38
11,PASDEGG06,"Gragea Colores 1 (Saco 25 Kg.)",2022-10,34
11,PASDEGG06,"Gragea Colores 1 (Saco 25 Kg.)",2022-11,85
11,PASDEGG06,"Gragea Colores 1 (Saco 25 Kg.)",2022-12,81
11,PASDEGG06,"Gragea Colores 1 (Saco 25 Kg.)",2023-01,80
11,PASDEGG06,"Gragea Colores 1 (Saco 25 Kg.)",2023-02,15
11,PASDEGG06,"Gragea Colores 1 (Saco 25 Kg.)",2023-03,16
11,PASDEGG06,"Gragea Colores 1 (Saco 25 Kg.)",2023-04,83
11,PASDEGG06,"Gragea Colores 1 (Saco 25 Kg.)",2023-05,15
11,PASDEGG06,"Gragea Colores 1 (Saco 25 Kg.)",2023-06,14
11,PASDEGG06,"Gragea Colores 1 (Saco 25 Kg.)",2023-07,93
11,PASDEGG06,"Gragea Colores 1 (Saco 25 Kg.)",2023-08,119
11,PASDEGG06,"Gragea Colores 1 (Saco 25 Kg.)",2023-09,81
11,PASDEGG06,"Gragea Colores 1 (Saco 25 Kg.)",2023-10,61
11,PASDEGG06,"Gragea Colores 1 (Saco 25 Kg.)",2023-11,71
11,PASDEGG06,"Gragea Colores 1 (Saco 25 Kg.)",2023-12,38
11,PASDEGG06,"Gragea Colores 1 (Saco 25 Kg.)",2024-01,10
11,PASDEGG06,"Gragea Colores 1 (Saco 25 Kg.)",2024-02,260
11,PASDEGG06,"Gragea Colores 1 (Saco 25 Kg.)",2024-03,41
11,PASDEGG06,"Gragea Colores 1 (Saco 25 Kg.)",2024-04,63
11,PASDEGG06,"Gragea Colores 1 (Saco 25 Kg.)",2024-05,32
11,PASDEGG06,"Gragea Colores 1 (Saco 25 Kg.)",2024-06,34
11,PASDEGG06,"Gragea Colores 1 (Saco 25 Kg.)",2024-07,51
11,PASDEGG06,"Gragea Colores 1 (Saco 25 Kg.)",2024-08,181
11,PASDEGG06,"Gragea Colores 1 (Saco 25 Kg.)",2024-09,40
11,PASDEGG06,"Gragea Colores 1 (Saco 25 Kg.)",2024-10,40
11,PASDEGG06,"Gragea Colores 1 (Saco 25 Kg.)",2024-11,132
11,PASDEGG06,"Gragea Colores 1 (Saco 25 Kg.)",2024-12,33
11,PASDEGG06,"Gragea Colores 1 (Saco 25 Kg.)",2025-01,132
11,PASDEGG06,"Gragea Colores 1 (Saco 25 Kg.)",2025-02,82
11,PASDEGG06,"Gragea Colores 1 (Saco 25 Kg.)",2025-03,26
11,PASDEGG06,"Gragea Colores 1 (Saco 25 Kg.)",2025-04,36
11,PASDEGG06,"Gragea Colores 1 (Saco 25 Kg.)",2025-05,64
11,PASDEGG06,"Gragea Colores 1 (Saco 25 Kg.)",2025-06,37
11,PASDEGG06,"Gragea Colores 1 (Saco 25 Kg.)",2025-07,58
11,PASDEGG06,"Gragea Colores 1 (Saco 25 Kg.)",2025-08,119
11,PASDEGG06,"Gragea Colores 1 (Saco 25 Kg.)",2025-09,72
11,PASDEGG06,"Gragea Colores 1 (Saco 25 Kg.)",2025-10,53
11,PASDEGG06,"Gragea Colores 1 (Saco 25 Kg.)",2025-11,57
11,PASDEGG06,"Gragea Colores 1 (Saco 25 Kg.)",2025-12,30
11,PASDEGG06,"Gragea Colores 1 (Saco 25 Kg.)",2026-01,88
11,PASDEGG06,"Gragea Colores 1 (Saco 25 Kg.)",2026-02,38
11,PASDEGG06,"Gragea Colores 1 (Saco 25 Kg.)",2026-03,67
11,PASDEGG06,"Gragea Colores 1 (Saco 25 Kg.)",2026-04,52
11,PASDEGG06,"Gragea Colores 1 (Saco 25 Kg.)",2026-05,48
11,PASDEGG06,"Gragea Colores 1 (Saco 25 Kg.)",2026-06,28
11,PASDEGG07,"Gragea Oro 1 (Caja 2x5 Kg.)",2022-05,20
11,PASDEGG07,"Gragea Oro 1 (Caja 2x5 Kg.)",2022-06,8
11,PASDEGG07,"Gragea Oro 1 (Caja 2x5 Kg.)",2022-07,15
11,PASDEGG07,"Gragea Oro 1 (Caja 2x5 Kg.)",2022-08,19
11,PASDEGG07,"Gragea Oro 1 (Caja 2x5 Kg.)",2022-09,20
11,PASDEGG07,"Gragea Oro 1 (Caja 2x5 Kg.)",2022-10,17
11,PASDEGG07,"Gragea Oro 1 (Caja 2x5 Kg.)",2022-11,34
11,PASDEGG07,"Gragea Oro 1 (Caja 2x5 Kg.)",2022-12,48
11,PASDEGG07,"Gragea Oro 1 (Caja 2x5 Kg.)",2023-01,28
11,PASDEGG07,"Gragea Oro 1 (Caja 2x5 Kg.)",2023-02,6
11,PASDEGG07,"Gragea Oro 1 (Caja 2x5 Kg.)",2023-03,8
11,PASDEGG07,"Gragea Oro 1 (Caja 2x5 Kg.)",2023-04,18
11,PASDEGG07,"Gragea Oro 1 (Caja 2x5 Kg.)",2023-05,21
11,PASDEGG07,"Gragea Oro 1 (Caja 2x5 Kg.)",2023-06,14
11,PASDEGG07,"Gragea Oro 1 (Caja 2x5 Kg.)",2023-07,27
11,PASDEGG07,"Gragea Oro 1 (Caja 2x5 Kg.)",2023-08,62
11,PASDEGG07,"Gragea Oro 1 (Caja 2x5 Kg.)",2023-09,15
11,PASDEGG07,"Gragea Oro 1 (Caja 2x5 Kg.)",2023-10,24
11,PASDEGG07,"Gragea Oro 1 (Caja 2x5 Kg.)",2023-11,46
11,PASDEGG07,"Gragea Oro 1 (Caja 2x5 Kg.)",2023-12,16
11,PASDEGG07,"Gragea Oro 1 (Caja 2x5 Kg.)",2024-01,22
11,PASDEGG07,"Gragea Oro 1 (Caja 2x5 Kg.)",2024-02,21
11,PASDEGG07,"Gragea Oro 1 (Caja 2x5 Kg.)",2024-03,16
11,PASDEGG07,"Gragea Oro 1 (Caja 2x5 Kg.)",2024-04,34
11,PASDEGG07,"Gragea Oro 1 (Caja 2x5 Kg.)",2024-05,19
11,PASDEGG07,"Gragea Oro 1 (Caja 2x5 Kg.)",2024-06,20
11,PASDEGG07,"Gragea Oro 1 (Caja 2x5 Kg.)",2024-07,13
11,PASDEGG07,"Gragea Oro 1 (Caja 2x5 Kg.)",2024-08,23
11,PASDEGG07,"Gragea Oro 1 (Caja 2x5 Kg.)",2024-09,15
11,PASDEGG07,"Gragea Oro 1 (Caja 2x5 Kg.)",2024-10,33
11,PASDEGG07,"Gragea Oro 1 (Caja 2x5 Kg.)",2024-11,28
11,PASDEGG07,"Gragea Oro 1 (Caja 2x5 Kg.)",2024-12,23
11,PASDEGG08,"Gragea Plata 1 (Caja 2x5 Kg.)",2022-05,14
11,PASDEGG08,"Gragea Plata 1 (Caja 2x5 Kg.)",2022-06,3
11,PASDEGG08,"Gragea Plata 1 (Caja 2x5 Kg.)",2022-07,4
11,PASDEGG08,"Gragea Plata 1 (Caja 2x5 Kg.)",2022-08,7
11,PASDEGG08,"Gragea Plata 1 (Caja 2x5 Kg.)",2022-09,8
11,PASDEGG08,"Gragea Plata 1 (Caja 2x5 Kg.)",2022-10,5
11,PASDEGG08,"Gragea Plata 1 (Caja 2x5 Kg.)",2022-11,7
11,PASDEGG08,"Gragea Plata 1 (Caja 2x5 Kg.)",2022-12,41
11,PASDEGG08,"Gragea Plata 1 (Caja 2x5 Kg.)",2023-01,21
11,PASDEGG08,"Gragea Plata 1 (Caja 2x5 Kg.)",2023-02,5
11,PASDEGG08,"Gragea Plata 1 (Caja 2x5 Kg.)",2023-03,-3
11,PASDEGG08,"Gragea Plata 1 (Caja 2x5 Kg.)",2023-04,5
11,PASDEGG08,"Gragea Plata 1 (Caja 2x5 Kg.)",2023-05,7
11,PASDEGG08,"Gragea Plata 1 (Caja 2x5 Kg.)",2023-06,10
11,PASDEGG08,"Gragea Plata 1 (Caja 2x5 Kg.)",2023-07,8
11,PASDEGG08,"Gragea Plata 1 (Caja 2x5 Kg.)",2023-08,21
11,PASDEGG08,"Gragea Plata 1 (Caja 2x5 Kg.)",2023-09,9
11,PASDEGG08,"Gragea Plata 1 (Caja 2x5 Kg.)",2023-10,18
11,PASDEGG08,"Gragea Plata 1 (Caja 2x5 Kg.)",2023-11,14
11,PASDEGG08,"Gragea Plata 1 (Caja 2x5 Kg.)",2023-12,3
11,PASDEGG08,"Gragea Plata 1 (Caja 2x5 Kg.)",2024-01,15
11,PASDEGG08,"Gragea Plata 1 (Caja 2x5 Kg.)",2024-02,3
11,PASDEGG08,"Gragea Plata 1 (Caja 2x5 Kg.)",2024-03,6
11,PASDEGG08,"Gragea Plata 1 (Caja 2x5 Kg.)",2024-04,9
11,PASDEGG08,"Gragea Plata 1 (Caja 2x5 Kg.)",2024-05,5
11,PASDEGG08,"Gragea Plata 1 (Caja 2x5 Kg.)",2024-06,7
11,PASDEGG08,"Gragea Plata 1 (Caja 2x5 Kg.)",2024-07,7
11,PASDEGG08,"Gragea Plata 1 (Caja 2x5 Kg.)",2024-08,7
11,PASDEGG08,"Gragea Plata 1 (Caja 2x5 Kg.)",2024-09,9
11,PASDEGG08,"Gragea Plata 1 (Caja 2x5 Kg.)",2024-10,10
11,PASDEGG08,"Gragea Plata 1 (Caja 2x5 Kg.)",2024-11,20
11,PASDEGG08,"Gragea Plata 1 (Caja 2x5 Kg.)",2024-12,4
11,PASDEGG08,"Gragea Plata 1 (Caja 2x5 Kg.)",2025-01,10
11,PASDEGG08,"Gragea Plata 1 (Caja 2x5 Kg.)",2025-02,4
11,PASDEGG08,"Gragea Plata 1 (Caja 2x5 Kg.)",2025-03,2
11,PASDEGG08,"Gragea Plata 1 (Caja 2x5 Kg.)",2025-04,17
11,PASDEGG08,"Gragea Plata 1 (Caja 2x5 Kg.)",2025-05,7
11,PASDEGG08,"Gragea Plata 1 (Caja 2x5 Kg.)",2025-06,2
11,PASDEGG08,"Gragea Plata 1 (Caja 2x5 Kg.)",2025-07,19
11,PASDEGG08,"Gragea Plata 1 (Caja 2x5 Kg.)",2025-08,11
11,PASDEGG08,"Gragea Plata 1 (Caja 2x5 Kg.)",2025-09,3
11,PASDEGG08,"Gragea Plata 1 (Caja 2x5 Kg.)",2025-10,13
11,PASDEGG08,"Gragea Plata 1 (Caja 2x5 Kg.)",2025-11,7
11,PASDEGG08,"Gragea Plata 1 (Caja 2x5 Kg.)",2025-12,8
11,PASDEGG08,"Gragea Plata 1 (Caja 2x5 Kg.)",2026-01,3
11,PASDEGR02,"Granillo Chocolate Crocante (Caja 10x1,01 Kg.)",2022-05,30
11,PASDEGR02,"Granillo Chocolate Crocante (Caja 10x1,01 Kg.)",2022-06,1
11,PASDEGR02,"Granillo Chocolate Crocante (Caja 10x1,01 Kg.)",2022-07,23
11,PASDEGR02,"Granillo Chocolate Crocante (Caja 10x1,01 Kg.)",2022-08,24
11,PASDEGR02,"Granillo Chocolate Crocante (Caja 10x1,01 Kg.)",2022-09,37
11,PASDEGR02,"Granillo Chocolate Crocante (Caja 10x1,01 Kg.)",2022-10,38
11,PASDEGR02,"Granillo Chocolate Crocante (Caja 10x1,01 Kg.)",2022-11,14
11,PASDEGR02,"Granillo Chocolate Crocante (Caja 10x1,01 Kg.)",2022-12,30
11,PASDEGR02,"Granillo Chocolate Crocante (Caja 10x1,01 Kg.)",2023-01,19
11,PASDEGR02,"Granillo Chocolate Crocante (Caja 10x1,01 Kg.)",2023-02,39
11,PASDEGR02,"Granillo Chocolate Crocante (Caja 10x1,01 Kg.)",2023-03,54
11,PASDEGR02,"Granillo Chocolate Crocante (Caja 10x1,01 Kg.)",2023-04,33
11,PASDEGR02,"Granillo Chocolate Crocante (Caja 10x1,01 Kg.)",2023-05,82
11,PASDEGR02,"Granillo Chocolate Crocante (Caja 10x1,01 Kg.)",2023-06,117
11,PASDEGR02,"Granillo Chocolate Crocante (Caja 10x1,01 Kg.)",2023-07,23
11,PASDEGR02,"Granillo Chocolate Crocante (Caja 10x1,01 Kg.)",2023-08,100
11,PASDEGR02,"Granillo Chocolate Crocante (Caja 10x1,01 Kg.)",2023-09,59
11,PASDEGR02,"Granillo Chocolate Crocante (Caja 10x1,01 Kg.)",2023-10,72
11,PASDEGR02,"Granillo Chocolate Crocante (Caja 10x1,01 Kg.)",2023-11,64
11,PASDEGR02,"Granillo Chocolate Crocante (Caja 10x1,01 Kg.)",2023-12,22
11,PASDEGR02,"Granillo Chocolate Crocante (Caja 10x1,01 Kg.)",2024-01,40
11,PASDEGR02,"Granillo Chocolate Crocante (Caja 10x1,01 Kg.)",2024-02,63
11,PASDEGR02,"Granillo Chocolate Crocante (Caja 10x1,01 Kg.)",2024-03,62
11,PASDEGR02,"Granillo Chocolate Crocante (Caja 10x1,01 Kg.)",2024-04,14
11,PASDEGR02,"Granillo Chocolate Crocante (Caja 10x1,01 Kg.)",2024-05,70
11,PASDEGR02,"Granillo Chocolate Crocante (Caja 10x1,01 Kg.)",2024-06,34
11,PASDEGR02,"Granillo Chocolate Crocante (Caja 10x1,01 Kg.)",2024-07,31
11,PASDEGR02,"Granillo Chocolate Crocante (Caja 10x1,01 Kg.)",2024-08,80
11,PASDEGR02,"Granillo Chocolate Crocante (Caja 10x1,01 Kg.)",2024-09,43
11,PASDEGR02,"Granillo Chocolate Crocante (Caja 10x1,01 Kg.)",2024-10,67
11,PASDEGR02,"Granillo Chocolate Crocante (Caja 10x1,01 Kg.)",2024-11,71
11,PASDEGR02,"Granillo Chocolate Crocante (Caja 10x1,01 Kg.)",2024-12,52
11,PASDEGR02,"Granillo Chocolate Crocante (Caja 10x1,01 Kg.)",2025-01,40
11,PASDEGR02,"Granillo Chocolate Crocante (Caja 10x1,01 Kg.)",2025-02,61
11,PASDEGR02,"Granillo Chocolate Crocante (Caja 10x1,01 Kg.)",2025-03,53
11,PASDEGR02,"Granillo Chocolate Crocante (Caja 10x1,01 Kg.)",2025-04,58
11,PASDEGR02,"Granillo Chocolate Crocante (Caja 10x1,01 Kg.)",2025-05,103
11,PASDEGR02,"Granillo Chocolate Crocante (Caja 10x1,01 Kg.)",2025-06,40
11,PASDEGR02,"Granillo Chocolate Crocante (Caja 10x1,01 Kg.)",2025-07,66
11,PASDEGR02,"Granillo Chocolate Crocante (Caja 10x1,01 Kg.)",2025-08,76
11,PASDEGR02,"Granillo Chocolate Crocante (Caja 10x1,01 Kg.)",2025-09,60
11,PASDEGR02,"Granillo Chocolate Crocante (Caja 10x1,01 Kg.)",2025-10,80
11,PASDEGR02,"Granillo Chocolate Crocante (Caja 10x1,01 Kg.)",2025-11,75
11,PASDEGR02,"Granillo Chocolate Crocante (Caja 10x1,01 Kg.)",2025-12,45
11,PASDEGR02,"Granillo Chocolate Crocante (Caja 10x1,01 Kg.)",2026-01,75
11,PASDEGR02,"Granillo Chocolate Crocante (Caja 10x1,01 Kg.)",2026-02,68
11,PASDEGR02,"Granillo Chocolate Crocante (Caja 10x1,01 Kg.)",2026-03,94
11,PASDEGR02,"Granillo Chocolate Crocante (Caja 10x1,01 Kg.)",2026-04,78
11,PASDEGR02,"Granillo Chocolate Crocante (Caja 10x1,01 Kg.)",2026-05,69
11,PASDEGR02,"Granillo Chocolate Crocante (Caja 10x1,01 Kg.)",2026-06,56
11,PASDEGR03,"Granillo Chocolate Crocante (Saco 25 Kg.)",2022-05,421
11,PASDEGR03,"Granillo Chocolate Crocante (Saco 25 Kg.)",2022-06,398
11,PASDEGR03,"Granillo Chocolate Crocante (Saco 25 Kg.)",2022-07,417
11,PASDEGR03,"Granillo Chocolate Crocante (Saco 25 Kg.)",2022-08,551
11,PASDEGR03,"Granillo Chocolate Crocante (Saco 25 Kg.)",2022-09,350
11,PASDEGR03,"Granillo Chocolate Crocante (Saco 25 Kg.)",2022-10,398
11,PASDEGR03,"Granillo Chocolate Crocante (Saco 25 Kg.)",2022-11,268
11,PASDEGR03,"Granillo Chocolate Crocante (Saco 25 Kg.)",2022-12,259
11,PASDEGR03,"Granillo Chocolate Crocante (Saco 25 Kg.)",2023-01,250
11,PASDEGR03,"Granillo Chocolate Crocante (Saco 25 Kg.)",2023-02,244
11,PASDEGR03,"Granillo Chocolate Crocante (Saco 25 Kg.)",2023-03,414
11,PASDEGR03,"Granillo Chocolate Crocante (Saco 25 Kg.)",2023-04,274
11,PASDEGR03,"Granillo Chocolate Crocante (Saco 25 Kg.)",2023-05,596
11,PASDEGR03,"Granillo Chocolate Crocante (Saco 25 Kg.)",2023-06,471
11,PASDEGR03,"Granillo Chocolate Crocante (Saco 25 Kg.)",2023-07,489
11,PASDEGR03,"Granillo Chocolate Crocante (Saco 25 Kg.)",2023-08,437
11,PASDEGR03,"Granillo Chocolate Crocante (Saco 25 Kg.)",2023-09,439
11,PASDEGR03,"Granillo Chocolate Crocante (Saco 25 Kg.)",2023-10,615
11,PASDEGR03,"Granillo Chocolate Crocante (Saco 25 Kg.)",2023-11,419
11,PASDEGR03,"Granillo Chocolate Crocante (Saco 25 Kg.)",2023-12,267
11,PASDEGR03,"Granillo Chocolate Crocante (Saco 25 Kg.)",2024-01,290
11,PASDEGR03,"Granillo Chocolate Crocante (Saco 25 Kg.)",2024-02,315
11,PASDEGR03,"Granillo Chocolate Crocante (Saco 25 Kg.)",2024-03,310
11,PASDEGR03,"Granillo Chocolate Crocante (Saco 25 Kg.)",2024-04,550
11,PASDEGR03,"Granillo Chocolate Crocante (Saco 25 Kg.)",2024-05,420
11,PASDEGR03,"Granillo Chocolate Crocante (Saco 25 Kg.)",2024-06,407
11,PASDEGR03,"Granillo Chocolate Crocante (Saco 25 Kg.)",2024-07,644
11,PASDEGR03,"Granillo Chocolate Crocante (Saco 25 Kg.)",2024-08,543
11,PASDEGR03,"Granillo Chocolate Crocante (Saco 25 Kg.)",2024-09,349
11,PASDEGR03,"Granillo Chocolate Crocante (Saco 25 Kg.)",2024-10,468
11,PASDEGR03,"Granillo Chocolate Crocante (Saco 25 Kg.)",2024-11,313
11,PASDEGR03,"Granillo Chocolate Crocante (Saco 25 Kg.)",2024-12,445
11,PASDEGR03,"Granillo Chocolate Crocante (Saco 25 Kg.)",2025-01,325
11,PASDEGR03,"Granillo Chocolate Crocante (Saco 25 Kg.)",2025-02,376
11,PASDEGR03,"Granillo Chocolate Crocante (Saco 25 Kg.)",2025-03,390
11,PASDEGR03,"Granillo Chocolate Crocante (Saco 25 Kg.)",2025-04,621
11,PASDEGR03,"Granillo Chocolate Crocante (Saco 25 Kg.)",2025-05,580
11,PASDEGR03,"Granillo Chocolate Crocante (Saco 25 Kg.)",2025-06,505
11,PASDEGR03,"Granillo Chocolate Crocante (Saco 25 Kg.)",2025-07,573
11,PASDEGR03,"Granillo Chocolate Crocante (Saco 25 Kg.)",2025-08,677
11,PASDEGR03,"Granillo Chocolate Crocante (Saco 25 Kg.)",2025-09,561
11,PASDEGR03,"Granillo Chocolate Crocante (Saco 25 Kg.)",2025-10,512
11,PASDEGR03,"Granillo Chocolate Crocante (Saco 25 Kg.)",2025-11,383
11,PASDEGR03,"Granillo Chocolate Crocante (Saco 25 Kg.)",2025-12,350
11,PASDEGR03,"Granillo Chocolate Crocante (Saco 25 Kg.)",2026-01,262
11,PASDEGR03,"Granillo Chocolate Crocante (Saco 25 Kg.)",2026-02,276
11,PASDEGR03,"Granillo Chocolate Crocante (Saco 25 Kg.)",2026-03,462
11,PASDEGR03,"Granillo Chocolate Crocante (Saco 25 Kg.)",2026-04,514
11,PASDEGR03,"Granillo Chocolate Crocante (Saco 25 Kg.)",2026-05,384
11,PASDEGR03,"Granillo Chocolate Crocante (Saco 25 Kg.)",2026-06,296
11,PASDEGR04,"Granillo Colores (Caja 20x500 Gr.)",2022-05,19
11,PASDEGR04,"Granillo Colores (Caja 20x500 Gr.)",2022-06,9
11,PASDEGR04,"Granillo Colores (Caja 20x500 Gr.)",2022-07,35
11,PASDEGR04,"Granillo Colores (Caja 20x500 Gr.)",2022-08,37
11,PASDEGR04,"Granillo Colores (Caja 20x500 Gr.)",2022-09,42
11,PASDEGR04,"Granillo Colores (Caja 20x500 Gr.)",2022-10,54
11,PASDEGR04,"Granillo Colores (Caja 20x500 Gr.)",2022-11,61
11,PASDEGR04,"Granillo Colores (Caja 20x500 Gr.)",2022-12,44
11,PASDEGR04,"Granillo Colores (Caja 20x500 Gr.)",2023-01,20
11,PASDEGR04,"Granillo Colores (Caja 20x500 Gr.)",2023-02,33
11,PASDEGR04,"Granillo Colores (Caja 20x500 Gr.)",2023-03,88
11,PASDEGR04,"Granillo Colores (Caja 20x500 Gr.)",2023-05,36
11,PASDEGR04,"Granillo Colores (Caja 20x500 Gr.)",2023-06,174
11,PASDEGR04,"Granillo Colores (Caja 20x500 Gr.)",2023-08,51
11,PASDEGR04,"Granillo Colores (Caja 20x500 Gr.)",2023-09,46
11,PASDEGR04,"Granillo Colores (Caja 20x500 Gr.)",2023-10,74
11,PASDEGR04,"Granillo Colores (Caja 20x500 Gr.)",2023-11,51
11,PASDEGR04,"Granillo Colores (Caja 20x500 Gr.)",2023-12,56
11,PASDEGR04,"Granillo Colores (Caja 20x500 Gr.)",2024-01,45
11,PASDEGR04,"Granillo Colores (Caja 20x500 Gr.)",2024-02,110
11,PASDEGR04,"Granillo Colores (Caja 20x500 Gr.)",2024-03,47
11,PASDEGR04,"Granillo Colores (Caja 20x500 Gr.)",2024-04,31
11,PASDEGR04,"Granillo Colores (Caja 20x500 Gr.)",2024-05,50
11,PASDEGR04,"Granillo Colores (Caja 20x500 Gr.)",2024-06,28
11,PASDEGR04,"Granillo Colores (Caja 20x500 Gr.)",2024-07,62
11,PASDEGR04,"Granillo Colores (Caja 20x500 Gr.)",2024-08,54
11,PASDEGR04,"Granillo Colores (Caja 20x500 Gr.)",2024-09,61
11,PASDEGR04,"Granillo Colores (Caja 20x500 Gr.)",2024-10,75
11,PASDEGR04,"Granillo Colores (Caja 20x500 Gr.)",2024-11,62
11,PASDEGR04,"Granillo Colores (Caja 20x500 Gr.)",2024-12,67
11,PASDEGR04,"Granillo Colores (Caja 20x500 Gr.)",2025-01,50
11,PASDEGR04,"Granillo Colores (Caja 20x500 Gr.)",2025-02,60
11,PASDEGR04,"Granillo Colores (Caja 20x500 Gr.)",2025-03,37
11,PASDEGR04,"Granillo Colores (Caja 20x500 Gr.)",2025-04,54
11,PASDEGR04,"Granillo Colores (Caja 20x500 Gr.)",2025-05,32
11,PASDEGR04,"Granillo Colores (Caja 20x500 Gr.)",2025-06,50
11,PASDEGR04,"Granillo Colores (Caja 20x500 Gr.)",2025-07,55
11,PASDEGR04,"Granillo Colores (Caja 20x500 Gr.)",2025-08,46
11,PASDEGR04,"Granillo Colores (Caja 20x500 Gr.)",2025-09,68
11,PASDEGR04,"Granillo Colores (Caja 20x500 Gr.)",2025-10,88
11,PASDEGR04,"Granillo Colores (Caja 20x500 Gr.)",2025-11,84
11,PASDEGR04,"Granillo Colores (Caja 20x500 Gr.)",2025-12,34
11,PASDEGR04,"Granillo Colores (Caja 20x500 Gr.)",2026-01,53
11,PASDEGR04,"Granillo Colores (Caja 20x500 Gr.)",2026-02,50
11,PASDEGR04,"Granillo Colores (Caja 20x500 Gr.)",2026-03,58
11,PASDEGR04,"Granillo Colores (Caja 20x500 Gr.)",2026-04,42
11,PASDEGR04,"Granillo Colores (Caja 20x500 Gr.)",2026-05,90
11,PASDEGR04,"Granillo Colores (Caja 20x500 Gr.)",2026-06,38
11,PASDEGR05,"Granillo Colores (Saco 20 Kg.)",2022-05,191
11,PASDEGR05,"Granillo Colores (Saco 20 Kg.)",2022-06,157
11,PASDEGR05,"Granillo Colores (Saco 20 Kg.)",2022-07,160
11,PASDEGR05,"Granillo Colores (Saco 20 Kg.)",2022-08,318
11,PASDEGR05,"Granillo Colores (Saco 20 Kg.)",2022-09,151
11,PASDEGR05,"Granillo Colores (Saco 20 Kg.)",2022-10,172
11,PASDEGR05,"Granillo Colores (Saco 20 Kg.)",2022-11,94
11,PASDEGR05,"Granillo Colores (Saco 20 Kg.)",2022-12,121
11,PASDEGR05,"Granillo Colores (Saco 20 Kg.)",2023-01,159
11,PASDEGR05,"Granillo Colores (Saco 20 Kg.)",2023-02,96
11,PASDEGR05,"Granillo Colores (Saco 20 Kg.)",2023-03,254
11,PASDEGR05,"Granillo Colores (Saco 20 Kg.)",2023-04,187
11,PASDEGR05,"Granillo Colores (Saco 20 Kg.)",2023-05,192
11,PASDEGR05,"Granillo Colores (Saco 20 Kg.)",2023-06,22
11,PASDEGR05,"Granillo Colores (Saco 20 Kg.)",2023-07,219
11,PASDEGR05,"Granillo Colores (Saco 20 Kg.)",2023-08,164
11,PASDEGR05,"Granillo Colores (Saco 20 Kg.)",2023-09,122
11,PASDEGR05,"Granillo Colores (Saco 20 Kg.)",2023-10,176
11,PASDEGR05,"Granillo Colores (Saco 20 Kg.)",2023-11,128
11,PASDEGR05,"Granillo Colores (Saco 20 Kg.)",2023-12,138
11,PASDEGR05,"Granillo Colores (Saco 20 Kg.)",2024-01,149
11,PASDEGR05,"Granillo Colores (Saco 20 Kg.)",2024-02,117
11,PASDEGR05,"Granillo Colores (Saco 20 Kg.)",2024-03,91
11,PASDEGR05,"Granillo Colores (Saco 20 Kg.)",2024-04,228
11,PASDEGR05,"Granillo Colores (Saco 20 Kg.)",2024-05,113
11,PASDEGR05,"Granillo Colores (Saco 20 Kg.)",2024-06,116
11,PASDEGR05,"Granillo Colores (Saco 20 Kg.)",2024-07,259
11,PASDEGR05,"Granillo Colores (Saco 20 Kg.)",2024-08,218
11,PASDEGR05,"Granillo Colores (Saco 20 Kg.)",2024-09,183
11,PASDEGR05,"Granillo Colores (Saco 20 Kg.)",2024-10,303
11,PASDEGR05,"Granillo Colores (Saco 20 Kg.)",2024-11,230
11,PASDEGR05,"Granillo Colores (Saco 20 Kg.)",2024-12,134
11,PASDEGR05,"Granillo Colores (Saco 20 Kg.)",2025-01,224
11,PASDEGR05,"Granillo Colores (Saco 20 Kg.)",2025-02,188
11,PASDEGR05,"Granillo Colores (Saco 20 Kg.)",2025-03,120
11,PASDEGR05,"Granillo Colores (Saco 20 Kg.)",2025-04,208
11,PASDEGR05,"Granillo Colores (Saco 20 Kg.)",2025-05,146
11,PASDEGR05,"Granillo Colores (Saco 20 Kg.)",2025-06,188
11,PASDEGR05,"Granillo Colores (Saco 20 Kg.)",2025-07,190
11,PASDEGR05,"Granillo Colores (Saco 20 Kg.)",2025-08,297
11,PASDEGR05,"Granillo Colores (Saco 20 Kg.)",2025-09,191
11,PASDEGR05,"Granillo Colores (Saco 20 Kg.)",2025-10,206
11,PASDEGR05,"Granillo Colores (Saco 20 Kg.)",2025-11,136
11,PASDEGR05,"Granillo Colores (Saco 20 Kg.)",2025-12,261
11,PASDEGR05,"Granillo Colores (Saco 20 Kg.)",2026-01,132
11,PASDEGR05,"Granillo Colores (Saco 20 Kg.)",2026-02,295
11,PASDEGR05,"Granillo Colores (Saco 20 Kg.)",2026-03,252
11,PASDEGR05,"Granillo Colores (Saco 20 Kg.)",2026-04,220
11,PASDEGR05,"Granillo Colores (Saco 20 Kg.)",2026-05,238
11,PASDEGR05,"Granillo Colores (Saco 20 Kg.)",2026-06,221
11,PASDEGR07,"Granillo Azul (Saco 25 Kg.)",2022-05,1
11,PASDEGR07,"Granillo Azul (Saco 25 Kg.)",2022-06,1
11,PASDEGR07,"Granillo Azul (Saco 25 Kg.)",2022-07,52
11,PASDEGR07,"Granillo Azul (Saco 25 Kg.)",2022-08,5
11,PASDEGR07,"Granillo Azul (Saco 25 Kg.)",2022-11,10
11,PASDEGR07,"Granillo Azul (Saco 25 Kg.)",2022-12,2
11,PASDEGR07,"Granillo Azul (Saco 25 Kg.)",2023-01,2
11,PASDEGR07,"Granillo Azul (Saco 25 Kg.)",2023-03,2
11,PASDEGR07,"Granillo Azul (Saco 25 Kg.)",2023-04,6
11,PASDEGR07,"Granillo Azul (Saco 25 Kg.)",2023-05,3
11,PASDEGR07,"Granillo Azul (Saco 25 Kg.)",2023-06,15
11,PASDEGR07,"Granillo Azul (Saco 25 Kg.)",2023-07,4
11,PASDEGR07,"Granillo Azul (Saco 25 Kg.)",2023-08,34
11,PASDEGR07,"Granillo Azul (Saco 25 Kg.)",2023-09,1
11,PASDEGR07,"Granillo Azul (Saco 25 Kg.)",2023-11,5
11,PASDEGR07,"Granillo Azul (Saco 25 Kg.)",2023-12,1
11,PASDEGR07,"Granillo Azul (Saco 25 Kg.)",2024-01,21
11,PASDEGR07,"Granillo Azul (Saco 25 Kg.)",2024-02,24
11,PASDEGR07,"Granillo Azul (Saco 25 Kg.)",2024-03,9
11,PASDEGR07,"Granillo Azul (Saco 25 Kg.)",2024-04,20
11,PASDEGR07,"Granillo Azul (Saco 25 Kg.)",2024-05,26
11,PASDEGR07,"Granillo Azul (Saco 25 Kg.)",2024-06,6
11,PASDEGR07,"Granillo Azul (Saco 25 Kg.)",2024-07,12
11,PASDEGR07,"Granillo Azul (Saco 25 Kg.)",2024-08,27
11,PASDEGR07,"Granillo Azul (Saco 25 Kg.)",2024-09,14
11,PASDEGR07,"Granillo Azul (Saco 25 Kg.)",2024-10,1
11,PASDEGR07,"Granillo Azul (Saco 25 Kg.)",2024-11,1
11,PASDEGR07,"Granillo Azul (Saco 25 Kg.)",2024-12,6
11,PASDEGR07,"Granillo Azul (Saco 25 Kg.)",2025-01,1
11,PASDEGR07,"Granillo Azul (Saco 25 Kg.)",2025-02,5
11,PASDEGR07,"Granillo Azul (Saco 25 Kg.)",2025-03,11
11,PASDEGR07,"Granillo Azul (Saco 25 Kg.)",2025-04,5
11,PASDEGR07,"Granillo Azul (Saco 25 Kg.)",2025-05,42
11,PASDEGR07,"Granillo Azul (Saco 25 Kg.)",2025-06,7
11,PASDEGR07,"Granillo Azul (Saco 25 Kg.)",2025-07,6
11,PASDEGR07,"Granillo Azul (Saco 25 Kg.)",2025-08,50
11,PASDEGR07,"Granillo Azul (Saco 25 Kg.)",2025-09,54
11,PASDEGR07,"Granillo Azul (Saco 25 Kg.)",2025-10,3
11,PASDEGR07,"Granillo Azul (Saco 25 Kg.)",2025-11,3
11,PASDEGR07,"Granillo Azul (Saco 25 Kg.)",2025-12,1
11,PASDEGR07,"Granillo Azul (Saco 25 Kg.)",2026-01,3
11,PASDEGR07,"Granillo Azul (Saco 25 Kg.)",2026-02,3
11,PASDEGR07,"Granillo Azul (Saco 25 Kg.)",2026-03,3
11,PASDEGR07,"Granillo Azul (Saco 25 Kg.)",2026-04,5
11,PASDEGR07,"Granillo Azul (Saco 25 Kg.)",2026-05,1
11,PASDEGR07,"Granillo Azul (Saco 25 Kg.)",2026-06,21
11,PASDEGR08,"Granillo Blanco (Saco 25 Kg.)",2022-05,4
11,PASDEGR08,"Granillo Blanco (Saco 25 Kg.)",2022-06,3
11,PASDEGR08,"Granillo Blanco (Saco 25 Kg.)",2022-07,19
11,PASDEGR08,"Granillo Blanco (Saco 25 Kg.)",2022-08,48
11,PASDEGR08,"Granillo Blanco (Saco 25 Kg.)",2022-09,8
11,PASDEGR08,"Granillo Blanco (Saco 25 Kg.)",2022-10,8
11,PASDEGR08,"Granillo Blanco (Saco 25 Kg.)",2022-11,31
11,PASDEGR08,"Granillo Blanco (Saco 25 Kg.)",2022-12,20
11,PASDEGR08,"Granillo Blanco (Saco 25 Kg.)",2023-02,14
11,PASDEGR08,"Granillo Blanco (Saco 25 Kg.)",2023-03,27
11,PASDEGR08,"Granillo Blanco (Saco 25 Kg.)",2023-04,4
11,PASDEGR08,"Granillo Blanco (Saco 25 Kg.)",2023-05,18
11,PASDEGR08,"Granillo Blanco (Saco 25 Kg.)",2023-06,30
11,PASDEGR08,"Granillo Blanco (Saco 25 Kg.)",2023-07,6
11,PASDEGR08,"Granillo Blanco (Saco 25 Kg.)",2023-08,35
11,PASDEGR08,"Granillo Blanco (Saco 25 Kg.)",2023-09,9
11,PASDEGR08,"Granillo Blanco (Saco 25 Kg.)",2023-10,9
11,PASDEGR08,"Granillo Blanco (Saco 25 Kg.)",2023-11,17
11,PASDEGR08,"Granillo Blanco (Saco 25 Kg.)",2023-12,9
11,PASDEGR08,"Granillo Blanco (Saco 25 Kg.)",2024-01,3
11,PASDEGR08,"Granillo Blanco (Saco 25 Kg.)",2024-02,14
11,PASDEGR08,"Granillo Blanco (Saco 25 Kg.)",2024-03,22
11,PASDEGR08,"Granillo Blanco (Saco 25 Kg.)",2024-04,17
11,PASDEGR08,"Granillo Blanco (Saco 25 Kg.)",2024-05,8
11,PASDEGR08,"Granillo Blanco (Saco 25 Kg.)",2024-06,16
11,PASDEGR08,"Granillo Blanco (Saco 25 Kg.)",2024-07,18
11,PASDEGR08,"Granillo Blanco (Saco 25 Kg.)",2024-08,19
11,PASDEGR08,"Granillo Blanco (Saco 25 Kg.)",2024-09,21
11,PASDEGR08,"Granillo Blanco (Saco 25 Kg.)",2024-10,39
11,PASDEGR08,"Granillo Blanco (Saco 25 Kg.)",2024-11,23
11,PASDEGR08,"Granillo Blanco (Saco 25 Kg.)",2024-12,19
11,PASDEGR08,"Granillo Blanco (Saco 25 Kg.)",2025-01,23
11,PASDEGR08,"Granillo Blanco (Saco 25 Kg.)",2025-02,9
11,PASDEGR08,"Granillo Blanco (Saco 25 Kg.)",2025-03,8
11,PASDEGR08,"Granillo Blanco (Saco 25 Kg.)",2025-04,20
11,PASDEGR08,"Granillo Blanco (Saco 25 Kg.)",2025-05,14
11,PASDEGR08,"Granillo Blanco (Saco 25 Kg.)",2025-06,11
11,PASDEGR08,"Granillo Blanco (Saco 25 Kg.)",2025-07,20
11,PASDEGR08,"Granillo Blanco (Saco 25 Kg.)",2025-08,108
11,PASDEGR08,"Granillo Blanco (Saco 25 Kg.)",2025-09,19
11,PASDEGR08,"Granillo Blanco (Saco 25 Kg.)",2025-10,12
11,PASDEGR08,"Granillo Blanco (Saco 25 Kg.)",2025-11,10
11,PASDEGR08,"Granillo Blanco (Saco 25 Kg.)",2025-12,12
11,PASDEGR08,"Granillo Blanco (Saco 25 Kg.)",2026-01,5
11,PASDEGR08,"Granillo Blanco (Saco 25 Kg.)",2026-02,3
11,PASDEGR08,"Granillo Blanco (Saco 25 Kg.)",2026-03,17
11,PASDEGR08,"Granillo Blanco (Saco 25 Kg.)",2026-04,29
11,PASDEGR08,"Granillo Blanco (Saco 25 Kg.)",2026-05,20
11,PASDEGR08,"Granillo Blanco (Saco 25 Kg.)",2026-06,13
11,PASDEGR22,"Crocante Sabor Dulce de Leche (Caja 6x1,05 Kg.)",2022-05,1
11,PASDEGR22,"Crocante Sabor Dulce de Leche (Caja 6x1,05 Kg.)",2022-06,4
11,PASDEGR22,"Crocante Sabor Dulce de Leche (Caja 6x1,05 Kg.)",2022-07,1
11,PASDEGR22,"Crocante Sabor Dulce de Leche (Caja 6x1,05 Kg.)",2022-08,2
11,PASDEGR22,"Crocante Sabor Dulce de Leche (Caja 6x1,05 Kg.)",2022-09,8
11,PASDEGR22,"Crocante Sabor Dulce de Leche (Caja 6x1,05 Kg.)",2022-12,19
11,PASDEGR22,"Crocante Sabor Dulce de Leche (Caja 6x1,05 Kg.)",2023-01,26
11,PASDEGR22,"Crocante Sabor Dulce de Leche (Caja 6x1,05 Kg.)",2023-03,5
11,PASDEGR22,"Crocante Sabor Dulce de Leche (Caja 6x1,05 Kg.)",2023-04,20
11,PASDEGR22,"Crocante Sabor Dulce de Leche (Caja 6x1,05 Kg.)",2023-05,62
11,PASDEGR22,"Crocante Sabor Dulce de Leche (Caja 6x1,05 Kg.)",2023-07,20
11,PASDEGR22,"Crocante Sabor Dulce de Leche (Caja 6x1,05 Kg.)",2023-08,1
11,PASDEGR22,"Crocante Sabor Dulce de Leche (Caja 6x1,05 Kg.)",2023-09,15
11,PASDEGR22,"Crocante Sabor Dulce de Leche (Caja 6x1,05 Kg.)",2023-10,25
11,PASDEGR22,"Crocante Sabor Dulce de Leche (Caja 6x1,05 Kg.)",2023-11,20
11,PASDEGR22,"Crocante Sabor Dulce de Leche (Caja 6x1,05 Kg.)",2023-12,16
11,PASDEGR22,"Crocante Sabor Dulce de Leche (Caja 6x1,05 Kg.)",2024-01,6
11,PASDEGR22,"Crocante Sabor Dulce de Leche (Caja 6x1,05 Kg.)",2024-02,4
11,PASDEGR22,"Crocante Sabor Dulce de Leche (Caja 6x1,05 Kg.)",2024-04,38
11,PASDEGR22,"Crocante Sabor Dulce de Leche (Caja 6x1,05 Kg.)",2024-05,26
11,PASDEGR22,"Crocante Sabor Dulce de Leche (Caja 6x1,05 Kg.)",2024-06,12
11,PASDEGR22,"Crocante Sabor Dulce de Leche (Caja 6x1,05 Kg.)",2024-07,30
11,PASDEGR22,"Crocante Sabor Dulce de Leche (Caja 6x1,05 Kg.)",2024-08,24
11,PASDEGR22,"Crocante Sabor Dulce de Leche (Caja 6x1,05 Kg.)",2024-09,18
11,PASDEGR22,"Crocante Sabor Dulce de Leche (Caja 6x1,05 Kg.)",2025-02,25
11,PASDEGR22,"Crocante Sabor Dulce de Leche (Caja 6x1,05 Kg.)",2025-03,32
11,PASDEGR22,"Crocante Sabor Dulce de Leche (Caja 6x1,05 Kg.)",2025-04,16
11,PASDEGR22,"Crocante Sabor Dulce de Leche (Caja 6x1,05 Kg.)",2025-06,32
11,PASDEGR22,"Crocante Sabor Dulce de Leche (Caja 6x1,05 Kg.)",2025-07,32
11,PASDEGR22,"Crocante Sabor Dulce de Leche (Caja 6x1,05 Kg.)",2025-08,20
11,PASDEGR22,"Crocante Sabor Dulce de Leche (Caja 6x1,05 Kg.)",2025-09,21
11,PASDEGR22,"Crocante Sabor Dulce de Leche (Caja 6x1,05 Kg.)",2025-10,20
11,PASDEGR22,"Crocante Sabor Dulce de Leche (Caja 6x1,05 Kg.)",2025-11,31
11,PASDEGR22,"Crocante Sabor Dulce de Leche (Caja 6x1,05 Kg.)",2025-12,11
11,PASDEGR22,"Crocante Sabor Dulce de Leche (Caja 6x1,05 Kg.)",2026-01,2
11,PASDEGR22,"Crocante Sabor Dulce de Leche (Caja 6x1,05 Kg.)",2026-02,1
11,PASDEGR22,"Crocante Sabor Dulce de Leche (Caja 6x1,05 Kg.)",2026-03,22
11,PASDEGR22,"Crocante Sabor Dulce de Leche (Caja 6x1,05 Kg.)",2026-04,27
11,PASDEGR22,"Crocante Sabor Dulce de Leche (Caja 6x1,05 Kg.)",2026-05,15
11,PASDEGR22,"Crocante Sabor Dulce de Leche (Caja 6x1,05 Kg.)",2026-06,31
11,PASDEGR24,"Galletas Granuladas Sabor Chocolate (Caja 6x1 Kg.)",2022-05,1
11,PASDEGR24,"Galletas Granuladas Sabor Chocolate (Caja 6x1 Kg.)",2022-08,1
11,PASDEGR24,"Galletas Granuladas Sabor Chocolate (Caja 6x1 Kg.)",2022-09,2
11,PASDEGR24,"Galletas Granuladas Sabor Chocolate (Caja 6x1 Kg.)",2022-10,76
11,PASDEGR24,"Galletas Granuladas Sabor Chocolate (Caja 6x1 Kg.)",2022-11,17
11,PASDEGR24,"Galletas Granuladas Sabor Chocolate (Caja 6x1 Kg.)",2023-01,1
11,PASDEGR24,"Galletas Granuladas Sabor Chocolate (Caja 6x1 Kg.)",2023-02,4
11,PASDEGR24,"Galletas Granuladas Sabor Chocolate (Caja 6x1 Kg.)",2023-03,3
11,PASDEGR24,"Galletas Granuladas Sabor Chocolate (Caja 6x1 Kg.)",2023-04,6
11,PASDEGR24,"Galletas Granuladas Sabor Chocolate (Caja 6x1 Kg.)",2023-06,2
11,PASDEGR24,"Galletas Granuladas Sabor Chocolate (Caja 6x1 Kg.)",2023-07,5
11,PASDEGR24,"Galletas Granuladas Sabor Chocolate (Caja 6x1 Kg.)",2023-08,1
11,PASDEGR24,"Galletas Granuladas Sabor Chocolate (Caja 6x1 Kg.)",2023-09,4
11,PASDEGR24,"Galletas Granuladas Sabor Chocolate (Caja 6x1 Kg.)",2023-10,18
11,PASDEGR24,"Galletas Granuladas Sabor Chocolate (Caja 6x1 Kg.)",2023-11,13
11,PASDEGR24,"Galletas Granuladas Sabor Chocolate (Caja 6x1 Kg.)",2024-01,3
11,PASDEGR24,"Galletas Granuladas Sabor Chocolate (Caja 6x1 Kg.)",2024-04,3
11,PASDEGR24,"Galletas Granuladas Sabor Chocolate (Caja 6x1 Kg.)",2024-07,2
11,PASDEGR24,"Galletas Granuladas Sabor Chocolate (Caja 6x1 Kg.)",2024-08,23
11,PASDEGR24,"Galletas Granuladas Sabor Chocolate (Caja 6x1 Kg.)",2024-09,13
11,PASDEGR24,"Galletas Granuladas Sabor Chocolate (Caja 6x1 Kg.)",2024-10,6
11,PASDEGR24,"Galletas Granuladas Sabor Chocolate (Caja 6x1 Kg.)",2024-11,5
11,PASDEGR24,"Galletas Granuladas Sabor Chocolate (Caja 6x1 Kg.)",2024-12,20
11,PASDEGR24,"Galletas Granuladas Sabor Chocolate (Caja 6x1 Kg.)",2025-03,5
11,PASDEGR24,"Galletas Granuladas Sabor Chocolate (Caja 6x1 Kg.)",2025-04,3
11,PASDEGR24,"Galletas Granuladas Sabor Chocolate (Caja 6x1 Kg.)",2025-05,5
11,PASDEGR24,"Galletas Granuladas Sabor Chocolate (Caja 6x1 Kg.)",2025-06,1
11,PASDEGR24,"Galletas Granuladas Sabor Chocolate (Caja 6x1 Kg.)",2025-07,3
11,PASDEGR25,"Galletas Granuladas Sabor Vainilla (Caja 6x1 Kg.)",2022-05,1
11,PASDEGR25,"Galletas Granuladas Sabor Vainilla (Caja 6x1 Kg.)",2022-08,1
11,PASDEGR25,"Galletas Granuladas Sabor Vainilla (Caja 6x1 Kg.)",2022-09,9
11,PASDEGR25,"Galletas Granuladas Sabor Vainilla (Caja 6x1 Kg.)",2023-02,1
11,PASDEGR25,"Galletas Granuladas Sabor Vainilla (Caja 6x1 Kg.)",2023-03,6
11,PASDEGR25,"Galletas Granuladas Sabor Vainilla (Caja 6x1 Kg.)",2023-05,5
11,PASDEGR25,"Galletas Granuladas Sabor Vainilla (Caja 6x1 Kg.)",2023-06,29
11,PASDEGR25,"Galletas Granuladas Sabor Vainilla (Caja 6x1 Kg.)",2023-07,30
11,PASDEGR25,"Galletas Granuladas Sabor Vainilla (Caja 6x1 Kg.)",2023-08,44
11,PASDEGR25,"Galletas Granuladas Sabor Vainilla (Caja 6x1 Kg.)",2023-12,13
11,PASDEGR25,"Galletas Granuladas Sabor Vainilla (Caja 6x1 Kg.)",2024-01,57
11,PASDEGR25,"Galletas Granuladas Sabor Vainilla (Caja 6x1 Kg.)",2024-02,29
11,PASDEGR25,"Galletas Granuladas Sabor Vainilla (Caja 6x1 Kg.)",2024-04,41
11,PASDEGR25,"Galletas Granuladas Sabor Vainilla (Caja 6x1 Kg.)",2024-05,13
11,PASDEGR25,"Galletas Granuladas Sabor Vainilla (Caja 6x1 Kg.)",2024-07,29
11,PASDEGR25,"Galletas Granuladas Sabor Vainilla (Caja 6x1 Kg.)",2024-10,8
11,PASDEGR25,"Galletas Granuladas Sabor Vainilla (Caja 6x1 Kg.)",2024-11,1
11,PASDEGR25,"Galletas Granuladas Sabor Vainilla (Caja 6x1 Kg.)",2024-12,2
11,PASDEGR25,"Galletas Granuladas Sabor Vainilla (Caja 6x1 Kg.)",2025-03,1
11,PASDEGR25,"Galletas Granuladas Sabor Vainilla (Caja 6x1 Kg.)",2025-04,1
11,PASDEGR25,"Galletas Granuladas Sabor Vainilla (Caja 6x1 Kg.)",2025-05,1
11,PASDEGR25,"Galletas Granuladas Sabor Vainilla (Caja 6x1 Kg.)",2025-08,12
11,PASDEGR25,"Galletas Granuladas Sabor Vainilla (Caja 6x1 Kg.)",2025-09,36
11,PASDEGR25,"Galletas Granuladas Sabor Vainilla (Caja 6x1 Kg.)",2025-10,2
11,PASDEAC01,"Decoración Cristal Ruby (Caja 4x3,632 Kg.)",2022-06,1
11,PASDEAC01,"Decoración Cristal Ruby (Caja 4x3,632 Kg.)",2022-09,1
11,PASDEAC01,"Decoración Cristal Ruby (Caja 4x3,632 Kg.)",2022-10,1
11,PASDEAC01,"Decoración Cristal Ruby (Caja 4x3,632 Kg.)",2022-12,12
11,PASDEAC01,"Decoración Cristal Ruby (Caja 4x3,632 Kg.)",2023-01,2
11,PASDEAC01,"Decoración Cristal Ruby (Caja 4x3,632 Kg.)",2023-02,-1
11,PASDEAC01,"Decoración Cristal Ruby (Caja 4x3,632 Kg.)",2023-03,8
11,PASDEAC01,"Decoración Cristal Ruby (Caja 4x3,632 Kg.)",2023-04,4
11,PASDEAC01,"Decoración Cristal Ruby (Caja 4x3,632 Kg.)",2023-05,1
11,PASDEAC01,"Decoración Cristal Ruby (Caja 4x3,632 Kg.)",2023-06,1
11,PASDEAC01,"Decoración Cristal Ruby (Caja 4x3,632 Kg.)",2023-07,1
11,PASDEAC01,"Decoración Cristal Ruby (Caja 4x3,632 Kg.)",2024-01,1
11,PASDEFG12,"Decoración Navidad (Caja 5 Kg.)",2022-06,1705
11,PASDEFG12,"Decoración Navidad (Caja 5 Kg.)",2022-09,18
11,PASDEFG12,"Decoración Navidad (Caja 5 Kg.)",2022-10,26
11,PASDEFG12,"Decoración Navidad (Caja 5 Kg.)",2022-11,109
11,PASDEFG12,"Decoración Navidad (Caja 5 Kg.)",2022-12,92
11,PASDEFG12,"Decoración Navidad (Caja 5 Kg.)",2023-01,1
11,PASDEFG12,"Decoración Navidad (Caja 5 Kg.)",2023-04,1
11,PASDEFG12,"Decoración Navidad (Caja 5 Kg.)",2023-07,1461
11,PASDEFG12,"Decoración Navidad (Caja 5 Kg.)",2023-08,5
11,PASDEFG12,"Decoración Navidad (Caja 5 Kg.)",2023-09,16
11,PASDEFG12,"Decoración Navidad (Caja 5 Kg.)",2023-10,55
11,PASDEFG12,"Decoración Navidad (Caja 5 Kg.)",2023-11,265
11,PASDEFG12,"Decoración Navidad (Caja 5 Kg.)",2023-12,117
11,PASDEFG12,"Decoración Navidad (Caja 5 Kg.)",2024-01,1
11,PASDEFG12,"Decoración Navidad (Caja 5 Kg.)",2024-04,1
11,PASDEFG12,"Decoración Navidad (Caja 5 Kg.)",2024-07,1623
11,PASDEFG12,"Decoración Navidad (Caja 5 Kg.)",2024-08,5
11,PASDEFG12,"Decoración Navidad (Caja 5 Kg.)",2024-09,17
11,PASDEFG12,"Decoración Navidad (Caja 5 Kg.)",2024-10,57
11,PASDEFG12,"Decoración Navidad (Caja 5 Kg.)",2024-11,231
11,PASDEFG12,"Decoración Navidad (Caja 5 Kg.)",2024-12,237
11,PASDEFG12,"Decoración Navidad (Caja 5 Kg.)",2025-01,2
11,PASDEFG12,"Decoración Navidad (Caja 5 Kg.)",2025-05,1645
11,PASDEFG12,"Decoración Navidad (Caja 5 Kg.)",2025-07,4
11,PASDEFG12,"Decoración Navidad (Caja 5 Kg.)",2025-08,24
11,PASDEFG12,"Decoración Navidad (Caja 5 Kg.)",2025-09,11
11,PASDEFG12,"Decoración Navidad (Caja 5 Kg.)",2025-10,24
11,PASDEFG12,"Decoración Navidad (Caja 5 Kg.)",2025-11,102
11,PASDEFG12,"Decoración Navidad (Caja 5 Kg.)",2025-12,23
11,PASDEFG12,"Decoración Navidad (Caja 5 Kg.)",2026-01,1
11,PASDEFG12,"Decoración Navidad (Caja 5 Kg.)",2026-05,1
11,PASDEFG12,"Decoración Navidad (Caja 5 Kg.)",2026-06,1270
11,PASDEFG16,"Decoración Fondo de Mar (Caja 2x5 Kg.)",2022-06,14
11,PASDEFG16,"Decoración Fondo de Mar (Caja 2x5 Kg.)",2022-07,5
11,PASDEFG16,"Decoración Fondo de Mar (Caja 2x5 Kg.)",2022-08,7
11,PASDEFG16,"Decoración Fondo de Mar (Caja 2x5 Kg.)",2022-09,13
11,PASDEFG16,"Decoración Fondo de Mar (Caja 2x5 Kg.)",2022-10,13
11,PASDEFG16,"Decoración Fondo de Mar (Caja 2x5 Kg.)",2022-11,2
11,PASDEFG16,"Decoración Fondo de Mar (Caja 2x5 Kg.)",2022-12,3
11,PASDEFG16,"Decoración Fondo de Mar (Caja 2x5 Kg.)",2023-01,6
11,PASDEFG16,"Decoración Fondo de Mar (Caja 2x5 Kg.)",2023-02,3
11,PASDEFG16,"Decoración Fondo de Mar (Caja 2x5 Kg.)",2023-03,4
11,PASDEFG16,"Decoración Fondo de Mar (Caja 2x5 Kg.)",2023-04,12
11,PASDEFG16,"Decoración Fondo de Mar (Caja 2x5 Kg.)",2023-05,10
11,PASDEFG16,"Decoración Fondo de Mar (Caja 2x5 Kg.)",2023-06,6
11,PASDEFG16,"Decoración Fondo de Mar (Caja 2x5 Kg.)",2023-07,20
11,PASDEFG16,"Decoración Fondo de Mar (Caja 2x5 Kg.)",2023-08,14
11,PASDEFG16,"Decoración Fondo de Mar (Caja 2x5 Kg.)",2023-09,5
11,PASDEFG16,"Decoración Fondo de Mar (Caja 2x5 Kg.)",2023-10,17
11,PASDEFG16,"Decoración Fondo de Mar (Caja 2x5 Kg.)",2023-11,8
11,PASDEFG16,"Decoración Fondo de Mar (Caja 2x5 Kg.)",2023-12,2
11,PASDEFG16,"Decoración Fondo de Mar (Caja 2x5 Kg.)",2024-01,5
11,PASDEFG16,"Decoración Fondo de Mar (Caja 2x5 Kg.)",2024-02,2
11,PASDEFG16,"Decoración Fondo de Mar (Caja 2x5 Kg.)",2024-03,7
11,PASDEFG16,"Decoración Fondo de Mar (Caja 2x5 Kg.)",2024-04,11
11,PASDEFG16,"Decoración Fondo de Mar (Caja 2x5 Kg.)",2024-05,10
11,PASDEFG16,"Decoración Fondo de Mar (Caja 2x5 Kg.)",2024-06,5
11,PASDEFG16,"Decoración Fondo de Mar (Caja 2x5 Kg.)",2024-07,10
11,PASDEFG16,"Decoración Fondo de Mar (Caja 2x5 Kg.)",2024-08,12
11,PASDEFG16,"Decoración Fondo de Mar (Caja 2x5 Kg.)",2024-09,7
11,PASDEFG16,"Decoración Fondo de Mar (Caja 2x5 Kg.)",2024-10,12
11,PASDEFG16,"Decoración Fondo de Mar (Caja 2x5 Kg.)",2024-11,16
11,PASDEFG16,"Decoración Fondo de Mar (Caja 2x5 Kg.)",2024-12,17
11,PASDEFG16,"Decoración Fondo de Mar (Caja 2x5 Kg.)",2025-01,5
11,PASDEFG16,"Decoración Fondo de Mar (Caja 2x5 Kg.)",2025-02,7
11,PASDEFG16,"Decoración Fondo de Mar (Caja 2x5 Kg.)",2025-03,6
11,PASDEFG16,"Decoración Fondo de Mar (Caja 2x5 Kg.)",2025-04,3
11,PASDEFG16,"Decoración Fondo de Mar (Caja 2x5 Kg.)",2025-05,15
11,PASDEFG16,"Decoración Fondo de Mar (Caja 2x5 Kg.)",2025-06,9
11,PASDEFG16,"Decoración Fondo de Mar (Caja 2x5 Kg.)",2025-07,12
11,PASDEFG16,"Decoración Fondo de Mar (Caja 2x5 Kg.)",2025-08,13
11,PASDEFG16,"Decoración Fondo de Mar (Caja 2x5 Kg.)",2025-09,6
11,PASDEFG16,"Decoración Fondo de Mar (Caja 2x5 Kg.)",2025-10,13
11,PASDEFG16,"Decoración Fondo de Mar (Caja 2x5 Kg.)",2025-11,11
11,PASDEFG16,"Decoración Fondo de Mar (Caja 2x5 Kg.)",2025-12,7
11,PASDEGR10,"Granillo Rojo (Saco 25 Kg.)",2022-06,3
11,PASDEGR10,"Granillo Rojo (Saco 25 Kg.)",2022-07,45
11,PASDEGR10,"Granillo Rojo (Saco 25 Kg.)",2022-08,31
11,PASDEGR10,"Granillo Rojo (Saco 25 Kg.)",2022-09,6
11,PASDEGR10,"Granillo Rojo (Saco 25 Kg.)",2022-11,37
11,PASDEGR10,"Granillo Rojo (Saco 25 Kg.)",2022-12,3
11,PASDEGR10,"Granillo Rojo (Saco 25 Kg.)",2023-01,3
11,PASDEGR10,"Granillo Rojo (Saco 25 Kg.)",2023-02,2
11,PASDEGR10,"Granillo Rojo (Saco 25 Kg.)",2023-03,21
11,PASDEGR10,"Granillo Rojo (Saco 25 Kg.)",2023-04,5
11,PASDEGR10,"Granillo Rojo (Saco 25 Kg.)",2023-05,3
11,PASDEGR10,"Granillo Rojo (Saco 25 Kg.)",2023-06,5
11,PASDEGR10,"Granillo Rojo (Saco 25 Kg.)",2023-07,2
11,PASDEGR10,"Granillo Rojo (Saco 25 Kg.)",2023-08,38
11,PASDEGR10,"Granillo Rojo (Saco 25 Kg.)",2023-09,6
11,PASDEGR10,"Granillo Rojo (Saco 25 Kg.)",2023-10,5
11,PASDEGR10,"Granillo Rojo (Saco 25 Kg.)",2023-11,17
11,PASDEGR10,"Granillo Rojo (Saco 25 Kg.)",2023-12,12
11,PASDEGR10,"Granillo Rojo (Saco 25 Kg.)",2024-01,19
11,PASDEGR10,"Granillo Rojo (Saco 25 Kg.)",2024-02,1
11,PASDEGR10,"Granillo Rojo (Saco 25 Kg.)",2024-04,22
11,PASDEGR10,"Granillo Rojo (Saco 25 Kg.)",2024-05,2
11,PASDEGR10,"Granillo Rojo (Saco 25 Kg.)",2024-06,4
11,PASDEGR10,"Granillo Rojo (Saco 25 Kg.)",2024-07,17
11,PASDEGR10,"Granillo Rojo (Saco 25 Kg.)",2024-08,12
11,PASDEGR10,"Granillo Rojo (Saco 25 Kg.)",2024-09,10
11,PASDEGR10,"Granillo Rojo (Saco 25 Kg.)",2024-10,20
11,PASDEGR10,"Granillo Rojo (Saco 25 Kg.)",2024-11,13
11,PASDEGR10,"Granillo Rojo (Saco 25 Kg.)",2024-12,15
11,PASDEGR10,"Granillo Rojo (Saco 25 Kg.)",2025-01,9
11,PASDEGR10,"Granillo Rojo (Saco 25 Kg.)",2025-02,5
11,PASDEGR10,"Granillo Rojo (Saco 25 Kg.)",2025-03,6
11,PASDEGR10,"Granillo Rojo (Saco 25 Kg.)",2025-04,11
11,PASDEGR10,"Granillo Rojo (Saco 25 Kg.)",2025-05,3
11,PASDEGR10,"Granillo Rojo (Saco 25 Kg.)",2025-06,4
11,PASDEGR10,"Granillo Rojo (Saco 25 Kg.)",2025-07,8
11,PASDEGR10,"Granillo Rojo (Saco 25 Kg.)",2025-08,79
11,PASDEGR10,"Granillo Rojo (Saco 25 Kg.)",2025-09,38
11,PASDEGR10,"Granillo Rojo (Saco 25 Kg.)",2025-10,22
11,PASDEGR10,"Granillo Rojo (Saco 25 Kg.)",2025-11,10
11,PASDEGR10,"Granillo Rojo (Saco 25 Kg.)",2025-12,10
11,PASDEGR10,"Granillo Rojo (Saco 25 Kg.)",2026-01,6
11,PASDEGR10,"Granillo Rojo (Saco 25 Kg.)",2026-02,4
11,PASDEGR10,"Granillo Rojo (Saco 25 Kg.)",2026-03,2
11,PASDEGR10,"Granillo Rojo (Saco 25 Kg.)",2026-04,24
11,PASDEGR10,"Granillo Rojo (Saco 25 Kg.)",2026-05,1
11,PASDEGR10,"Granillo Rojo (Saco 25 Kg.)",2026-06,3
11,PASDEGR21,"Flocos Crujientes Sabor Chocolate (Caja 12x750 Grs.)",2022-06,6
11,PASDEGR21,"Flocos Crujientes Sabor Chocolate (Caja 12x750 Grs.)",2022-10,0
11,PASDEGR21,"Flocos Crujientes Sabor Chocolate (Caja 12x750 Grs.)",2022-11,1
11,PASDEGR21,"Flocos Crujientes Sabor Chocolate (Caja 12x750 Grs.)",2023-09,1
11,PASDEGR28,"Crocante Sabor Caramelo Salado (Caja 6x1,05 Kg.)",2022-06,1
11,PASDEGR28,"Crocante Sabor Caramelo Salado (Caja 6x1,05 Kg.)",2022-07,20
11,PASDEGR28,"Crocante Sabor Caramelo Salado (Caja 6x1,05 Kg.)",2022-11,4
11,PASDEGR28,"Crocante Sabor Caramelo Salado (Caja 6x1,05 Kg.)",2022-12,2
11,PASDEGR28,"Crocante Sabor Caramelo Salado (Caja 6x1,05 Kg.)",2023-01,4
11,PASDEGR28,"Crocante Sabor Caramelo Salado (Caja 6x1,05 Kg.)",2023-02,2
11,PASDEGR28,"Crocante Sabor Caramelo Salado (Caja 6x1,05 Kg.)",2023-04,8
11,PASDEGR28,"Crocante Sabor Caramelo Salado (Caja 6x1,05 Kg.)",2023-06,4
11,PASDEGR28,"Crocante Sabor Caramelo Salado (Caja 6x1,05 Kg.)",2023-07,4
11,PASDEGR28,"Crocante Sabor Caramelo Salado (Caja 6x1,05 Kg.)",2023-08,3
11,PASDEGR28,"Crocante Sabor Caramelo Salado (Caja 6x1,05 Kg.)",2023-09,2
11,PASDEGR28,"Crocante Sabor Caramelo Salado (Caja 6x1,05 Kg.)",2023-10,1
11,PASDEGR28,"Crocante Sabor Caramelo Salado (Caja 6x1,05 Kg.)",2023-12,3
11,PASDEGR28,"Crocante Sabor Caramelo Salado (Caja 6x1,05 Kg.)",2024-02,3
11,PASDEGR28,"Crocante Sabor Caramelo Salado (Caja 6x1,05 Kg.)",2024-04,4
11,PASDEGR28,"Crocante Sabor Caramelo Salado (Caja 6x1,05 Kg.)",2024-05,2
11,PASDEGR28,"Crocante Sabor Caramelo Salado (Caja 6x1,05 Kg.)",2024-06,5
11,PASDEGR28,"Crocante Sabor Caramelo Salado (Caja 6x1,05 Kg.)",2024-09,2
11,PASDEGR28,"Crocante Sabor Caramelo Salado (Caja 6x1,05 Kg.)",2024-10,3
11,PASDEGR28,"Crocante Sabor Caramelo Salado (Caja 6x1,05 Kg.)",2024-11,1
11,PASDEGR28,"Crocante Sabor Caramelo Salado (Caja 6x1,05 Kg.)",2025-01,2
11,PASDEGR28,"Crocante Sabor Caramelo Salado (Caja 6x1,05 Kg.)",2025-02,1
11,PASDEGR28,"Crocante Sabor Caramelo Salado (Caja 6x1,05 Kg.)",2025-04,1
11,PASDEFG06,"Decoración Christmas Crispies (Caja 4x 1.81 Kg.)",2022-07,1
11,PASDEFG06,"Decoración Christmas Crispies (Caja 4x 1.81 Kg.)",2022-10,19
11,PASDEFG06,"Decoración Christmas Crispies (Caja 4x 1.81 Kg.)",2022-11,82
11,PASDEFG06,"Decoración Christmas Crispies (Caja 4x 1.81 Kg.)",2022-12,1
11,PASDEFG25,"Decoración Estrellas Tricolor (Caja 11,33 Kg.)",2022-07,1
11,PASDEFG25,"Decoración Estrellas Tricolor (Caja 11,33 Kg.)",2022-08,20
11,PASDEFG25,"Decoración Estrellas Tricolor (Caja 11,33 Kg.)",2022-09,139
11,PASDEFG25,"Decoración Estrellas Tricolor (Caja 11,33 Kg.)",2022-10,2
11,PASDEFG25,"Decoración Estrellas Tricolor (Caja 11,33 Kg.)",2022-12,1
11,PASDEFG25,"Decoración Estrellas Tricolor (Caja 11,33 Kg.)",2023-01,2
11,PASDEFG25,"Decoración Estrellas Tricolor (Caja 11,33 Kg.)",2023-02,-1
11,PASDEFG25,"Decoración Estrellas Tricolor (Caja 11,33 Kg.)",2023-04,1
11,PASDEFG25,"Decoración Estrellas Tricolor (Caja 11,33 Kg.)",2023-06,10
11,PASDEFG25,"Decoración Estrellas Tricolor (Caja 11,33 Kg.)",2023-07,6
11,PASDEFG25,"Decoración Estrellas Tricolor (Caja 11,33 Kg.)",2023-08,39
11,PASDEFG26,"Decoración Cereal Hallowen (Caja 4 x1,8 Kg.)",2022-07,1
11,PASDEFG26,"Decoración Cereal Hallowen (Caja 4 x1,8 Kg.)",2022-09,156
11,PASDEFG26,"Decoración Cereal Hallowen (Caja 4 x1,8 Kg.)",2022-10,100
11,PASDEFG26,"Decoración Cereal Hallowen (Caja 4 x1,8 Kg.)",2023-01,3
11,PASDEFG26,"Decoración Cereal Hallowen (Caja 4 x1,8 Kg.)",2023-03,0
11,PASDEFG26,"Decoración Cereal Hallowen (Caja 4 x1,8 Kg.)",2023-04,1
11,PASDEFG26,"Decoración Cereal Hallowen (Caja 4 x1,8 Kg.)",2023-05,1
11,PASDEFG26,"Decoración Cereal Hallowen (Caja 4 x1,8 Kg.)",2023-08,35
11,PASDEFG26,"Decoración Cereal Hallowen (Caja 4 x1,8 Kg.)",2023-09,55
11,PASDEFG29,"Decoración Estrellas Blanca (Caja 2x5 Kg.)",2022-07,3
11,PASDEFG29,"Decoración Estrellas Blanca (Caja 2x5 Kg.)",2022-08,1
11,PASDEFG29,"Decoración Estrellas Blanca (Caja 2x5 Kg.)",2022-09,4
11,PASDEFG29,"Decoración Estrellas Blanca (Caja 2x5 Kg.)",2022-10,4
11,PASDEFG29,"Decoración Estrellas Blanca (Caja 2x5 Kg.)",2022-11,1
11,PASDEFG29,"Decoración Estrellas Blanca (Caja 2x5 Kg.)",2022-12,33
11,PASDEFG29,"Decoración Estrellas Blanca (Caja 2x5 Kg.)",2023-01,41
11,PASDEFG29,"Decoración Estrellas Blanca (Caja 2x5 Kg.)",2023-02,2
11,PASDEFG29,"Decoración Estrellas Blanca (Caja 2x5 Kg.)",2023-04,1
11,PASDEFG29,"Decoración Estrellas Blanca (Caja 2x5 Kg.)",2023-05,1
11,PASDEFG29,"Decoración Estrellas Blanca (Caja 2x5 Kg.)",2023-06,52
11,PASDEFG29,"Decoración Estrellas Blanca (Caja 2x5 Kg.)",2023-07,44
11,PASDEFG29,"Decoración Estrellas Blanca (Caja 2x5 Kg.)",2023-08,35
11,PASDEFG29,"Decoración Estrellas Blanca (Caja 2x5 Kg.)",2023-09,1
11,PASDEFG29,"Decoración Estrellas Blanca (Caja 2x5 Kg.)",2023-10,58
11,PASDEFG29,"Decoración Estrellas Blanca (Caja 2x5 Kg.)",2023-11,12
11,PASDEFG29,"Decoración Estrellas Blanca (Caja 2x5 Kg.)",2024-01,2
11,PASDEFG29,"Decoración Estrellas Blanca (Caja 2x5 Kg.)",2024-03,66
11,PASDEFG29,"Decoración Estrellas Blanca (Caja 2x5 Kg.)",2024-04,2
11,PASDEFG29,"Decoración Estrellas Blanca (Caja 2x5 Kg.)",2024-05,26
11,PASDEFG29,"Decoración Estrellas Blanca (Caja 2x5 Kg.)",2024-06,3
11,PASDEFG29,"Decoración Estrellas Blanca (Caja 2x5 Kg.)",2024-07,1
11,PASDEFG29,"Decoración Estrellas Blanca (Caja 2x5 Kg.)",2024-08,12
11,PASDEFG29,"Decoración Estrellas Blanca (Caja 2x5 Kg.)",2024-09,8
11,PASDEFG29,"Decoración Estrellas Blanca (Caja 2x5 Kg.)",2024-10,48
11,PASDEFG29,"Decoración Estrellas Blanca (Caja 2x5 Kg.)",2024-11,36
11,PASDEFG29,"Decoración Estrellas Blanca (Caja 2x5 Kg.)",2024-12,43
11,PASDEFG29,"Decoración Estrellas Blanca (Caja 2x5 Kg.)",2025-01,39
11,PASDEFG29,"Decoración Estrellas Blanca (Caja 2x5 Kg.)",2025-02,1
11,PASDEFG29,"Decoración Estrellas Blanca (Caja 2x5 Kg.)",2025-03,63
11,PASDEFG29,"Decoración Estrellas Blanca (Caja 2x5 Kg.)",2025-04,8
11,PASDEFG29,"Decoración Estrellas Blanca (Caja 2x5 Kg.)",2025-05,10
11,PASDEFG29,"Decoración Estrellas Blanca (Caja 2x5 Kg.)",2025-06,5
11,PASDEFG29,"Decoración Estrellas Blanca (Caja 2x5 Kg.)",2025-07,43
11,PASDEFG29,"Decoración Estrellas Blanca (Caja 2x5 Kg.)",2025-08,14
11,PASDEFG29,"Decoración Estrellas Blanca (Caja 2x5 Kg.)",2025-09,10
11,PASDEFG29,"Decoración Estrellas Blanca (Caja 2x5 Kg.)",2025-10,81
11,PASDEFG29,"Decoración Estrellas Blanca (Caja 2x5 Kg.)",2025-11,7
11,PASDEFG29,"Decoración Estrellas Blanca (Caja 2x5 Kg.)",2025-12,28
11,PASDEFG29,"Decoración Estrellas Blanca (Caja 2x5 Kg.)",2026-01,8
11,PASDEFG29,"Decoración Estrellas Blanca (Caja 2x5 Kg.)",2026-02,24
11,PASDEFG29,"Decoración Estrellas Blanca (Caja 2x5 Kg.)",2026-03,3
11,PASDEFG29,"Decoración Estrellas Blanca (Caja 2x5 Kg.)",2026-04,59
11,PASDEFG29,"Decoración Estrellas Blanca (Caja 2x5 Kg.)",2026-05,11
11,PASDEFG29,"Decoración Estrellas Blanca (Caja 2x5 Kg.)",2026-06,5
11,PASDEFG47,"Decoración Dinosaurios (Caja 1x11,34 Kg.)",2022-07,1
11,PASDEFG47,"Decoración Dinosaurios (Caja 1x11,34 Kg.)",2022-08,2
11,PASDEFG47,"Decoración Dinosaurios (Caja 1x11,34 Kg.)",2022-10,2
11,PASDEFG47,"Decoración Dinosaurios (Caja 1x11,34 Kg.)",2022-12,1
11,PASDEFG47,"Decoración Dinosaurios (Caja 1x11,34 Kg.)",2023-01,1
11,PASDEFG47,"Decoración Dinosaurios (Caja 1x11,34 Kg.)",2023-02,1
11,PASDEFG47,"Decoración Dinosaurios (Caja 1x11,34 Kg.)",2023-04,3
11,PASDEFG47,"Decoración Dinosaurios (Caja 1x11,34 Kg.)",2023-05,1
11,PASDEFG47,"Decoración Dinosaurios (Caja 1x11,34 Kg.)",2023-06,2
11,PASDEFG47,"Decoración Dinosaurios (Caja 1x11,34 Kg.)",2023-07,1
11,PASDEFG47,"Decoración Dinosaurios (Caja 1x11,34 Kg.)",2023-08,5
11,PASDEFG47,"Decoración Dinosaurios (Caja 1x11,34 Kg.)",2023-09,1
11,PASDEFG47,"Decoración Dinosaurios (Caja 1x11,34 Kg.)",2023-10,1
11,PASDEFG47,"Decoración Dinosaurios (Caja 1x11,34 Kg.)",2024-02,1
11,PASDEFG47,"Decoración Dinosaurios (Caja 1x11,34 Kg.)",2024-03,2
11,PASDEFG47,"Decoración Dinosaurios (Caja 1x11,34 Kg.)",2024-04,1
11,PASDEFG47,"Decoración Dinosaurios (Caja 1x11,34 Kg.)",2024-06,3
11,PASDEFG47,"Decoración Dinosaurios (Caja 1x11,34 Kg.)",2024-07,7
11,PASDEFG47,"Decoración Dinosaurios (Caja 1x11,34 Kg.)",2024-08,0
11,PASDEFG47,"Decoración Dinosaurios (Caja 1x11,34 Kg.)",2024-09,1
11,PASDEFG47,"Decoración Dinosaurios (Caja 1x11,34 Kg.)",2024-10,1
11,PASDEFG47,"Decoración Dinosaurios (Caja 1x11,34 Kg.)",2024-12,1
11,PASDEFG47,"Decoración Dinosaurios (Caja 1x11,34 Kg.)",2025-07,4
11,PASDEFG48,"Decoración Hojas de Otoño (Caja 2x2.27 Kg.)",2022-07,1
11,PASDEFG48,"Decoración Hojas de Otoño (Caja 2x2.27 Kg.)",2022-09,2
11,PASDEFG48,"Decoración Hojas de Otoño (Caja 2x2.27 Kg.)",2022-10,2
11,PASDEFG48,"Decoración Hojas de Otoño (Caja 2x2.27 Kg.)",2022-12,1
11,PASDEFG48,"Decoración Hojas de Otoño (Caja 2x2.27 Kg.)",2023-03,4
11,PASDEFG48,"Decoración Hojas de Otoño (Caja 2x2.27 Kg.)",2023-04,3
11,PASDEFG48,"Decoración Hojas de Otoño (Caja 2x2.27 Kg.)",2023-05,5
11,PASDEFG48,"Decoración Hojas de Otoño (Caja 2x2.27 Kg.)",2023-06,1
11,PASDEFG48,"Decoración Hojas de Otoño (Caja 2x2.27 Kg.)",2023-07,4
11,PASDEFG48,"Decoración Hojas de Otoño (Caja 2x2.27 Kg.)",2023-08,5
11,PASDEFG48,"Decoración Hojas de Otoño (Caja 2x2.27 Kg.)",2023-09,2
11,PASDEFG48,"Decoración Hojas de Otoño (Caja 2x2.27 Kg.)",2023-10,2
11,PASDEFG48,"Decoración Hojas de Otoño (Caja 2x2.27 Kg.)",2023-11,3
11,PASDEFG48,"Decoración Hojas de Otoño (Caja 2x2.27 Kg.)",2024-01,2
11,PASDEFG48,"Decoración Hojas de Otoño (Caja 2x2.27 Kg.)",2024-02,0
11,PASDEFG48,"Decoración Hojas de Otoño (Caja 2x2.27 Kg.)",2024-03,3
11,PASDEFG48,"Decoración Hojas de Otoño (Caja 2x2.27 Kg.)",2024-04,1
11,PASDEFG48,"Decoración Hojas de Otoño (Caja 2x2.27 Kg.)",2024-05,3
11,PASDEFG48,"Decoración Hojas de Otoño (Caja 2x2.27 Kg.)",2024-06,3
11,PASDEFG48,"Decoración Hojas de Otoño (Caja 2x2.27 Kg.)",2024-07,3
11,PASDEFG48,"Decoración Hojas de Otoño (Caja 2x2.27 Kg.)",2024-08,3
11,PASDEFG48,"Decoración Hojas de Otoño (Caja 2x2.27 Kg.)",2024-09,2
11,PASDEFG48,"Decoración Hojas de Otoño (Caja 2x2.27 Kg.)",2024-10,10
11,PASDEFG48,"Decoración Hojas de Otoño (Caja 2x2.27 Kg.)",2024-11,6
11,PASDEFG48,"Decoración Hojas de Otoño (Caja 2x2.27 Kg.)",2024-12,8
11,PASDEFG48,"Decoración Hojas de Otoño (Caja 2x2.27 Kg.)",2025-01,2
11,PASDEFG48,"Decoración Hojas de Otoño (Caja 2x2.27 Kg.)",2025-02,1
11,PASDEFG48,"Decoración Hojas de Otoño (Caja 2x2.27 Kg.)",2025-03,7
11,PASDEFG48,"Decoración Hojas de Otoño (Caja 2x2.27 Kg.)",2025-04,8
11,PASDEFG48,"Decoración Hojas de Otoño (Caja 2x2.27 Kg.)",2025-05,6
11,PASDEFG48,"Decoración Hojas de Otoño (Caja 2x2.27 Kg.)",2025-06,6
11,PASDEFG48,"Decoración Hojas de Otoño (Caja 2x2.27 Kg.)",2025-08,2
11,PASDEFG48,"Decoración Hojas de Otoño (Caja 2x2.27 Kg.)",2025-09,6
11,PASDEFG48,"Decoración Hojas de Otoño (Caja 2x2.27 Kg.)",2025-10,15
11,PASDEFG48,"Decoración Hojas de Otoño (Caja 2x2.27 Kg.)",2025-11,2
11,PASDEGR11,"Granillo Verde (Saco 25 Kg.)",2022-07,41
11,PASDEGR11,"Granillo Verde (Saco 25 Kg.)",2022-08,3
11,PASDEGR11,"Granillo Verde (Saco 25 Kg.)",2022-09,6
11,PASDEGR11,"Granillo Verde (Saco 25 Kg.)",2022-10,6
11,PASDEGR11,"Granillo Verde (Saco 25 Kg.)",2022-11,40
11,PASDEGR11,"Granillo Verde (Saco 25 Kg.)",2022-12,5
11,PASDEGR11,"Granillo Verde (Saco 25 Kg.)",2023-01,1
11,PASDEGR11,"Granillo Verde (Saco 25 Kg.)",2023-02,1
11,PASDEGR11,"Granillo Verde (Saco 25 Kg.)",2023-03,21
11,PASDEGR11,"Granillo Verde (Saco 25 Kg.)",2023-04,3
11,PASDEGR11,"Granillo Verde (Saco 25 Kg.)",2023-05,1
11,PASDEGR11,"Granillo Verde (Saco 25 Kg.)",2023-06,5
11,PASDEGR11,"Granillo Verde (Saco 25 Kg.)",2023-07,2
11,PASDEGR11,"Granillo Verde (Saco 25 Kg.)",2023-08,5
11,PASDEGR11,"Granillo Verde (Saco 25 Kg.)",2023-09,6
11,PASDEGR11,"Granillo Verde (Saco 25 Kg.)",2023-10,20
11,PASDEGR11,"Granillo Verde (Saco 25 Kg.)",2023-11,20
11,PASDEGR11,"Granillo Verde (Saco 25 Kg.)",2023-12,13
11,PASDEGR11,"Granillo Verde (Saco 25 Kg.)",2024-01,1
11,PASDEGR11,"Granillo Verde (Saco 25 Kg.)",2024-02,9
11,PASDEGR11,"Granillo Verde (Saco 25 Kg.)",2024-03,5
11,PASDEGR11,"Granillo Verde (Saco 25 Kg.)",2024-04,1
11,PASDEGR11,"Granillo Verde (Saco 25 Kg.)",2024-05,2
11,PASDEGR11,"Granillo Verde (Saco 25 Kg.)",2024-07,6
11,PASDEGR11,"Granillo Verde (Saco 25 Kg.)",2024-08,7
11,PASDEGR11,"Granillo Verde (Saco 25 Kg.)",2024-09,7
11,PASDEGR11,"Granillo Verde (Saco 25 Kg.)",2024-10,26
11,PASDEGR11,"Granillo Verde (Saco 25 Kg.)",2024-11,9
11,PASDEGR11,"Granillo Verde (Saco 25 Kg.)",2024-12,2
11,PASDEGR11,"Granillo Verde (Saco 25 Kg.)",2025-01,4
11,PASDEGR11,"Granillo Verde (Saco 25 Kg.)",2025-02,2
11,PASDEGR11,"Granillo Verde (Saco 25 Kg.)",2025-03,10
11,PASDEGR11,"Granillo Verde (Saco 25 Kg.)",2025-04,3
11,PASDEGR11,"Granillo Verde (Saco 25 Kg.)",2025-05,9
11,PASDEGR11,"Granillo Verde (Saco 25 Kg.)",2025-06,5
11,PASDEGR11,"Granillo Verde (Saco 25 Kg.)",2025-07,5
11,PASDEGR11,"Granillo Verde (Saco 25 Kg.)",2025-08,8
11,PASDEGR11,"Granillo Verde (Saco 25 Kg.)",2025-09,4
11,PASDEGR11,"Granillo Verde (Saco 25 Kg.)",2025-10,61
11,PASDEGR11,"Granillo Verde (Saco 25 Kg.)",2025-11,7
11,PASDEGR11,"Granillo Verde (Saco 25 Kg.)",2026-02,8
11,PASDEGR11,"Granillo Verde (Saco 25 Kg.)",2026-04,3
11,PASDEGR11,"Granillo Verde (Saco 25 Kg.)",2026-05,2
11,PASDEGR11,"Granillo Verde (Saco 25 Kg.)",2026-06,4
11,PASDEGR30,"Galletas Granuladas Sabor Fresa (Caja 6x1 Kg.)",2022-07,17
11,PASDEGR30,"Galletas Granuladas Sabor Fresa (Caja 6x1 Kg.)",2022-08,29
11,PASDEGR30,"Galletas Granuladas Sabor Fresa (Caja 6x1 Kg.)",2022-09,1
11,PASDEGR30,"Galletas Granuladas Sabor Fresa (Caja 6x1 Kg.)",2023-08,2
11,PASDEGR30,"Galletas Granuladas Sabor Fresa (Caja 6x1 Kg.)",2023-09,1
11,PASDEGR30,"Galletas Granuladas Sabor Fresa (Caja 6x1 Kg.)",2023-10,1
11,PASDEGR30,"Galletas Granuladas Sabor Fresa (Caja 6x1 Kg.)",2024-01,51
11,PASDEGR30,"Galletas Granuladas Sabor Fresa (Caja 6x1 Kg.)",2024-02,17
11,PASDEGR30,"Galletas Granuladas Sabor Fresa (Caja 6x1 Kg.)",2024-03,1
11,PASDEGR30,"Galletas Granuladas Sabor Fresa (Caja 6x1 Kg.)",2024-09,1
11,PASDEGR30,"Galletas Granuladas Sabor Fresa (Caja 6x1 Kg.)",2024-10,-1
11,PASDEGR30,"Galletas Granuladas Sabor Fresa (Caja 6x1 Kg.)",2024-11,1
11,PASDEGR30,"Galletas Granuladas Sabor Fresa (Caja 6x1 Kg.)",2025-03,1
11,PASDEGR30,"Galletas Granuladas Sabor Fresa (Caja 6x1 Kg.)",2025-04,-1
11,PASDECE07,"Cereal Tricolor 3mm. (Caja 4x1,8 Kg.)",2022-08,47
11,PASDECE07,"Cereal Tricolor 3mm. (Caja 4x1,8 Kg.)",2022-09,3
11,PASDECE07,"Cereal Tricolor 3mm. (Caja 4x1,8 Kg.)",2023-04,1
11,PASDECE07,"Cereal Tricolor 3mm. (Caja 4x1,8 Kg.)",2023-05,-13
11,PASDECE07,"Cereal Tricolor 3mm. (Caja 4x1,8 Kg.)",2023-06,2
11,PASDECE07,"Cereal Tricolor 3mm. (Caja 4x1,8 Kg.)",2023-07,1
11,PASDECE07,"Cereal Tricolor 3mm. (Caja 4x1,8 Kg.)",2023-08,52
11,PASDECE07,"Cereal Tricolor 3mm. (Caja 4x1,8 Kg.)",2023-09,4
11,PASDECE07,"Cereal Tricolor 3mm. (Caja 4x1,8 Kg.)",2023-11,1
11,PASDECE07,"Cereal Tricolor 3mm. (Caja 4x1,8 Kg.)",2024-03,1
11,PASDECE07,"Cereal Tricolor 3mm. (Caja 4x1,8 Kg.)",2024-05,14
11,PASDECE07,"Cereal Tricolor 3mm. (Caja 4x1,8 Kg.)",2024-06,4
11,PASDECE07,"Cereal Tricolor 3mm. (Caja 4x1,8 Kg.)",2024-07,30
11,PASDECE07,"Cereal Tricolor 3mm. (Caja 4x1,8 Kg.)",2024-08,56
11,PASDECE07,"Cereal Tricolor 3mm. (Caja 4x1,8 Kg.)",2024-09,10
11,PASDECE07,"Cereal Tricolor 3mm. (Caja 4x1,8 Kg.)",2024-10,1
11,PASDEGR12,"Granillo Naranja (Saco 25 Kg.)",2022-08,3
11,PASDEGR12,"Granillo Naranja (Saco 25 Kg.)",2022-09,28
11,PASDEGR12,"Granillo Naranja (Saco 25 Kg.)",2022-10,23
11,PASDEGR12,"Granillo Naranja (Saco 25 Kg.)",2022-11,1
11,PASDEGR12,"Granillo Naranja (Saco 25 Kg.)",2022-12,0
11,PASDEGR12,"Granillo Naranja (Saco 25 Kg.)",2023-01,1
11,PASDEGR12,"Granillo Naranja (Saco 25 Kg.)",2023-04,2
11,PASDEGR12,"Granillo Naranja (Saco 25 Kg.)",2023-05,1
11,PASDEGR12,"Granillo Naranja (Saco 25 Kg.)",2023-06,2
11,PASDEGR12,"Granillo Naranja (Saco 25 Kg.)",2023-07,2
11,PASDEGR12,"Granillo Naranja (Saco 25 Kg.)",2023-08,5
11,PASDEGR12,"Granillo Naranja (Saco 25 Kg.)",2023-09,36
11,PASDEGR12,"Granillo Naranja (Saco 25 Kg.)",2023-10,48
11,PASDEGR12,"Granillo Naranja (Saco 25 Kg.)",2023-11,2
11,PASDEGR12,"Granillo Naranja (Saco 25 Kg.)",2023-12,1
11,PASDEGR12,"Granillo Naranja (Saco 25 Kg.)",2024-02,4
11,PASDEGR12,"Granillo Naranja (Saco 25 Kg.)",2024-03,1
11,PASDEGR12,"Granillo Naranja (Saco 25 Kg.)",2024-04,1
11,PASDEGR12,"Granillo Naranja (Saco 25 Kg.)",2024-06,5
11,PASDEGR12,"Granillo Naranja (Saco 25 Kg.)",2024-08,1
11,PASDEGR12,"Granillo Naranja (Saco 25 Kg.)",2024-09,25
11,PASDEGR12,"Granillo Naranja (Saco 25 Kg.)",2024-10,20
11,PASDEGR12,"Granillo Naranja (Saco 25 Kg.)",2024-11,2
11,PASDEGR12,"Granillo Naranja (Saco 25 Kg.)",2024-12,4
11,PASDEGR12,"Granillo Naranja (Saco 25 Kg.)",2025-01,2
11,PASDEGR12,"Granillo Naranja (Saco 25 Kg.)",2025-02,3
11,PASDEGR12,"Granillo Naranja (Saco 25 Kg.)",2025-03,11
11,PASDEGR12,"Granillo Naranja (Saco 25 Kg.)",2025-04,1
11,PASDEGR29,"Galletas en Gotas Sabor Chocolate (Caja 6x1 Kg.)",2022-08,21
11,PASDEGR29,"Galletas en Gotas Sabor Chocolate (Caja 6x1 Kg.)",2022-09,2
11,PASDEGR29,"Galletas en Gotas Sabor Chocolate (Caja 6x1 Kg.)",2022-10,4
11,PASDEGR29,"Galletas en Gotas Sabor Chocolate (Caja 6x1 Kg.)",2022-11,4
11,PASDEGR29,"Galletas en Gotas Sabor Chocolate (Caja 6x1 Kg.)",2022-12,7
11,PASDEGR29,"Galletas en Gotas Sabor Chocolate (Caja 6x1 Kg.)",2023-01,7
11,PASDEGR29,"Galletas en Gotas Sabor Chocolate (Caja 6x1 Kg.)",2023-02,5
11,PASDEGR29,"Galletas en Gotas Sabor Chocolate (Caja 6x1 Kg.)",2023-03,9
11,PASDEGR29,"Galletas en Gotas Sabor Chocolate (Caja 6x1 Kg.)",2023-04,3
11,PASDEGR29,"Galletas en Gotas Sabor Chocolate (Caja 6x1 Kg.)",2023-05,1
11,PASDEGR29,"Galletas en Gotas Sabor Chocolate (Caja 6x1 Kg.)",2023-06,2
11,PASDEGR29,"Galletas en Gotas Sabor Chocolate (Caja 6x1 Kg.)",2023-07,7
11,PASDEGR29,"Galletas en Gotas Sabor Chocolate (Caja 6x1 Kg.)",2023-08,92
11,PASDEGR29,"Galletas en Gotas Sabor Chocolate (Caja 6x1 Kg.)",2023-09,29
11,PASDEGR29,"Galletas en Gotas Sabor Chocolate (Caja 6x1 Kg.)",2023-11,14
11,PASDEGR29,"Galletas en Gotas Sabor Chocolate (Caja 6x1 Kg.)",2023-12,5
11,PASDEGR29,"Galletas en Gotas Sabor Chocolate (Caja 6x1 Kg.)",2024-01,81
11,PASDEGR29,"Galletas en Gotas Sabor Chocolate (Caja 6x1 Kg.)",2024-02,87
11,PASDEGR29,"Galletas en Gotas Sabor Chocolate (Caja 6x1 Kg.)",2024-03,20
11,PASDEGR29,"Galletas en Gotas Sabor Chocolate (Caja 6x1 Kg.)",2024-04,43
11,PASDEGR29,"Galletas en Gotas Sabor Chocolate (Caja 6x1 Kg.)",2024-05,6
11,PASDEGR29,"Galletas en Gotas Sabor Chocolate (Caja 6x1 Kg.)",2024-06,14
11,PASDEGR29,"Galletas en Gotas Sabor Chocolate (Caja 6x1 Kg.)",2024-07,6
11,PASDEGR29,"Galletas en Gotas Sabor Chocolate (Caja 6x1 Kg.)",2024-08,13
11,PASDEGR29,"Galletas en Gotas Sabor Chocolate (Caja 6x1 Kg.)",2024-09,12
11,PASDEGR29,"Galletas en Gotas Sabor Chocolate (Caja 6x1 Kg.)",2024-10,69
11,PASDEGR29,"Galletas en Gotas Sabor Chocolate (Caja 6x1 Kg.)",2024-11,167
11,PASDEGR29,"Galletas en Gotas Sabor Chocolate (Caja 6x1 Kg.)",2024-12,233
11,PASDEGR29,"Galletas en Gotas Sabor Chocolate (Caja 6x1 Kg.)",2025-01,85
11,PASDEGR29,"Galletas en Gotas Sabor Chocolate (Caja 6x1 Kg.)",2025-02,165
11,PASDEGR29,"Galletas en Gotas Sabor Chocolate (Caja 6x1 Kg.)",2025-03,165
11,PASDEGR29,"Galletas en Gotas Sabor Chocolate (Caja 6x1 Kg.)",2025-04,124
11,PASDEGR29,"Galletas en Gotas Sabor Chocolate (Caja 6x1 Kg.)",2025-05,-44
11,PASDEGR29,"Galletas en Gotas Sabor Chocolate (Caja 6x1 Kg.)",2025-06,234
11,PASDEGR29,"Galletas en Gotas Sabor Chocolate (Caja 6x1 Kg.)",2025-07,219
11,PASDEGR29,"Galletas en Gotas Sabor Chocolate (Caja 6x1 Kg.)",2025-08,43
11,PASDEGR29,"Galletas en Gotas Sabor Chocolate (Caja 6x1 Kg.)",2025-09,4
11,PASDEGR29,"Galletas en Gotas Sabor Chocolate (Caja 6x1 Kg.)",2025-10,23
11,PASDEGR29,"Galletas en Gotas Sabor Chocolate (Caja 6x1 Kg.)",2025-11,8
11,PASDEGR29,"Galletas en Gotas Sabor Chocolate (Caja 6x1 Kg.)",2025-12,45
11,PASDEGR29,"Galletas en Gotas Sabor Chocolate (Caja 6x1 Kg.)",2026-01,91
11,PASDEGR29,"Galletas en Gotas Sabor Chocolate (Caja 6x1 Kg.)",2026-02,11
11,PASDEGR29,"Galletas en Gotas Sabor Chocolate (Caja 6x1 Kg.)",2026-03,9
11,PASDEGR29,"Galletas en Gotas Sabor Chocolate (Caja 6x1 Kg.)",2026-04,12
11,PASDEGR29,"Galletas en Gotas Sabor Chocolate (Caja 6x1 Kg.)",2026-05,10
11,PASDEGR29,"Galletas en Gotas Sabor Chocolate (Caja 6x1 Kg.)",2026-06,14
11,PASDEGR31,"Crocante Maní (Caja 4x2,5 Kg.)",2022-08,24
11,PASDEGR31,"Crocante Maní (Caja 4x2,5 Kg.)",2022-09,72
11,PASDEGR31,"Crocante Maní (Caja 4x2,5 Kg.)",2022-10,82
11,PASDEGR31,"Crocante Maní (Caja 4x2,5 Kg.)",2022-11,45
11,PASDEGR31,"Crocante Maní (Caja 4x2,5 Kg.)",2022-12,55
11,PASDEGR31,"Crocante Maní (Caja 4x2,5 Kg.)",2023-01,18
11,PASDEGR31,"Crocante Maní (Caja 4x2,5 Kg.)",2023-02,11
11,PASDEGR31,"Crocante Maní (Caja 4x2,5 Kg.)",2023-03,59
11,PASDEGR31,"Crocante Maní (Caja 4x2,5 Kg.)",2023-04,8
11,PASDEGR31,"Crocante Maní (Caja 4x2,5 Kg.)",2023-05,16
11,PASDEGR31,"Crocante Maní (Caja 4x2,5 Kg.)",2023-06,15
11,PASDEGR31,"Crocante Maní (Caja 4x2,5 Kg.)",2023-07,37
11,PASDEGR31,"Crocante Maní (Caja 4x2,5 Kg.)",2023-08,32
11,PASDEGR31,"Crocante Maní (Caja 4x2,5 Kg.)",2023-09,95
11,PASDEGR31,"Crocante Maní (Caja 4x2,5 Kg.)",2023-10,36
11,PASDEGR31,"Crocante Maní (Caja 4x2,5 Kg.)",2023-12,90
11,PASDEGR31,"Crocante Maní (Caja 4x2,5 Kg.)",2024-01,98
11,PASDEGR31,"Crocante Maní (Caja 4x2,5 Kg.)",2024-02,61
11,PASDEGR31,"Crocante Maní (Caja 4x2,5 Kg.)",2024-03,21
11,PASDEGR31,"Crocante Maní (Caja 4x2,5 Kg.)",2024-04,33
11,PASDEGR31,"Crocante Maní (Caja 4x2,5 Kg.)",2024-05,24
11,PASDEGR31,"Crocante Maní (Caja 4x2,5 Kg.)",2024-06,30
11,PASDEGR31,"Crocante Maní (Caja 4x2,5 Kg.)",2024-07,75
11,PASDEGR31,"Crocante Maní (Caja 4x2,5 Kg.)",2024-08,72
11,PASDEGR31,"Crocante Maní (Caja 4x2,5 Kg.)",2024-09,99
11,PASDEGR31,"Crocante Maní (Caja 4x2,5 Kg.)",2024-10,92
11,PASDEGR31,"Crocante Maní (Caja 4x2,5 Kg.)",2024-11,116
11,PASDEGR31,"Crocante Maní (Caja 4x2,5 Kg.)",2024-12,52
11,PASDEGR31,"Crocante Maní (Caja 4x2,5 Kg.)",2025-01,41
11,PASDEGR31,"Crocante Maní (Caja 4x2,5 Kg.)",2025-02,69
11,PASDEGR31,"Crocante Maní (Caja 4x2,5 Kg.)",2025-03,54
11,PASDEGR31,"Crocante Maní (Caja 4x2,5 Kg.)",2025-04,60
11,PASDEGR31,"Crocante Maní (Caja 4x2,5 Kg.)",2025-05,70
11,PASDEGR31,"Crocante Maní (Caja 4x2,5 Kg.)",2025-06,44
11,PASDEGR31,"Crocante Maní (Caja 4x2,5 Kg.)",2025-07,82
11,PASDEGR31,"Crocante Maní (Caja 4x2,5 Kg.)",2025-08,101
11,PASDEGR31,"Crocante Maní (Caja 4x2,5 Kg.)",2025-09,117
11,PASDEGR31,"Crocante Maní (Caja 4x2,5 Kg.)",2025-10,96
11,PASDEGR31,"Crocante Maní (Caja 4x2,5 Kg.)",2025-11,107
11,PASDEGR31,"Crocante Maní (Caja 4x2,5 Kg.)",2025-12,122
11,PASDEGR31,"Crocante Maní (Caja 4x2,5 Kg.)",2026-01,83
11,PASDEGR31,"Crocante Maní (Caja 4x2,5 Kg.)",2026-02,80
11,PASDEGR31,"Crocante Maní (Caja 4x2,5 Kg.)",2026-03,57
11,PASDEGR31,"Crocante Maní (Caja 4x2,5 Kg.)",2026-04,62
11,PASDEGR31,"Crocante Maní (Caja 4x2,5 Kg.)",2026-05,44
11,PASDEGR31,"Crocante Maní (Caja 4x2,5 Kg.)",2026-06,30
11,PASDEGR06,"Granillo Amarillo (Saco 25 Kg.)",2022-09,3
11,PASDEGR06,"Granillo Amarillo (Saco 25 Kg.)",2022-10,4
11,PASDEGR06,"Granillo Amarillo (Saco 25 Kg.)",2022-11,2
11,PASDEGR06,"Granillo Amarillo (Saco 25 Kg.)",2023-01,2
11,PASDEGR06,"Granillo Amarillo (Saco 25 Kg.)",2023-03,22
11,PASDEGR06,"Granillo Amarillo (Saco 25 Kg.)",2023-04,4
11,PASDEGR06,"Granillo Amarillo (Saco 25 Kg.)",2023-05,1
11,PASDEGR06,"Granillo Amarillo (Saco 25 Kg.)",2023-06,4
11,PASDEGR06,"Granillo Amarillo (Saco 25 Kg.)",2023-07,2
11,PASDEGR06,"Granillo Amarillo (Saco 25 Kg.)",2023-08,7
11,PASDEGR06,"Granillo Amarillo (Saco 25 Kg.)",2023-09,2
11,PASDEGR06,"Granillo Amarillo (Saco 25 Kg.)",2023-10,2
11,PASDEGR06,"Granillo Amarillo (Saco 25 Kg.)",2023-11,2
11,PASDEGR06,"Granillo Amarillo (Saco 25 Kg.)",2023-12,1
11,PASDEGR06,"Granillo Amarillo (Saco 25 Kg.)",2024-01,1
11,PASDEGR06,"Granillo Amarillo (Saco 25 Kg.)",2024-02,9
11,PASDEGR06,"Granillo Amarillo (Saco 25 Kg.)",2024-03,9
11,PASDEGR06,"Granillo Amarillo (Saco 25 Kg.)",2024-04,5
11,PASDEGR06,"Granillo Amarillo (Saco 25 Kg.)",2024-05,4
11,PASDEGR06,"Granillo Amarillo (Saco 25 Kg.)",2024-06,3
11,PASDEGR06,"Granillo Amarillo (Saco 25 Kg.)",2024-07,2
11,PASDEGR06,"Granillo Amarillo (Saco 25 Kg.)",2024-08,3
11,PASDEGR06,"Granillo Amarillo (Saco 25 Kg.)",2024-09,5
11,PASDEGR06,"Granillo Amarillo (Saco 25 Kg.)",2024-11,4
11,PASDEGR06,"Granillo Amarillo (Saco 25 Kg.)",2024-12,5
11,PASDEGR06,"Granillo Amarillo (Saco 25 Kg.)",2025-01,10
11,PASDEGR06,"Granillo Amarillo (Saco 25 Kg.)",2025-02,2
11,PASDEGR06,"Granillo Amarillo (Saco 25 Kg.)",2025-03,7
11,PASDEGR06,"Granillo Amarillo (Saco 25 Kg.)",2025-04,5
11,PASDEGR06,"Granillo Amarillo (Saco 25 Kg.)",2025-05,5
11,PASDEGR06,"Granillo Amarillo (Saco 25 Kg.)",2025-06,3
11,PASDEGR06,"Granillo Amarillo (Saco 25 Kg.)",2025-07,4
11,PASDEGR06,"Granillo Amarillo (Saco 25 Kg.)",2025-08,4
11,PASDEGR06,"Granillo Amarillo (Saco 25 Kg.)",2025-09,2
11,PASDEGR06,"Granillo Amarillo (Saco 25 Kg.)",2025-10,2
11,PASDEGR06,"Granillo Amarillo (Saco 25 Kg.)",2025-11,3
11,PASDEGR06,"Granillo Amarillo (Saco 25 Kg.)",2025-12,1
11,PASDEGR06,"Granillo Amarillo (Saco 25 Kg.)",2026-01,4
11,PASDEGR06,"Granillo Amarillo (Saco 25 Kg.)",2026-02,2
11,PASDEGR06,"Granillo Amarillo (Saco 25 Kg.)",2026-03,5
11,PASDEGR06,"Granillo Amarillo (Saco 25 Kg.)",2026-04,3
11,PASDEGR06,"Granillo Amarillo (Saco 25 Kg.)",2026-05,1
11,PASDEGR06,"Granillo Amarillo (Saco 25 Kg.)",2026-06,2
11,PASDECE08,"Cereal B/N Micro (Caja 12x500 Gr.)",2023-01,211
11,PASDECC04,"Coco Laminado (Caja 10 Kg.)",2024-03,1
11,PASDECC04,"Coco Laminado (Caja 10 Kg.)",2024-04,1
11,PASDECC04,"Coco Laminado (Caja 10 Kg.)",2024-08,1
11,PASDECC04,"Coco Laminado (Caja 10 Kg.)",2024-10,17
11,PASDECC04,"Coco Laminado (Caja 10 Kg.)",2024-11,8
11,PASDECC04,"Coco Laminado (Caja 10 Kg.)",2025-04,10
11,PASDECC04,"Coco Laminado (Caja 10 Kg.)",2025-06,11
11,PASDECC04,"Coco Laminado (Caja 10 Kg.)",2025-07,45
11,PASDEGR33,"Decoración Confetti Mix Flores (Caja 2x3 Kg.)",2024-04,5
11,PASDEGR33,"Decoración Confetti Mix Flores (Caja 2x3 Kg.)",2024-07,3
11,PASDEGR33,"Decoración Confetti Mix Flores (Caja 2x3 Kg.)",2024-08,1
11,PASDEGR33,"Decoración Confetti Mix Flores (Caja 2x3 Kg.)",2024-10,7
11,PASDEGR33,"Decoración Confetti Mix Flores (Caja 2x3 Kg.)",2025-01,3
11,PASDEGR33,"Decoración Confetti Mix Flores (Caja 2x3 Kg.)",2025-04,6
11,PASDEGR33,"Decoración Confetti Mix Flores (Caja 2x3 Kg.)",2025-05,4
11,PASDEGR34,"Decoración Mix Matte (Caja 2x3 Kg.)",2024-04,17
11,PASDEGR34,"Decoración Mix Matte (Caja 2x3 Kg.)",2024-05,7
11,PASDEGR34,"Decoración Mix Matte (Caja 2x3 Kg.)",2024-07,2
11,PASDEGR34,"Decoración Mix Matte (Caja 2x3 Kg.)",2024-08,1
11,PASDEGR34,"Decoración Mix Matte (Caja 2x3 Kg.)",2024-09,1
11,PASDEGR34,"Decoración Mix Matte (Caja 2x3 Kg.)",2024-10,14
11,PASDEGR34,"Decoración Mix Matte (Caja 2x3 Kg.)",2024-11,1
11,PASDEGR34,"Decoración Mix Matte (Caja 2x3 Kg.)",2024-12,1
11,PASDEGR34,"Decoración Mix Matte (Caja 2x3 Kg.)",2025-02,4
11,PASDEGR34,"Decoración Mix Matte (Caja 2x3 Kg.)",2025-03,2
11,PASDEGR34,"Decoración Mix Matte (Caja 2x3 Kg.)",2025-04,8
11,PASDEGR34,"Decoración Mix Matte (Caja 2x3 Kg.)",2025-05,3
11,PASDEGR34,"Decoración Mix Matte (Caja 2x3 Kg.)",2025-06,1
11,PASDEGR34,"Decoración Mix Matte (Caja 2x3 Kg.)",2025-07,4
11,PASDEGR34,"Decoración Mix Matte (Caja 2x3 Kg.)",2025-08,1
11,PASDEGR34,"Decoración Mix Matte (Caja 2x3 Kg.)",2025-10,1
11,PASDEGR34,"Decoración Mix Matte (Caja 2x3 Kg.)",2026-01,4
11,PASDEGR34,"Decoración Mix Matte (Caja 2x3 Kg.)",2026-02,-1
11,PASDEGR34,"Decoración Mix Matte (Caja 2x3 Kg.)",2026-04,1
11,PASDEGR34,"Decoración Mix Matte (Caja 2x3 Kg.)",2026-05,2
11,PASDEGR34,"Decoración Mix Matte (Caja 2x3 Kg.)",2026-06,1
11,PASDEGR35,"Decoración Barra Oro 7 mm (Caja 2x3 Kg.)",2024-04,13
11,PASDEGR35,"Decoración Barra Oro 7 mm (Caja 2x3 Kg.)",2024-05,3
11,PASDEGR35,"Decoración Barra Oro 7 mm (Caja 2x3 Kg.)",2024-06,2
11,PASDEGR35,"Decoración Barra Oro 7 mm (Caja 2x3 Kg.)",2024-07,1
11,PASDEGR35,"Decoración Barra Oro 7 mm (Caja 2x3 Kg.)",2024-09,1
11,PASDEGR35,"Decoración Barra Oro 7 mm (Caja 2x3 Kg.)",2024-10,9
11,PASDEGR35,"Decoración Barra Oro 7 mm (Caja 2x3 Kg.)",2024-12,1
11,PASDEGR35,"Decoración Barra Oro 7 mm (Caja 2x3 Kg.)",2025-02,1
11,PASDEGR35,"Decoración Barra Oro 7 mm (Caja 2x3 Kg.)",2025-03,1
11,PASDEGR35,"Decoración Barra Oro 7 mm (Caja 2x3 Kg.)",2025-04,2
11,PASDEGR35,"Decoración Barra Oro 7 mm (Caja 2x3 Kg.)",2025-07,3
11,PASDEGR35,"Decoración Barra Oro 7 mm (Caja 2x3 Kg.)",2025-08,2
11,PASDEGR35,"Decoración Barra Oro 7 mm (Caja 2x3 Kg.)",2026-01,1
11,PASDEGR35,"Decoración Barra Oro 7 mm (Caja 2x3 Kg.)",2026-03,1
11,PASDEGR35,"Decoración Barra Oro 7 mm (Caja 2x3 Kg.)",2026-05,1
11,PASDEGR37,"Decoración Figura Ojos Grandes (Caja 2x3 Kg.)",2024-04,15
11,PASDEGR37,"Decoración Figura Ojos Grandes (Caja 2x3 Kg.)",2024-05,5
11,PASDEGR37,"Decoración Figura Ojos Grandes (Caja 2x3 Kg.)",2024-06,2
11,PASDEGR37,"Decoración Figura Ojos Grandes (Caja 2x3 Kg.)",2024-07,1
11,PASDEGR37,"Decoración Figura Ojos Grandes (Caja 2x3 Kg.)",2024-10,54
11,PASDEGR37,"Decoración Figura Ojos Grandes (Caja 2x3 Kg.)",2024-11,10
11,PASDEGR37,"Decoración Figura Ojos Grandes (Caja 2x3 Kg.)",2024-12,0
11,PASDEGR37,"Decoración Figura Ojos Grandes (Caja 2x3 Kg.)",2025-01,2
11,PASDEGR37,"Decoración Figura Ojos Grandes (Caja 2x3 Kg.)",2025-02,2
11,PASDEGR37,"Decoración Figura Ojos Grandes (Caja 2x3 Kg.)",2025-03,1
11,PASDEGR37,"Decoración Figura Ojos Grandes (Caja 2x3 Kg.)",2025-05,1
11,PASDEGR37,"Decoración Figura Ojos Grandes (Caja 2x3 Kg.)",2025-06,1
11,PASDEGR37,"Decoración Figura Ojos Grandes (Caja 2x3 Kg.)",2025-07,2
11,PASDEGR37,"Decoración Figura Ojos Grandes (Caja 2x3 Kg.)",2025-08,6
11,PASDEGR37,"Decoración Figura Ojos Grandes (Caja 2x3 Kg.)",2025-09,14
11,PASDEGR37,"Decoración Figura Ojos Grandes (Caja 2x3 Kg.)",2025-10,15
11,PASDEGR37,"Decoración Figura Ojos Grandes (Caja 2x3 Kg.)",2025-11,1
11,PASDEGR37,"Decoración Figura Ojos Grandes (Caja 2x3 Kg.)",2025-12,-1
11,PASDEGR37,"Decoración Figura Ojos Grandes (Caja 2x3 Kg.)",2026-01,4
11,PASDEGR37,"Decoración Figura Ojos Grandes (Caja 2x3 Kg.)",2026-02,1
11,PASDEGR37,"Decoración Figura Ojos Grandes (Caja 2x3 Kg.)",2026-03,3
11,PASDEGR37,"Decoración Figura Ojos Grandes (Caja 2x3 Kg.)",2026-06,2
11,PASDEGR38,"Decoración Figura Ojos con Pestañas (Caja 2x3 Kg.)",2024-04,10
11,PASDEGR38,"Decoración Figura Ojos con Pestañas (Caja 2x3 Kg.)",2024-07,2
11,PASDEGR38,"Decoración Figura Ojos con Pestañas (Caja 2x3 Kg.)",2024-08,0
11,PASDEGR38,"Decoración Figura Ojos con Pestañas (Caja 2x3 Kg.)",2024-09,2
11,PASDEGR38,"Decoración Figura Ojos con Pestañas (Caja 2x3 Kg.)",2024-10,11
11,PASDEGR38,"Decoración Figura Ojos con Pestañas (Caja 2x3 Kg.)",2024-12,1
11,PASDEGR38,"Decoración Figura Ojos con Pestañas (Caja 2x3 Kg.)",2025-01,1
11,PASDEGR38,"Decoración Figura Ojos con Pestañas (Caja 2x3 Kg.)",2025-06,1
11,PASDEGR38,"Decoración Figura Ojos con Pestañas (Caja 2x3 Kg.)",2025-09,1
11,PASDEGR38,"Decoración Figura Ojos con Pestañas (Caja 2x3 Kg.)",2025-10,2
11,PASDEGR38,"Decoración Figura Ojos con Pestañas (Caja 2x3 Kg.)",2026-01,2
11,PASDEGR39,"Decoración Mini Corazón (Caja 2x3 Kg.)",2024-04,36
11,PASDEGR39,"Decoración Mini Corazón (Caja 2x3 Kg.)",2024-05,3
11,PASDEGR39,"Decoración Mini Corazón (Caja 2x3 Kg.)",2024-10,12
11,PASDEGR39,"Decoración Mini Corazón (Caja 2x3 Kg.)",2024-11,5
11,PASDEGR39,"Decoración Mini Corazón (Caja 2x3 Kg.)",2024-12,1
11,PASDEGR39,"Decoración Mini Corazón (Caja 2x3 Kg.)",2025-01,81
11,PASDEGR39,"Decoración Mini Corazón (Caja 2x3 Kg.)",2025-02,28
11,PASDEGR39,"Decoración Mini Corazón (Caja 2x3 Kg.)",2025-03,5
11,PASDEGR39,"Decoración Mini Corazón (Caja 2x3 Kg.)",2025-04,35
11,PASDEGR39,"Decoración Mini Corazón (Caja 2x3 Kg.)",2025-05,19
11,PASDEGR39,"Decoración Mini Corazón (Caja 2x3 Kg.)",2025-06,7
11,PASDEGR39,"Decoración Mini Corazón (Caja 2x3 Kg.)",2025-07,4
11,PASDEGR39,"Decoración Mini Corazón (Caja 2x3 Kg.)",2025-08,5
11,PASDEGR39,"Decoración Mini Corazón (Caja 2x3 Kg.)",2025-09,4
11,PASDEGR39,"Decoración Mini Corazón (Caja 2x3 Kg.)",2025-10,1
11,PASDEGR39,"Decoración Mini Corazón (Caja 2x3 Kg.)",2025-11,4
11,PASDEGR39,"Decoración Mini Corazón (Caja 2x3 Kg.)",2025-12,1
11,PASDEGR39,"Decoración Mini Corazón (Caja 2x3 Kg.)",2026-01,32
11,PASDEGR39,"Decoración Mini Corazón (Caja 2x3 Kg.)",2026-02,4
11,PASDEGR39,"Decoración Mini Corazón (Caja 2x3 Kg.)",2026-06,1
11,PASDEGR40,"Decoración Perlas Blancas 4 mm (Caja 2x3 Kg.)",2024-04,18
11,PASDEGR40,"Decoración Perlas Blancas 4 mm (Caja 2x3 Kg.)",2024-05,5
11,PASDEGR40,"Decoración Perlas Blancas 4 mm (Caja 2x3 Kg.)",2024-06,1
11,PASDEGR40,"Decoración Perlas Blancas 4 mm (Caja 2x3 Kg.)",2024-10,46
11,PASDEGR40,"Decoración Perlas Blancas 4 mm (Caja 2x3 Kg.)",2024-11,23
11,PASDEGR40,"Decoración Perlas Blancas 4 mm (Caja 2x3 Kg.)",2024-12,8
11,PASDEGR40,"Decoración Perlas Blancas 4 mm (Caja 2x3 Kg.)",2025-01,11
11,PASDEGR40,"Decoración Perlas Blancas 4 mm (Caja 2x3 Kg.)",2025-02,13
11,PASDEGR40,"Decoración Perlas Blancas 4 mm (Caja 2x3 Kg.)",2025-03,7
11,PASDEGR40,"Decoración Perlas Blancas 4 mm (Caja 2x3 Kg.)",2025-04,16
11,PASDEGR40,"Decoración Perlas Blancas 4 mm (Caja 2x3 Kg.)",2025-05,19
11,PASDEGR40,"Decoración Perlas Blancas 4 mm (Caja 2x3 Kg.)",2025-06,10
11,PASDEGR40,"Decoración Perlas Blancas 4 mm (Caja 2x3 Kg.)",2025-07,17
11,PASDEGR40,"Decoración Perlas Blancas 4 mm (Caja 2x3 Kg.)",2025-08,17
11,PASDEGR40,"Decoración Perlas Blancas 4 mm (Caja 2x3 Kg.)",2025-09,12
11,PASDEGR40,"Decoración Perlas Blancas 4 mm (Caja 2x3 Kg.)",2025-10,11
11,PASDEGR40,"Decoración Perlas Blancas 4 mm (Caja 2x3 Kg.)",2025-11,9
11,PASDEGR40,"Decoración Perlas Blancas 4 mm (Caja 2x3 Kg.)",2025-12,5
11,PASDEGR40,"Decoración Perlas Blancas 4 mm (Caja 2x3 Kg.)",2026-01,16
11,PASDEGR40,"Decoración Perlas Blancas 4 mm (Caja 2x3 Kg.)",2026-02,12
11,PASDEGR40,"Decoración Perlas Blancas 4 mm (Caja 2x3 Kg.)",2026-03,20
11,PASDEGR40,"Decoración Perlas Blancas 4 mm (Caja 2x3 Kg.)",2026-04,19
11,PASDEGR40,"Decoración Perlas Blancas 4 mm (Caja 2x3 Kg.)",2026-05,7
11,PASDEGR40,"Decoración Perlas Blancas 4 mm (Caja 2x3 Kg.)",2026-06,5
11,PASDEGR42,"Decoración Perlas Rosadas 10 mm (Caja 2x3 Kg.)",2024-04,21
11,PASDEGR42,"Decoración Perlas Rosadas 10 mm (Caja 2x3 Kg.)",2024-05,2
11,PASDEGR42,"Decoración Perlas Rosadas 10 mm (Caja 2x3 Kg.)",2024-10,24
11,PASDEGR42,"Decoración Perlas Rosadas 10 mm (Caja 2x3 Kg.)",2024-11,7
11,PASDEGR42,"Decoración Perlas Rosadas 10 mm (Caja 2x3 Kg.)",2024-12,4
11,PASDEGR42,"Decoración Perlas Rosadas 10 mm (Caja 2x3 Kg.)",2025-01,1
11,PASDEGR42,"Decoración Perlas Rosadas 10 mm (Caja 2x3 Kg.)",2025-02,5
11,PASDEGR42,"Decoración Perlas Rosadas 10 mm (Caja 2x3 Kg.)",2025-03,5
11,PASDEGR42,"Decoración Perlas Rosadas 10 mm (Caja 2x3 Kg.)",2025-04,10
11,PASDEGR42,"Decoración Perlas Rosadas 10 mm (Caja 2x3 Kg.)",2025-05,11
11,PASDEGR42,"Decoración Perlas Rosadas 10 mm (Caja 2x3 Kg.)",2025-06,8
11,PASDEGR42,"Decoración Perlas Rosadas 10 mm (Caja 2x3 Kg.)",2025-07,8
11,PASDEGR42,"Decoración Perlas Rosadas 10 mm (Caja 2x3 Kg.)",2025-08,4
11,PASDEGR42,"Decoración Perlas Rosadas 10 mm (Caja 2x3 Kg.)",2025-09,11
11,PASDEGR42,"Decoración Perlas Rosadas 10 mm (Caja 2x3 Kg.)",2025-10,6
11,PASDEGR42,"Decoración Perlas Rosadas 10 mm (Caja 2x3 Kg.)",2025-11,7
11,PASDEGR42,"Decoración Perlas Rosadas 10 mm (Caja 2x3 Kg.)",2025-12,2
11,PASDEGR42,"Decoración Perlas Rosadas 10 mm (Caja 2x3 Kg.)",2026-01,7
11,PASDEGR42,"Decoración Perlas Rosadas 10 mm (Caja 2x3 Kg.)",2026-02,3
11,PASDEGR42,"Decoración Perlas Rosadas 10 mm (Caja 2x3 Kg.)",2026-03,6
11,PASDEGR42,"Decoración Perlas Rosadas 10 mm (Caja 2x3 Kg.)",2026-04,11
11,PASDEGR42,"Decoración Perlas Rosadas 10 mm (Caja 2x3 Kg.)",2026-05,5
11,PASDEGR42,"Decoración Perlas Rosadas 10 mm (Caja 2x3 Kg.)",2026-06,3
11,PASDEGR43,"Decoración Perlas Blancas 10 mm (Caja 2x3 Kg.)",2024-04,23
11,PASDEGR43,"Decoración Perlas Blancas 10 mm (Caja 2x3 Kg.)",2024-10,40
11,PASDEGR43,"Decoración Perlas Blancas 10 mm (Caja 2x3 Kg.)",2024-11,16
11,PASDEGR43,"Decoración Perlas Blancas 10 mm (Caja 2x3 Kg.)",2024-12,5
11,PASDEGR43,"Decoración Perlas Blancas 10 mm (Caja 2x3 Kg.)",2025-01,4
11,PASDEGR43,"Decoración Perlas Blancas 10 mm (Caja 2x3 Kg.)",2025-02,9
11,PASDEGR43,"Decoración Perlas Blancas 10 mm (Caja 2x3 Kg.)",2025-03,10
11,PASDEGR43,"Decoración Perlas Blancas 10 mm (Caja 2x3 Kg.)",2025-04,17
11,PASDEGR43,"Decoración Perlas Blancas 10 mm (Caja 2x3 Kg.)",2025-05,23
11,PASDEGR43,"Decoración Perlas Blancas 10 mm (Caja 2x3 Kg.)",2025-06,7
11,PASDEGR43,"Decoración Perlas Blancas 10 mm (Caja 2x3 Kg.)",2025-07,7
11,PASDEGR43,"Decoración Perlas Blancas 10 mm (Caja 2x3 Kg.)",2025-08,5
11,PASDEGR43,"Decoración Perlas Blancas 10 mm (Caja 2x3 Kg.)",2025-09,16
11,PASDEGR43,"Decoración Perlas Blancas 10 mm (Caja 2x3 Kg.)",2025-10,10
11,PASDEGR43,"Decoración Perlas Blancas 10 mm (Caja 2x3 Kg.)",2025-11,12
11,PASDEGR43,"Decoración Perlas Blancas 10 mm (Caja 2x3 Kg.)",2025-12,5
11,PASDEGR43,"Decoración Perlas Blancas 10 mm (Caja 2x3 Kg.)",2026-01,11
11,PASDEGR43,"Decoración Perlas Blancas 10 mm (Caja 2x3 Kg.)",2026-02,7
11,PASDEGR43,"Decoración Perlas Blancas 10 mm (Caja 2x3 Kg.)",2026-03,9
11,PASDEGR43,"Decoración Perlas Blancas 10 mm (Caja 2x3 Kg.)",2026-04,17
11,PASDEGR43,"Decoración Perlas Blancas 10 mm (Caja 2x3 Kg.)",2026-05,8
11,PASDEGR43,"Decoración Perlas Blancas 10 mm (Caja 2x3 Kg.)",2026-06,6
11,PASDECE09,"Cereal B/M Chocopower Ball 6 mm (Caja 3x2 Kg.)",2024-08,600
11,PASDECE09,"Cereal B/M Chocopower Ball 6 mm (Caja 3x2 Kg.)",2024-09,217
11,PASDECE09,"Cereal B/M Chocopower Ball 6 mm (Caja 3x2 Kg.)",2024-10,417
11,PASDECE09,"Cereal B/M Chocopower Ball 6 mm (Caja 3x2 Kg.)",2024-11,667
11,PASDECE09,"Cereal B/M Chocopower Ball 6 mm (Caja 3x2 Kg.)",2024-12,31
11,PASDECE09,"Cereal B/M Chocopower Ball 6 mm (Caja 3x2 Kg.)",2025-01,100
11,PASDECE09,"Cereal B/M Chocopower Ball 6 mm (Caja 3x2 Kg.)",2025-02,167
11,PASDECE09,"Cereal B/M Chocopower Ball 6 mm (Caja 3x2 Kg.)",2025-03,391
11,PASDECE09,"Cereal B/M Chocopower Ball 6 mm (Caja 3x2 Kg.)",2025-04,400
11,PASDECE09,"Cereal B/M Chocopower Ball 6 mm (Caja 3x2 Kg.)",2025-05,400
11,PASDECE09,"Cereal B/M Chocopower Ball 6 mm (Caja 3x2 Kg.)",2025-12,1
11,PASDECE09,"Cereal B/M Chocopower Ball 6 mm (Caja 3x2 Kg.)",2026-01,334
11,PASDECE09,"Cereal B/M Chocopower Ball 6 mm (Caja 3x2 Kg.)",2026-02,2
11,PASDECE09,"Cereal B/M Chocopower Ball 6 mm (Caja 3x2 Kg.)",2026-03,334
11,PASDECE09,"Cereal B/M Chocopower Ball 6 mm (Caja 3x2 Kg.)",2026-04,148
11,PASDECE09,"Cereal B/M Chocopower Ball 6 mm (Caja 3x2 Kg.)",2026-05,5
11,PASDECE09,"Cereal B/M Chocopower Ball 6 mm (Caja 3x2 Kg.)",2026-06,868
11,PASDEGR45,"Decoración Perla Oro 10 mm (Caja 2x3 Kg.)",2024-10,17
11,PASDEGR45,"Decoración Perla Oro 10 mm (Caja 2x3 Kg.)",2024-11,17.5
11,PASDEGR45,"Decoración Perla Oro 10 mm (Caja 2x3 Kg.)",2024-12,6
11,PASDEGR45,"Decoración Perla Oro 10 mm (Caja 2x3 Kg.)",2025-01,3
11,PASDEGR45,"Decoración Perla Oro 10 mm (Caja 2x3 Kg.)",2025-02,5
11,PASDEGR45,"Decoración Perla Oro 10 mm (Caja 2x3 Kg.)",2025-03,10
11,PASDEGR45,"Decoración Perla Oro 10 mm (Caja 2x3 Kg.)",2025-04,12
11,PASDEGR45,"Decoración Perla Oro 10 mm (Caja 2x3 Kg.)",2025-05,11
11,PASDEGR45,"Decoración Perla Oro 10 mm (Caja 2x3 Kg.)",2025-06,1
11,PASDEGR45,"Decoración Perla Oro 10 mm (Caja 2x3 Kg.)",2025-07,8
11,PASDEGR45,"Decoración Perla Oro 10 mm (Caja 2x3 Kg.)",2025-08,2
11,PASDEGR45,"Decoración Perla Oro 10 mm (Caja 2x3 Kg.)",2025-09,14
11,PASDEGR45,"Decoración Perla Oro 10 mm (Caja 2x3 Kg.)",2025-10,5
11,PASDEGR45,"Decoración Perla Oro 10 mm (Caja 2x3 Kg.)",2025-11,4
11,PASDEGR45,"Decoración Perla Oro 10 mm (Caja 2x3 Kg.)",2025-12,8
11,PASDEGR45,"Decoración Perla Oro 10 mm (Caja 2x3 Kg.)",2026-01,6
11,PASDEGR45,"Decoración Perla Oro 10 mm (Caja 2x3 Kg.)",2026-02,2
11,PASDEGR46,"Gragea Roja 2 mm (Caja 2x3 Kg.)",2024-10,16
11,PASDEGR46,"Gragea Roja 2 mm (Caja 2x3 Kg.)",2024-11,9.5
11,PASDEGR46,"Gragea Roja 2 mm (Caja 2x3 Kg.)",2024-12,1
11,PASDEGR46,"Gragea Roja 2 mm (Caja 2x3 Kg.)",2025-01,6
11,PASDEGR46,"Gragea Roja 2 mm (Caja 2x3 Kg.)",2025-02,8
11,PASDEGR46,"Gragea Roja 2 mm (Caja 2x3 Kg.)",2025-03,5
11,PASDEGR46,"Gragea Roja 2 mm (Caja 2x3 Kg.)",2025-04,6
11,PASDEGR46,"Gragea Roja 2 mm (Caja 2x3 Kg.)",2025-05,2
11,PASDEGR46,"Gragea Roja 2 mm (Caja 2x3 Kg.)",2025-06,1
11,PASDEGR46,"Gragea Roja 2 mm (Caja 2x3 Kg.)",2025-07,7
11,PASDEGR46,"Gragea Roja 2 mm (Caja 2x3 Kg.)",2025-08,6
11,PASDEGR46,"Gragea Roja 2 mm (Caja 2x3 Kg.)",2025-09,4
11,PASDEGR46,"Gragea Roja 2 mm (Caja 2x3 Kg.)",2025-10,2
11,PASDEGR46,"Gragea Roja 2 mm (Caja 2x3 Kg.)",2025-11,3
11,PASDEGR46,"Gragea Roja 2 mm (Caja 2x3 Kg.)",2025-12,1
11,PASDEGR46,"Gragea Roja 2 mm (Caja 2x3 Kg.)",2026-01,14
11,PASDEGR46,"Gragea Roja 2 mm (Caja 2x3 Kg.)",2026-02,1
11,PASDEGR46,"Gragea Roja 2 mm (Caja 2x3 Kg.)",2026-04,4
11,PASDEGR46,"Gragea Roja 2 mm (Caja 2x3 Kg.)",2026-05,4
11,PASDEGR46,"Gragea Roja 2 mm (Caja 2x3 Kg.)",2026-06,3
11,PASDEGR47,"Granillo Oro (Caja 2x3 Kg.)",2024-10,29
11,PASDEGR47,"Granillo Oro (Caja 2x3 Kg.)",2024-11,21
11,PASDEGR47,"Granillo Oro (Caja 2x3 Kg.)",2024-12,4
11,PASDEGR47,"Granillo Oro (Caja 2x3 Kg.)",2025-01,4
11,PASDEGR47,"Granillo Oro (Caja 2x3 Kg.)",2025-02,4
11,PASDEGR47,"Granillo Oro (Caja 2x3 Kg.)",2025-04,10
11,PASDEGR47,"Granillo Oro (Caja 2x3 Kg.)",2025-05,5
11,PASDEGR47,"Granillo Oro (Caja 2x3 Kg.)",2025-06,4
11,PASDEGR48,"Granillo Plata (Caja 2x3 Kg.)",2024-10,22
11,PASDEGR48,"Granillo Plata (Caja 2x3 Kg.)",2024-11,11
11,PASDEGR48,"Granillo Plata (Caja 2x3 Kg.)",2024-12,2
11,PASDEGR48,"Granillo Plata (Caja 2x3 Kg.)",2025-01,1
11,PASDEGR48,"Granillo Plata (Caja 2x3 Kg.)",2025-02,2
11,PASDEGR48,"Granillo Plata (Caja 2x3 Kg.)",2025-03,4
11,PASDEGR48,"Granillo Plata (Caja 2x3 Kg.)",2025-04,3
11,PASDEGR48,"Granillo Plata (Caja 2x3 Kg.)",2025-05,3
11,PASDEGR48,"Granillo Plata (Caja 2x3 Kg.)",2025-06,5
11,PASDEGR48,"Granillo Plata (Caja 2x3 Kg.)",2025-07,1
11,PASDEGR48,"Granillo Plata (Caja 2x3 Kg.)",2025-08,5
11,PASDEGR48,"Granillo Plata (Caja 2x3 Kg.)",2025-09,6
11,PASDEGR48,"Granillo Plata (Caja 2x3 Kg.)",2025-10,3
11,PASDEGR48,"Granillo Plata (Caja 2x3 Kg.)",2025-11,2
11,PASDEGR48,"Granillo Plata (Caja 2x3 Kg.)",2026-01,2
11,PASDEGR48,"Granillo Plata (Caja 2x3 Kg.)",2026-02,1
11,PASDEGR48,"Granillo Plata (Caja 2x3 Kg.)",2026-03,4
11,PASDEGR49,"Decoración Mix Perla Pastel (Caja 2x3 Kg.)",2024-10,81
11,PASDEGR49,"Decoración Mix Perla Pastel (Caja 2x3 Kg.)",2024-11,0.5
11,PASDEGR49,"Decoración Mix Perla Pastel (Caja 2x3 Kg.)",2025-06,4
11,PASDEGR49,"Decoración Mix Perla Pastel (Caja 2x3 Kg.)",2025-07,36
11,PASDEGR49,"Decoración Mix Perla Pastel (Caja 2x3 Kg.)",2025-08,20
11,PASDEGR49,"Decoración Mix Perla Pastel (Caja 2x3 Kg.)",2025-09,12
11,PASDEGR49,"Decoración Mix Perla Pastel (Caja 2x3 Kg.)",2025-10,8
11,PASDEGR49,"Decoración Mix Perla Pastel (Caja 2x3 Kg.)",2025-11,7
11,PASDEGR49,"Decoración Mix Perla Pastel (Caja 2x3 Kg.)",2025-12,3
11,PASDEGR49,"Decoración Mix Perla Pastel (Caja 2x3 Kg.)",2026-01,7
11,PASDEGR49,"Decoración Mix Perla Pastel (Caja 2x3 Kg.)",2026-02,5
11,PASDEGR49,"Decoración Mix Perla Pastel (Caja 2x3 Kg.)",2026-03,15
11,PASDEGR49,"Decoración Mix Perla Pastel (Caja 2x3 Kg.)",2026-04,19
11,PASDEGR49,"Decoración Mix Perla Pastel (Caja 2x3 Kg.)",2026-05,11
11,PASDEGR49,"Decoración Mix Perla Pastel (Caja 2x3 Kg.)",2026-06,11
11,PASDEGR50,"Decoración Mix Conejitos (Caja 2x3 Kg.)",2024-10,8
11,PASDEGR50,"Decoración Mix Conejitos (Caja 2x3 Kg.)",2025-01,13
11,PASDEGR50,"Decoración Mix Conejitos (Caja 2x3 Kg.)",2025-02,58
11,PASDEGR50,"Decoración Mix Conejitos (Caja 2x3 Kg.)",2025-03,10
11,PASDEGR50,"Decoración Mix Conejitos (Caja 2x3 Kg.)",2025-07,9
11,PASDEGR50,"Decoración Mix Conejitos (Caja 2x3 Kg.)",2025-09,1
11,PASDEGR50,"Decoración Mix Conejitos (Caja 2x3 Kg.)",2025-11,3
11,PASDEGR50,"Decoración Mix Conejitos (Caja 2x3 Kg.)",2026-01,2
11,PASDEGR50,"Decoración Mix Conejitos (Caja 2x3 Kg.)",2026-02,5
11,PASDEGR51,"Decoración Mix Bastones (Caja 2x3 Kg.)",2024-10,80
11,PASDEGR51,"Decoración Mix Bastones (Caja 2x3 Kg.)",2024-11,1.5
11,PASDEGR52,"Decoración Estrella Oro (Caja 2x3 Kg.)",2024-10,81
11,PASDEGR52,"Decoración Estrella Oro (Caja 2x3 Kg.)",2024-11,0.5
11,PASDEGR52,"Decoración Estrella Oro (Caja 2x3 Kg.)",2025-07,18
11,PASDEGR52,"Decoración Estrella Oro (Caja 2x3 Kg.)",2025-08,11
11,PASDEGR52,"Decoración Estrella Oro (Caja 2x3 Kg.)",2025-09,5
11,PASDEGR52,"Decoración Estrella Oro (Caja 2x3 Kg.)",2025-10,4
11,PASDEGR52,"Decoración Estrella Oro (Caja 2x3 Kg.)",2025-11,42
11,PASDEGR52,"Decoración Estrella Oro (Caja 2x3 Kg.)",2026-01,6
11,PASDEGR52,"Decoración Estrella Oro (Caja 2x3 Kg.)",2026-02,2
11,PASDEGR52,"Decoración Estrella Oro (Caja 2x3 Kg.)",2026-03,2
11,PASDEGR52,"Decoración Estrella Oro (Caja 2x3 Kg.)",2026-04,12
11,PASDEGR52,"Decoración Estrella Oro (Caja 2x3 Kg.)",2026-05,3
11,PASDEGR52,"Decoración Estrella Oro (Caja 2x3 Kg.)",2026-06,4
11,PASDEGR53,"Decoración Perla Oro 4 mm (Caja 2x3 Kg.)",2025-06,1
11,PASDEGR53,"Decoración Perla Oro 4 mm (Caja 2x3 Kg.)",2025-07,37
11,PASDEGR53,"Decoración Perla Oro 4 mm (Caja 2x3 Kg.)",2025-08,20
11,PASDEGR53,"Decoración Perla Oro 4 mm (Caja 2x3 Kg.)",2025-09,18
11,PASDEGR53,"Decoración Perla Oro 4 mm (Caja 2x3 Kg.)",2025-10,13
11,PASDEGR53,"Decoración Perla Oro 4 mm (Caja 2x3 Kg.)",2025-11,22
11,PASDEGR53,"Decoración Perla Oro 4 mm (Caja 2x3 Kg.)",2025-12,11
11,PASDEGR53,"Decoración Perla Oro 4 mm (Caja 2x3 Kg.)",2026-01,6
11,PASDEGR53,"Decoración Perla Oro 4 mm (Caja 2x3 Kg.)",2026-02,8
11,PASDEGR53,"Decoración Perla Oro 4 mm (Caja 2x3 Kg.)",2026-03,8
11,PASDEGR53,"Decoración Perla Oro 4 mm (Caja 2x3 Kg.)",2026-04,20
11,PASDEGR53,"Decoración Perla Oro 4 mm (Caja 2x3 Kg.)",2026-05,7
11,PASDEGR53,"Decoración Perla Oro 4 mm (Caja 2x3 Kg.)",2026-06,7
11,PASDEGR54,"Decoración Perla Negra 4 mm (Caja 2x3 Kg.)",2025-06,2
11,PASDEGR54,"Decoración Perla Negra 4 mm (Caja 2x3 Kg.)",2025-07,14
11,PASDEGR54,"Decoración Perla Negra 4 mm (Caja 2x3 Kg.)",2025-08,5
11,PASDEGR54,"Decoración Perla Negra 4 mm (Caja 2x3 Kg.)",2025-09,6
11,PASDEGR54,"Decoración Perla Negra 4 mm (Caja 2x3 Kg.)",2025-10,3
11,PASDEGR54,"Decoración Perla Negra 4 mm (Caja 2x3 Kg.)",2026-01,4
11,PASDEGR54,"Decoración Perla Negra 4 mm (Caja 2x3 Kg.)",2026-02,1
11,PASDEGR54,"Decoración Perla Negra 4 mm (Caja 2x3 Kg.)",2026-03,1
11,PASDEGR54,"Decoración Perla Negra 4 mm (Caja 2x3 Kg.)",2026-04,4
11,PASDEGR54,"Decoración Perla Negra 4 mm (Caja 2x3 Kg.)",2026-05,1
11,PASDEGR54,"Decoración Perla Negra 4 mm (Caja 2x3 Kg.)",2026-06,1
11,PASDEGR55,"Decoración Copo de Nieve (2x3 Kg.)",2025-06,2
11,PASDEGR55,"Decoración Copo de Nieve (2x3 Kg.)",2025-07,16
11,PASDEGR55,"Decoración Copo de Nieve (2x3 Kg.)",2025-08,13
11,PASDEGR55,"Decoración Copo de Nieve (2x3 Kg.)",2025-09,9
11,PASDEGR55,"Decoración Copo de Nieve (2x3 Kg.)",2025-10,1
11,PASDEGR55,"Decoración Copo de Nieve (2x3 Kg.)",2025-12,2
11,PASDEGR55,"Decoración Copo de Nieve (2x3 Kg.)",2026-01,4
11,PASDEGR55,"Decoración Copo de Nieve (2x3 Kg.)",2026-02,1
11,PASDEGR55,"Decoración Copo de Nieve (2x3 Kg.)",2026-03,6
11,PASDEGR55,"Decoración Copo de Nieve (2x3 Kg.)",2026-04,12
11,PASDEGR55,"Decoración Copo de Nieve (2x3 Kg.)",2026-06,1
11,PASDEGR57,"Decoración Mix Bebé (2x3 Kg.)",2025-06,4
11,PASDEGR57,"Decoración Mix Bebé (2x3 Kg.)",2025-07,26
11,PASDEGR57,"Decoración Mix Bebé (2x3 Kg.)",2025-08,9
11,PASDEGR57,"Decoración Mix Bebé (2x3 Kg.)",2025-09,10
11,PASDEGR57,"Decoración Mix Bebé (2x3 Kg.)",2025-10,4
11,PASDEGR57,"Decoración Mix Bebé (2x3 Kg.)",2025-11,1
11,PASDEGR57,"Decoración Mix Bebé (2x3 Kg.)",2026-01,3
11,PASDEGR57,"Decoración Mix Bebé (2x3 Kg.)",2026-02,2
11,PASDEGR57,"Decoración Mix Bebé (2x3 Kg.)",2026-03,6
11,PASDEGR57,"Decoración Mix Bebé (2x3 Kg.)",2026-04,8
11,PASDEGR57,"Decoración Mix Bebé (2x3 Kg.)",2026-05,3
11,PASDEGR57,"Decoración Mix Bebé (2x3 Kg.)",2026-06,3
11,PASDEGR58,"Decoración Mix Oro Halloween (2x3 Kg.)",2025-06,2
11,PASDEGR58,"Decoración Mix Oro Halloween (2x3 Kg.)",2025-07,28
11,PASDEGR58,"Decoración Mix Oro Halloween (2x3 Kg.)",2025-08,12
11,PASDEGR58,"Decoración Mix Oro Halloween (2x3 Kg.)",2025-09,13
11,PASDEGR58,"Decoración Mix Oro Halloween (2x3 Kg.)",2025-10,5
11,PASDEGR58,"Decoración Mix Oro Halloween (2x3 Kg.)",2026-01,2
11,PASDEGR58,"Decoración Mix Oro Halloween (2x3 Kg.)",2026-05,1
11,PASDEGR58,"Decoración Mix Oro Halloween (2x3 Kg.)",2026-06,2
11,PASDEGR59,"Decoración Perla Verde 4 mm (Caja 2x3 Kg.)",2025-06,1
11,PASDEGR59,"Decoración Perla Verde 4 mm (Caja 2x3 Kg.)",2025-07,14
11,PASDEGR59,"Decoración Perla Verde 4 mm (Caja 2x3 Kg.)",2025-08,3
11,PASDEGR59,"Decoración Perla Verde 4 mm (Caja 2x3 Kg.)",2025-09,5
11,PASDEGR59,"Decoración Perla Verde 4 mm (Caja 2x3 Kg.)",2025-10,1
11,PASDEGR59,"Decoración Perla Verde 4 mm (Caja 2x3 Kg.)",2025-11,4
11,PASDEGR59,"Decoración Perla Verde 4 mm (Caja 2x3 Kg.)",2025-12,1
11,PASDEGR59,"Decoración Perla Verde 4 mm (Caja 2x3 Kg.)",2026-02,1
11,PASDEGR59,"Decoración Perla Verde 4 mm (Caja 2x3 Kg.)",2026-03,2
11,PASDEGR59,"Decoración Perla Verde 4 mm (Caja 2x3 Kg.)",2026-04,3
11,PASDEGR59,"Decoración Perla Verde 4 mm (Caja 2x3 Kg.)",2026-05,1
11,PASDEGR59,"Decoración Perla Verde 4 mm (Caja 2x3 Kg.)",2026-06,3
11,PASDEGR61,"Decoración Mix Fiesta (2x3 Kg.)",2025-06,5
11,PASDEGR61,"Decoración Mix Fiesta (2x3 Kg.)",2025-07,37
11,PASDEGR61,"Decoración Mix Fiesta (2x3 Kg.)",2025-08,16
11,PASDEGR61,"Decoración Mix Fiesta (2x3 Kg.)",2025-09,11
11,PASDEGR61,"Decoración Mix Fiesta (2x3 Kg.)",2025-10,5
11,PASDEGR61,"Decoración Mix Fiesta (2x3 Kg.)",2025-11,1
11,PASDEGR61,"Decoración Mix Fiesta (2x3 Kg.)",2025-12,2
11,PASDEGR61,"Decoración Mix Fiesta (2x3 Kg.)",2026-01,9
11,PASDEGR61,"Decoración Mix Fiesta (2x3 Kg.)",2026-02,10
11,PASDEGR61,"Decoración Mix Fiesta (2x3 Kg.)",2026-03,18
11,PASDEGR61,"Decoración Mix Fiesta (2x3 Kg.)",2026-04,14
11,PASDEGR61,"Decoración Mix Fiesta (2x3 Kg.)",2026-05,8
11,PASDEGR61,"Decoración Mix Fiesta (2x3 Kg.)",2026-06,5
11,PASDEGR62,"Decoración Mix Conejo de Pascua (2x3 Kg.)",2025-06,3
11,PASDEGR62,"Decoración Mix Conejo de Pascua (2x3 Kg.)",2025-07,12
11,PASDEGR62,"Decoración Mix Conejo de Pascua (2x3 Kg.)",2025-08,3
11,PASDEGR62,"Decoración Mix Conejo de Pascua (2x3 Kg.)",2025-09,5
11,PASDEGR62,"Decoración Mix Conejo de Pascua (2x3 Kg.)",2026-01,4
11,PASDEGR62,"Decoración Mix Conejo de Pascua (2x3 Kg.)",2026-02,63
11,PASDEGR62,"Decoración Mix Conejo de Pascua (2x3 Kg.)",2026-03,47
11,PASDEGR62,"Decoración Mix Conejo de Pascua (2x3 Kg.)",2026-04,2
11,PASDEGR62,"Decoración Mix Conejo de Pascua (2x3 Kg.)",2026-05,1
11,PASDEGR62,"Decoración Mix Conejo de Pascua (2x3 Kg.)",2026-06,2
11,PASDEGR56,"Decoración Estrella Plata (2x3 Kg.)",2025-07,14
11,PASDEGR56,"Decoración Estrella Plata (2x3 Kg.)",2025-08,10
11,PASDEGR56,"Decoración Estrella Plata (2x3 Kg.)",2025-09,7
11,PASDEGR56,"Decoración Estrella Plata (2x3 Kg.)",2025-10,3
11,PASDEGR56,"Decoración Estrella Plata (2x3 Kg.)",2025-11,1
11,PASDEGR56,"Decoración Estrella Plata (2x3 Kg.)",2025-12,1
11,PASDEGR56,"Decoración Estrella Plata (2x3 Kg.)",2026-01,5
11,PASDEGR56,"Decoración Estrella Plata (2x3 Kg.)",2026-03,1
11,PASDEGR56,"Decoración Estrella Plata (2x3 Kg.)",2026-04,5
11,PASDEGR56,"Decoración Estrella Plata (2x3 Kg.)",2026-05,5
11,PASDEGR60,"Decoración Perla Azul 4 mm (Caja 2x3 Kg.)",2025-07,10
11,PASDEGR60,"Decoración Perla Azul 4 mm (Caja 2x3 Kg.)",2025-08,6
11,PASDEGR60,"Decoración Perla Azul 4 mm (Caja 2x3 Kg.)",2025-09,6
11,PASDEGR60,"Decoración Perla Azul 4 mm (Caja 2x3 Kg.)",2025-10,4
11,PASDEGR60,"Decoración Perla Azul 4 mm (Caja 2x3 Kg.)",2025-11,4
11,PASDEGR60,"Decoración Perla Azul 4 mm (Caja 2x3 Kg.)",2025-12,1
11,PASDEGR60,"Decoración Perla Azul 4 mm (Caja 2x3 Kg.)",2026-01,1
11,PASDEGR60,"Decoración Perla Azul 4 mm (Caja 2x3 Kg.)",2026-02,2
11,PASDEGR60,"Decoración Perla Azul 4 mm (Caja 2x3 Kg.)",2026-03,2
11,PASDEGR60,"Decoración Perla Azul 4 mm (Caja 2x3 Kg.)",2026-04,6
11,PASDEGR60,"Decoración Perla Azul 4 mm (Caja 2x3 Kg.)",2026-05,3
11,PASDEGR60,"Decoración Perla Azul 4 mm (Caja 2x3 Kg.)",2026-06,4
11,PASDEGR63,"Granillo Naranja (Caja 4,5 Kg.)",2025-08,5
11,PASDEGR63,"Granillo Naranja (Caja 4,5 Kg.)",2025-09,170
11,PASDEGR63,"Granillo Naranja (Caja 4,5 Kg.)",2025-10,64
11,PASDEGR63,"Granillo Naranja (Caja 4,5 Kg.)",2025-11,37
11,PASDEGR63,"Granillo Naranja (Caja 4,5 Kg.)",2026-02,6
11,PASDEGR63,"Granillo Naranja (Caja 4,5 Kg.)",2026-03,7
11,PASDEGR63,"Granillo Naranja (Caja 4,5 Kg.)",2026-04,1
11,PASDEGR63,"Granillo Naranja (Caja 4,5 Kg.)",2026-05,1
11,PASDEGR63,"Granillo Naranja (Caja 4,5 Kg.)",2026-06,2
11,PASDEGR64,"Mix Gragea Halloween con Ojo (Caja 2x5 Kg.)",2025-09,19
11,PASDEGR64,"Mix Gragea Halloween con Ojo (Caja 2x5 Kg.)",2025-10,35
11,PASDEGR65,"Mix Gragea Halloween con Ojo (12 Jarras x 80 Grs.)",2025-09,11
11,PASDEGR65,"Mix Gragea Halloween con Ojo (12 Jarras x 80 Grs.)",2025-10,15
11,PASDESP01,"Mix Sprinkles Halloween Araña (Caja 2x5 Kg.)",2025-09,23
11,PASDESP01,"Mix Sprinkles Halloween Araña (Caja 2x5 Kg.)",2025-10,29
11,PASDESP02,"Mix Sprinkles Halloween Fantasma (Caja 2x5 Kg.)",2025-09,33
11,PASDESP02,"Mix Sprinkles Halloween Fantasma (Caja 2x5 Kg.)",2025-10,56
11,PASDESP03,"Mix Sprinkles Halloween Ojo (Caja 2x5 Kg.)",2025-09,14
11,PASDESP03,"Mix Sprinkles Halloween Ojo (Caja 2x5 Kg.)",2025-10,16
11,PASDESP04,"Mix Sprinkles Halloween Calabaza (Caja 2x5 Kg.)",2025-09,14
11,PASDESP04,"Mix Sprinkles Halloween Calabaza (Caja 2x5 Kg.)",2025-10,17
11,PASDESP05,"Mix Sprinkles Unicornio (Caja 2x5 Kg.)",2025-09,13
11,PASDESP05,"Mix Sprinkles Unicornio (Caja 2x5 Kg.)",2025-10,6
11,PASDESP06,"Mix Sprinkles Tiburón (Caja 2x5 Kg.)",2025-09,7
11,PASDESP06,"Mix Sprinkles Tiburón (Caja 2x5 Kg.)",2026-02,1
11,PASDESP06,"Mix Sprinkles Tiburón (Caja 2x5 Kg.)",2026-04,7
11,PASDESP06,"Mix Sprinkles Tiburón (Caja 2x5 Kg.)",2026-05,3
11,PASDESP06,"Mix Sprinkles Tiburón (Caja 2x5 Kg.)",2026-06,1
11,PASDESP07,"Mix Sprinkles Cupcake (Caja 2x5 Kg.)",2025-09,10
11,PASDESP07,"Mix Sprinkles Cupcake (Caja 2x5 Kg.)",2025-10,4
11,PASDESP07,"Mix Sprinkles Cupcake (Caja 2x5 Kg.)",2026-03,2
11,PASDESP07,"Mix Sprinkles Cupcake (Caja 2x5 Kg.)",2026-04,3
11,PASDESP07,"Mix Sprinkles Cupcake (Caja 2x5 Kg.)",2026-05,1
11,PASDESP07,"Mix Sprinkles Cupcake (Caja 2x5 Kg.)",2026-06,1
11,PASDESP08,"Mix Sprinkles Arcoíris (Caja 2x5 Kg.)",2025-09,15
11,PASDESP08,"Mix Sprinkles Arcoíris (Caja 2x5 Kg.)",2025-10,2
11,PASDESP09,"Mix Sprinkles Halloween Araña (12 Jarras x 80 Grs.)",2025-09,10
11,PASDESP09,"Mix Sprinkles Halloween Araña (12 Jarras x 80 Grs.)",2025-10,16
11,PASDESP10,"Mix Sprinkles Halloween Fantasma (12 Jarras x 80 Grs)",2025-09,13
11,PASDESP10,"Mix Sprinkles Halloween Fantasma (12 Jarras x 80 Grs)",2025-10,27
11,PASDESP11,"Mix Sprinkles Halloween Ojo (12 Jarras x 80 Grs.)",2025-09,8
11,PASDESP11,"Mix Sprinkles Halloween Ojo (12 Jarras x 80 Grs.)",2025-10,6
11,PASDESP12,"Mix Sprinkles Halloween Calabaza (12 Jarras x 80 Grs.)",2025-09,8
11,PASDESP12,"Mix Sprinkles Halloween Calabaza (12 Jarras x 80 Grs.)",2025-10,7
11,PASDESP13,"Mix Sprinkles Halloween RIP (12 Jarras x 80 Grs.)",2025-09,20
11,PASDESP13,"Mix Sprinkles Halloween RIP (12 Jarras x 80 Grs.)",2025-10,12
11,PASDESP14,"Mix Sprinkles Halloween Murciélago (12 Jarras x 80 Grs.)",2025-09,18
11,PASDESP14,"Mix Sprinkles Halloween Murciélago (12 Jarras x 80 Grs.)",2025-10,19
11,PASDESP15,"Mix Sprinkles Unicornio (12 Jarras x 80 Grs.)",2025-09,7
11,PASDESP15,"Mix Sprinkles Unicornio (12 Jarras x 80 Grs.)",2025-10,2
11,PASDESP16,"Mix Sprinkles Tiburón (12 Jarras x 80 Grs.)",2025-09,7
11,PASDESP16,"Mix Sprinkles Tiburón (12 Jarras x 80 Grs.)",2025-10,2
11,PASDESP17,"Mix Sprinkles Cupcake (12 Jarras x 80 Grs.)",2025-09,7
11,PASDESP17,"Mix Sprinkles Cupcake (12 Jarras x 80 Grs.)",2025-10,3
11,PASDESP18,"Mix Sprinkles Arcoíris (12 Jarras x 80 Grs.)",2025-09,7
11,PASDESP18,"Mix Sprinkles Arcoíris (12 Jarras x 80 Grs.)",2025-10,2
11,PASDEAC02,"Decoración Azúcar Cristal Oro (12 Jarras x 148 Grs.)",2025-11,21
11,PASDEAC02,"Decoración Azúcar Cristal Oro (12 Jarras x 148 Grs.)",2025-12,18
11,PASDEAC02,"Decoración Azúcar Cristal Oro (12 Jarras x 148 Grs.)",2026-01,8
11,PASDEAC02,"Decoración Azúcar Cristal Oro (12 Jarras x 148 Grs.)",2026-02,1
11,PASDEAC02,"Decoración Azúcar Cristal Oro (12 Jarras x 148 Grs.)",2026-03,1
11,PASDEAC02,"Decoración Azúcar Cristal Oro (12 Jarras x 148 Grs.)",2026-04,2
11,PASDEAC02,"Decoración Azúcar Cristal Oro (12 Jarras x 148 Grs.)",2026-05,4
11,PASDEAC02,"Decoración Azúcar Cristal Oro (12 Jarras x 148 Grs.)",2026-06,4
11,PASDEAC03,"Decoración Azúcar Cristal Plata (12 Jarras x 148 Grs.)",2025-11,10
11,PASDEAC03,"Decoración Azúcar Cristal Plata (12 Jarras x 148 Grs.)",2025-12,3
11,PASDEAC03,"Decoración Azúcar Cristal Plata (12 Jarras x 148 Grs.)",2026-01,3
11,PASDEAC03,"Decoración Azúcar Cristal Plata (12 Jarras x 148 Grs.)",2026-02,3
11,PASDEAC03,"Decoración Azúcar Cristal Plata (12 Jarras x 148 Grs.)",2026-03,2
11,PASDEAC03,"Decoración Azúcar Cristal Plata (12 Jarras x 148 Grs.)",2026-06,4
11,PASDEAC04,"Decoración Azúcar Cristal Rojo Ruby (12 Jarras x 148 Grs.)",2025-11,13
11,PASDEAC04,"Decoración Azúcar Cristal Rojo Ruby (12 Jarras x 148 Grs.)",2025-12,3
11,PASDEAC04,"Decoración Azúcar Cristal Rojo Ruby (12 Jarras x 148 Grs.)",2026-01,13
11,PASDEAC04,"Decoración Azúcar Cristal Rojo Ruby (12 Jarras x 148 Grs.)",2026-02,5
11,PASDEAC04,"Decoración Azúcar Cristal Rojo Ruby (12 Jarras x 148 Grs.)",2026-03,2
11,PASDEAC04,"Decoración Azúcar Cristal Rojo Ruby (12 Jarras x 148 Grs.)",2026-06,3
11,PASDEAC05,"Decoración Azúcar Cristal Azul (12 Jarras x 148 Grs.)",2025-11,7
11,PASDEAC05,"Decoración Azúcar Cristal Azul (12 Jarras x 148 Grs.)",2025-12,2
11,PASDEAC05,"Decoración Azúcar Cristal Azul (12 Jarras x 148 Grs.)",2026-01,1
11,PASDEAC05,"Decoración Azúcar Cristal Azul (12 Jarras x 148 Grs.)",2026-03,1
11,PASDEAC05,"Decoración Azúcar Cristal Azul (12 Jarras x 148 Grs.)",2026-06,3
11,PASDEAC06,"Decoración Azúcar Cristal Morado (12 Jarras x 148 Grs.)",2025-11,6
11,PASDEAC06,"Decoración Azúcar Cristal Morado (12 Jarras x 148 Grs.)",2025-12,2
11,PASDEAC06,"Decoración Azúcar Cristal Morado (12 Jarras x 148 Grs.)",2026-01,1
11,PASDEAC06,"Decoración Azúcar Cristal Morado (12 Jarras x 148 Grs.)",2026-02,1
11,PASDEAC06,"Decoración Azúcar Cristal Morado (12 Jarras x 148 Grs.)",2026-03,1
11,PASDEAC06,"Decoración Azúcar Cristal Morado (12 Jarras x 148 Grs.)",2026-06,1
11,PASDEAC07,"Decoración Azúcar Cristal Verde (12 Jarras x 148 Grs.)",2025-11,9
11,PASDEAC07,"Decoración Azúcar Cristal Verde (12 Jarras x 148 Grs.)",2025-12,2
11,PASDEAC07,"Decoración Azúcar Cristal Verde (12 Jarras x 148 Grs.)",2026-01,1
11,PASDEAC07,"Decoración Azúcar Cristal Verde (12 Jarras x 148 Grs.)",2026-03,1
11,PASDEAC07,"Decoración Azúcar Cristal Verde (12 Jarras x 148 Grs.)",2026-06,3
11,PASDEAC08,"Decoración Azúcar Cristal Naranjo (12 Jarras x 148 Grs.)",2025-11,6
11,PASDEAC08,"Decoración Azúcar Cristal Naranjo (12 Jarras x 148 Grs.)",2025-12,2
11,PASDEAC08,"Decoración Azúcar Cristal Naranjo (12 Jarras x 148 Grs.)",2026-01,1
11,PASDEAC08,"Decoración Azúcar Cristal Naranjo (12 Jarras x 148 Grs.)",2026-03,1
11,PASDEAC08,"Decoración Azúcar Cristal Naranjo (12 Jarras x 148 Grs.)",2026-06,3
11,PASDEAC09,"Decoración Azúcar Cristal Rosa Neón  (12 Jarras x 148 Grs.)",2025-11,8
11,PASDEAC09,"Decoración Azúcar Cristal Rosa Neón  (12 Jarras x 148 Grs.)",2025-12,2
11,PASDEAC09,"Decoración Azúcar Cristal Rosa Neón  (12 Jarras x 148 Grs.)",2026-01,2
11,PASDEAC09,"Decoración Azúcar Cristal Rosa Neón  (12 Jarras x 148 Grs.)",2026-02,1
11,PASDEAC09,"Decoración Azúcar Cristal Rosa Neón  (12 Jarras x 148 Grs.)",2026-03,12
11,PASDEAC09,"Decoración Azúcar Cristal Rosa Neón  (12 Jarras x 148 Grs.)",2026-04,-6
11,PASDEAC09,"Decoración Azúcar Cristal Rosa Neón  (12 Jarras x 148 Grs.)",2026-05,1
11,PASDEAC09,"Decoración Azúcar Cristal Rosa Neón  (12 Jarras x 148 Grs.)",2026-06,3
11,PASDEFD04,"Decoración Fondant Navidad Reno y Santa (24 Bandejas x 12 Figuras)",2025-11,22
11,PASDEFD04,"Decoración Fondant Navidad Reno y Santa (24 Bandejas x 12 Figuras)",2025-12,0
11,PASDEFD05,"Decoración Fondant Navidad Reno y Santa (16 Bandejas x 50 Figuras)",2025-11,9
11,PASDEFD05,"Decoración Fondant Navidad Reno y Santa (16 Bandejas x 50 Figuras)",2025-12,5
11,PASDEFD06,"Decoración Fondant Navidad Pingüino, Santa y Snowman (24 Bandejas x 12 Figuras)",2025-11,25
11,PASDEFD06,"Decoración Fondant Navidad Pingüino, Santa y Snowman (24 Bandejas x 12 Figuras)",2025-12,-1
11,PASDEFD07,"Decoración Fondant Navidad Pingüino, Santa y Snowman (16  Bandejas x 50 Figuras)",2025-11,23
11,PASDEFD07,"Decoración Fondant Navidad Pingüino, Santa y Snowman (16  Bandejas x 50 Figuras)",2025-12,8
11,PASDEFD08,"Decoración Fondant Navidad Galleta de Jengibre y Casa (24 Bandejas x 12 Figuras)",2025-11,11
11,PASDEFD08,"Decoración Fondant Navidad Galleta de Jengibre y Casa (24 Bandejas x 12 Figuras)",2025-12,2
11,PASDEFD09,"Decoración Fondant Navidad Galleta de Jengibre y Casa (16  Bandejas x 50 Fgs.)",2025-11,18
11,PASDEFD09,"Decoración Fondant Navidad Galleta de Jengibre y Casa (16  Bandejas x 50 Fgs.)",2025-12,7
11,PASDEFG49,"Decoración Ojos Pequeños (20 Sachets x 40 Ojos)",2025-11,18
11,PASDEFG49,"Decoración Ojos Pequeños (20 Sachets x 40 Ojos)",2025-12,3
11,PASDEFG49,"Decoración Ojos Pequeños (20 Sachets x 40 Ojos)",2026-02,3
11,PASDEFG49,"Decoración Ojos Pequeños (20 Sachets x 40 Ojos)",2026-03,2
11,PASDEFG49,"Decoración Ojos Pequeños (20 Sachets x 40 Ojos)",2026-04,1
11,PASDEFG49,"Decoración Ojos Pequeños (20 Sachets x 40 Ojos)",2026-06,1
11,PASDEGA01,"Ginger Bread House para Armar (1 Casa x Caja)",2025-11,364
11,PASDEGA01,"Ginger Bread House para Armar (1 Casa x Caja)",2025-12,36
11,PASDEGG09,"Mix Gragea Navidad (12 Jarras x 80 Grs.)",2025-11,8
11,PASDEGG09,"Mix Gragea Navidad (12 Jarras x 80 Grs.)",2025-12,8
11,PASDEGG10,"Mix Gragea Navidad (Caja 10 Kg.)",2025-11,60
11,PASDEGG10,"Mix Gragea Navidad (Caja 10 Kg.)",2025-12,18
11,PASDEGG11,"Decoración Perla Plata 4 mm (12 Jarras x 141 Grs.)",2025-11,3
11,PASDEGG11,"Decoración Perla Plata 4 mm (12 Jarras x 141 Grs.)",2025-12,1
11,PASDEGG11,"Decoración Perla Plata 4 mm (12 Jarras x 141 Grs.)",2026-01,1
11,PASDEGG11,"Decoración Perla Plata 4 mm (12 Jarras x 141 Grs.)",2026-02,1
11,PASDEGG11,"Decoración Perla Plata 4 mm (12 Jarras x 141 Grs.)",2026-03,1
11,PASDEGG11,"Decoración Perla Plata 4 mm (12 Jarras x 141 Grs.)",2026-04,1
11,PASDEGG11,"Decoración Perla Plata 4 mm (12 Jarras x 141 Grs.)",2026-06,3
11,PASDEGG12,"Decoración Perla Rosada 4 mm (12 Jarras x 141 Grs.)",2025-11,6
11,PASDEGG12,"Decoración Perla Rosada 4 mm (12 Jarras x 141 Grs.)",2025-12,1
11,PASDEGG12,"Decoración Perla Rosada 4 mm (12 Jarras x 141 Grs.)",2026-01,1
11,PASDEGG12,"Decoración Perla Rosada 4 mm (12 Jarras x 141 Grs.)",2026-02,2
11,PASDEGG12,"Decoración Perla Rosada 4 mm (12 Jarras x 141 Grs.)",2026-03,3
11,PASDEGG12,"Decoración Perla Rosada 4 mm (12 Jarras x 141 Grs.)",2026-04,3
11,PASDEGG12,"Decoración Perla Rosada 4 mm (12 Jarras x 141 Grs.)",2026-06,4
11,PASDEGG13,"Decoración Perla Blanca 4 mm (12 Jarras x 141 Grs.)",2025-11,3
11,PASDEGG13,"Decoración Perla Blanca 4 mm (12 Jarras x 141 Grs.)",2026-01,1
11,PASDEGG13,"Decoración Perla Blanca 4 mm (12 Jarras x 141 Grs.)",2026-02,1
11,PASDEGG13,"Decoración Perla Blanca 4 mm (12 Jarras x 141 Grs.)",2026-03,1
11,PASDEGG13,"Decoración Perla Blanca 4 mm (12 Jarras x 141 Grs.)",2026-04,1
11,PASDEGG13,"Decoración Perla Blanca 4 mm (12 Jarras x 141 Grs.)",2026-06,1
11,PASDEGG14,"Decoración Perla Mix Rainbow 4 mm (12 Jarras x 141 Grs.)",2025-11,1
11,PASDEGG14,"Decoración Perla Mix Rainbow 4 mm (12 Jarras x 141 Grs.)",2026-01,0
11,PASDEGG14,"Decoración Perla Mix Rainbow 4 mm (12 Jarras x 141 Grs.)",2026-03,1
11,PASDEGG14,"Decoración Perla Mix Rainbow 4 mm (12 Jarras x 141 Grs.)",2026-06,1
11,PASDEGR66,"Mix Granillo Navidad  (12 Jarras x 80 Grs.)",2025-11,7
11,PASDEGR66,"Mix Granillo Navidad  (12 Jarras x 80 Grs.)",2025-12,3
11,PASDEGR67,"Mix Granillo Navidad (Caja 10 Kg.)",2025-11,57
11,PASDEGR67,"Mix Granillo Navidad (Caja 10 Kg.)",2025-12,29
11,PASDEGR68,"Granillo Chocolate Crocante Manar (Saco 25 Kg.)",2025-11,4
11,PASDEGR68,"Granillo Chocolate Crocante Manar (Saco 25 Kg.)",2025-12,23
11,PASDEGR68,"Granillo Chocolate Crocante Manar (Saco 25 Kg.)",2026-01,15
11,PASDEGR68,"Granillo Chocolate Crocante Manar (Saco 25 Kg.)",2026-02,29
11,PASDEGR68,"Granillo Chocolate Crocante Manar (Saco 25 Kg.)",2026-03,40
11,PASDEGR68,"Granillo Chocolate Crocante Manar (Saco 25 Kg.)",2026-04,62
11,PASDEGR68,"Granillo Chocolate Crocante Manar (Saco 25 Kg.)",2026-05,112
11,PASDEGR68,"Granillo Chocolate Crocante Manar (Saco 25 Kg.)",2026-06,68
11,PASDESP19,"Mix Sprinkles Navidad Estrella Blanca (12 Jarras x 80 Grs.)",2025-11,8
11,PASDESP19,"Mix Sprinkles Navidad Estrella Blanca (12 Jarras x 80 Grs.)",2025-12,25
11,PASDESP19,"Mix Sprinkles Navidad Estrella Blanca (12 Jarras x 80 Grs.)",2026-01,0
11,PASDESP19,"Mix Sprinkles Navidad Estrella Blanca (12 Jarras x 80 Grs.)",2026-02,0
11,PASDESP20,"Mix Sprinkles Navidad Estrella Blanca (Caja 10 Kg.)",2025-11,27
11,PASDESP20,"Mix Sprinkles Navidad Estrella Blanca (Caja 10 Kg.)",2025-12,16
11,PASDESP21,"Mix Sprinkles Navidad Snowman  (12 Jarras x 72 Grs.)",2025-11,2
11,PASDESP21,"Mix Sprinkles Navidad Snowman  (12 Jarras x 72 Grs.)",2025-12,3
11,PASDESP22,"Mix Sprinkles Navidad Snowman  (Caja 10 Kg.)",2025-11,14
11,PASDESP22,"Mix Sprinkles Navidad Snowman  (Caja 10 Kg.)",2025-12,7
11,PASDESP23,"Mix Sprinkles Navidad Copo de Nieve (12 Jarras x 80 Grs.)",2025-11,1
11,PASDESP24,"Mix Sprinkles Navidad Copo de Nieve (Caja 10 Kg.)",2025-11,13
11,PASDESP24,"Mix Sprinkles Navidad Copo de Nieve (Caja 10 Kg.)",2025-12,9
11,PASDESP25,"Mix Sprinkles Remolino de Colores (12 Jarras x 66 Grs.)",2025-11,1
11,PASDESP25,"Mix Sprinkles Remolino de Colores (12 Jarras x 66 Grs.)",2026-01,2
11,PASDESP26,"Mix Sprinkles Remolino de Colores (Caja 10 Kg.)",2025-11,15
11,PASDESP26,"Mix Sprinkles Remolino de Colores (Caja 10 Kg.)",2026-01,1
11,PASDESP26,"Mix Sprinkles Remolino de Colores (Caja 10 Kg.)",2026-02,1
11,PASDESP26,"Mix Sprinkles Remolino de Colores (Caja 10 Kg.)",2026-03,1
11,PASDESP26,"Mix Sprinkles Remolino de Colores (Caja 10 Kg.)",2026-05,1
11,PASDESP27,"Mix Sprinkles Navidad Galleta de Jengibre (12 Jarras x 70 Grs.)",2025-11,8
11,PASDESP27,"Mix Sprinkles Navidad Galleta de Jengibre (12 Jarras x 70 Grs.)",2025-12,18
11,PASDESP27,"Mix Sprinkles Navidad Galleta de Jengibre (12 Jarras x 70 Grs.)",2026-01,-2
11,PASDESP27,"Mix Sprinkles Navidad Galleta de Jengibre (12 Jarras x 70 Grs.)",2026-02,2
11,PASDESP28,"Mix Sprinkles Navidad Galleta de Jengibre (Caja 10 Kg.)",2025-11,43
11,PASDESP28,"Mix Sprinkles Navidad Galleta de Jengibre (Caja 10 Kg.)",2025-12,7
11,PASDESP29,"Mix Sprinkles Trebol Navidad (12 Jarras x 122 Grs.)",2025-11,4
11,PASDESP29,"Mix Sprinkles Trebol Navidad (12 Jarras x 122 Grs.)",2025-12,6
11,PASDESP29,"Mix Sprinkles Trebol Navidad (12 Jarras x 122 Grs.)",2026-01,1
11,PASDESP30,"Mix Sprinkles Trebol Navidad (Caja 10 Kg.)",2025-11,38
11,PASDESP30,"Mix Sprinkles Trebol Navidad (Caja 10 Kg.)",2025-12,12
11,PASDESP31,"Mix Sprinkles Bastones de Navidad (12 Jarras x 126 Grs.)",2025-11,6
11,PASDESP31,"Mix Sprinkles Bastones de Navidad (12 Jarras x 126 Grs.)",2025-12,9
11,PASDESP31,"Mix Sprinkles Bastones de Navidad (12 Jarras x 126 Grs.)",2026-01,1
11,PASDESP32,"Mix Sprinkles Bastones de Navidad (Caja 10 Kg.)",2025-11,50
11,PASDESP33,"Mix Sprinkles Navidad Estrellas Metalizadas (12 Jarras x 124 Grs.)",2025-11,3
11,PASDESP33,"Mix Sprinkles Navidad Estrellas Metalizadas (12 Jarras x 124 Grs.)",2025-12,18
11,PASDESP33,"Mix Sprinkles Navidad Estrellas Metalizadas (12 Jarras x 124 Grs.)",2026-01,0
11,PASDESP34,"Mix Sprinkles Navidad Estrellas Metalizadas (Caja 10 Kg.)",2025-11,30
11,PASDESP34,"Mix Sprinkles Navidad Estrellas Metalizadas (Caja 10 Kg.)",2025-12,12
11,PASDESP35,"Mix Sprinkles Hojas de Navidad (12 Jarras x 124 Grs.)",2025-11,4
11,PASDESP35,"Mix Sprinkles Hojas de Navidad (12 Jarras x 124 Grs.)",2025-12,2
11,PASDESP36,"Mix Sprinkles Hojas de Navidad (Caja 10 Kg.)",2025-11,47
11,PASDESP36,"Mix Sprinkles Hojas de Navidad (Caja 10 Kg.)",2025-12,3
11,PASDESP37,"Mix Sprinkles Oro y Blanco 4 Variedades (8 Jarras x 83 Grs.)",2025-11,3
11,PASDESP37,"Mix Sprinkles Oro y Blanco 4 Variedades (8 Jarras x 83 Grs.)",2025-12,4
11,PASDESP37,"Mix Sprinkles Oro y Blanco 4 Variedades (8 Jarras x 83 Grs.)",2026-03,1
11,PASDESP37,"Mix Sprinkles Oro y Blanco 4 Variedades (8 Jarras x 83 Grs.)",2026-06,1
11,PASDESP38,"Mix Sprinkles Oro y Blanco 4 Variedades (Caja 1 x 12 Kg.)",2025-11,3
11,PASDESP38,"Mix Sprinkles Oro y Blanco 4 Variedades (Caja 1 x 12 Kg.)",2026-02,1
11,PASDESP38,"Mix Sprinkles Oro y Blanco 4 Variedades (Caja 1 x 12 Kg.)",2026-05,1
11,PASDESP39,"Mix Sprinkles Oro y Blanco Estrellas 4 Variedades (8 Jarras x 138 Grs.)",2025-11,14
11,PASDESP39,"Mix Sprinkles Oro y Blanco Estrellas 4 Variedades (8 Jarras x 138 Grs.)",2025-12,20
11,PASDESP39,"Mix Sprinkles Oro y Blanco Estrellas 4 Variedades (8 Jarras x 138 Grs.)",2026-01,3
11,PASDESP39,"Mix Sprinkles Oro y Blanco Estrellas 4 Variedades (8 Jarras x 138 Grs.)",2026-03,1
11,PASDESP39,"Mix Sprinkles Oro y Blanco Estrellas 4 Variedades (8 Jarras x 138 Grs.)",2026-05,2
11,PASDESP39,"Mix Sprinkles Oro y Blanco Estrellas 4 Variedades (8 Jarras x 138 Grs.)",2026-06,1
11,PASDESP40,"Mix Sprinkles Oro y Blanco Estrellas 4 Variedades (Caja 1 x 12 Kg.)",2025-11,11
11,PASDESP40,"Mix Sprinkles Oro y Blanco Estrellas 4 Variedades (Caja 1 x 12 Kg.)",2025-12,1
11,PASDESP40,"Mix Sprinkles Oro y Blanco Estrellas 4 Variedades (Caja 1 x 12 Kg.)",2026-04,1
11,PASDESP41,"Mix Sprinkles Plata y Blanco Estrellas 4 Variedades (8 Jarras x 138 Grs.)",2025-11,11
11,PASDESP41,"Mix Sprinkles Plata y Blanco Estrellas 4 Variedades (8 Jarras x 138 Grs.)",2025-12,10
11,PASDESP41,"Mix Sprinkles Plata y Blanco Estrellas 4 Variedades (8 Jarras x 138 Grs.)",2026-01,2
11,PASDESP41,"Mix Sprinkles Plata y Blanco Estrellas 4 Variedades (8 Jarras x 138 Grs.)",2026-05,1
11,PASDESP41,"Mix Sprinkles Plata y Blanco Estrellas 4 Variedades (8 Jarras x 138 Grs.)",2026-06,1
11,PASDESP42,"Mix Sprinkles Plata y Blanco Estrellas 4 Variedades (Caja 1 x 12 Kg.)",2025-11,6
11,PASDESP42,"Mix Sprinkles Plata y Blanco Estrellas 4 Variedades (Caja 1 x 12 Kg.)",2025-12,1
11,PASDESP42,"Mix Sprinkles Plata y Blanco Estrellas 4 Variedades (Caja 1 x 12 Kg.)",2026-02,1
11,PASDESP42,"Mix Sprinkles Plata y Blanco Estrellas 4 Variedades (Caja 1 x 12 Kg.)",2026-04,1
11,PASDESP42,"Mix Sprinkles Plata y Blanco Estrellas 4 Variedades (Caja 1 x 12 Kg.)",2026-05,1
11,PASDESP43,"Mix Sprinkles Navidad Verde y Rojo 4 Variedades (8 Jarras x 126 Grs.)",2025-11,8
11,PASDESP43,"Mix Sprinkles Navidad Verde y Rojo 4 Variedades (8 Jarras x 126 Grs.)",2025-12,10
11,PASDESP44,"Mix Sprinkles Confetti Navidad 6 Variedades (8 Jarras x 95 Grs.)",2025-11,13
11,PASDESP44,"Mix Sprinkles Confetti Navidad 6 Variedades (8 Jarras x 95 Grs.)",2025-12,1
11,PASDESP45,"Mix Sprinkles Navidad 6 Variedades (8 Jarras x 198 Grs.)",2025-11,3
11,PASDESP47,"Mix Sprinkles Oro y Plata 6 variedades  (Caja 1 x 12 Kg.)",2025-11,7
11,PASDESP47,"Mix Sprinkles Oro y Plata 6 variedades  (Caja 1 x 12 Kg.)",2026-04,2
11,PASDESP47,"Mix Sprinkles Oro y Plata 6 variedades  (Caja 1 x 12 Kg.)",2026-05,1
11,PASDESP48,"Mix Sprinkles Árbol de Navidad (6 Jarras x 315 Grs.)",2025-11,8
11,PASDESP48,"Mix Sprinkles Árbol de Navidad (6 Jarras x 315 Grs.)",2025-12,4
11,PASDESP49,"Mix Perlas Árbol de Navidad con Estrella Oro (8 Jarras x 125 Grs.)",2025-11,14
11,PASDESP49,"Mix Perlas Árbol de Navidad con Estrella Oro (8 Jarras x 125 Grs.)",2025-12,4
11,PASDESP50,"Mix Sprinkles Campana de Oro (24 Jarras x 82 Grs.)",2025-11,1
11,PASDESP50,"Mix Sprinkles Campana de Oro (24 Jarras x 82 Grs.)",2025-12,1
11,PASDESP50,"Mix Sprinkles Campana de Oro (24 Jarras x 82 Grs.)",2026-01,1
11,PASDESP52,"Mix Sprinkles Navidad 3 Variedades (24 cajas x 3 variedades)",2025-11,3
11,PASDESP52,"Mix Sprinkles Navidad 3 Variedades (24 cajas x 3 variedades)",2025-12,0
11,PASDESP53,"Mix Sprinkles Azules y Verdes Variedad (8 Jarras x 76 Grs.)",2025-11,1
11,PASDESP53,"Mix Sprinkles Azules y Verdes Variedad (8 Jarras x 76 Grs.)",2026-03,2
11,PASDESP53,"Mix Sprinkles Azules y Verdes Variedad (8 Jarras x 76 Grs.)",2026-06,1
11,PASDESP55,"Mix Sprinkles Cactus Verde (Bolsa 1 Kg.)",2025-11,30
11,PASDESP55,"Mix Sprinkles Cactus Verde (Bolsa 1 Kg.)",2026-01,3
11,PASDESP55,"Mix Sprinkles Cactus Verde (Bolsa 1 Kg.)",2026-02,10
11,PASDESP55,"Mix Sprinkles Cactus Verde (Bolsa 1 Kg.)",2026-03,3
11,PASDESP55,"Mix Sprinkles Cactus Verde (Bolsa 1 Kg.)",2026-04,15
11,PASDESP55,"Mix Sprinkles Cactus Verde (Bolsa 1 Kg.)",2026-05,2
11,PASDECE10,"Cereal Choco Power 3 mm. Sabor Chocolate (Caja 12x300 Grs.)",2025-12,27
11,PASDECE10,"Cereal Choco Power 3 mm. Sabor Chocolate (Caja 12x300 Grs.)",2026-01,27
11,PASDECE10,"Cereal Choco Power 3 mm. Sabor Chocolate (Caja 12x300 Grs.)",2026-03,1
11,PASDECE10,"Cereal Choco Power 3 mm. Sabor Chocolate (Caja 12x300 Grs.)",2026-06,2
11,PASDECH04,"Chips Pingo Blanco (Caja 10x500 Kg.)",2026-01,39
11,PASDECH04,"Chips Pingo Blanco (Caja 10x500 Kg.)",2026-02,22
11,PASDECH04,"Chips Pingo Blanco (Caja 10x500 Kg.)",2026-03,33
11,PASDECH04,"Chips Pingo Blanco (Caja 10x500 Kg.)",2026-04,16
11,PASDECH04,"Chips Pingo Blanco (Caja 10x500 Kg.)",2026-05,35
11,PASDECH04,"Chips Pingo Blanco (Caja 10x500 Kg.)",2026-06,16
11,PASDEFG56,"Decoración Flocos Sabor Pistacho (Caja 12x300 Gr.)",2026-01,21
11,PASDEFG56,"Decoración Flocos Sabor Pistacho (Caja 12x300 Gr.)",2026-02,19
11,PASDEFG56,"Decoración Flocos Sabor Pistacho (Caja 12x300 Gr.)",2026-03,6
11,PASDEFG56,"Decoración Flocos Sabor Pistacho (Caja 12x300 Gr.)",2026-04,13
11,PASDEFG56,"Decoración Flocos Sabor Pistacho (Caja 12x300 Gr.)",2026-05,7
11,PASDEFG56,"Decoración Flocos Sabor Pistacho (Caja 12x300 Gr.)",2026-06,2
11,PASDESP54,"Mix Sprinkles Azules y Verdes Variedad (Caja 1 x 12 Kg.)",2026-02,1
11,PASDESP54,"Mix Sprinkles Azules y Verdes Variedad (Caja 1 x 12 Kg.)",2026-06,1
11,PASDEFG50,"Decoración Estrella Multicolor (12 Jarras x 124 Grs.)",2026-04,3
11,PASDEFG50,"Decoración Estrella Multicolor (12 Jarras x 124 Grs.)",2026-06,1
11,PASDEFG51,"Decoracións Estrella Multicolor (Caja 10 Kg.)",2026-04,20
11,PASDEFG51,"Decoracións Estrella Multicolor (Caja 10 Kg.)",2026-05,5
11,PASDEFG52,"Decoración Estrella Tricolor (12 Jarras x 124 Grs.)",2026-04,5
11,PASDEFG52,"Decoración Estrella Tricolor (12 Jarras x 124 Grs.)",2026-05,0
11,PASDEFG52,"Decoración Estrella Tricolor (12 Jarras x 124 Grs.)",2026-06,1
11,PASDEFG53,"Decoración Estrella Tricolor (Caja 10 Kg.)",2026-04,12
11,PASDEFG53,"Decoración Estrella Tricolor (Caja 10 Kg.)",2026-06,1
11,PASDEFG54,"Decoración Mini Chocogiros (12 Jarras x 143 Grs.)",2026-04,3
11,PASDEFG54,"Decoración Mini Chocogiros (12 Jarras x 143 Grs.)",2026-06,1
11,PASDEFG55,"Decoración Mini Chocogiros (Caja 10 Kg.)",2026-04,21
11,PASDEFG55,"Decoración Mini Chocogiros (Caja 10 Kg.)",2026-05,4
11,PASDEFG55,"Decoración Mini Chocogiros (Caja 10 Kg.)",2026-06,3
11,PASDESP46,"Mix Sprinkles Oro y Plata 6 variedades   (8 Jarras x 198 Grs.)",2026-04,1
11,PASDESP46,"Mix Sprinkles Oro y Plata 6 variedades   (8 Jarras x 198 Grs.)",2026-05,1
11,PASDESP46,"Mix Sprinkles Oro y Plata 6 variedades   (8 Jarras x 198 Grs.)",2026-06,2
11,PASDESP56,"Mix Sprinkles Rosas (12 Jarras x 80 Grs.)",2026-04,28
11,PASDESP56,"Mix Sprinkles Rosas (12 Jarras x 80 Grs.)",2026-05,4
11,PASDESP56,"Mix Sprinkles Rosas (12 Jarras x 80 Grs.)",2026-06,8
11,PASDESP57,"Mix Sprinkles Rosas (Caja 10 Kg.)",2026-04,84
11,PASDESP57,"Mix Sprinkles Rosas (Caja 10 Kg.)",2026-05,14
11,PASDESP57,"Mix Sprinkles Rosas (Caja 10 Kg.)",2026-06,1
11,PASDESP58,"Mix Sprinkles Corona Oro y Rosa (12 Jarras x 84 Grs.)",2026-04,17
11,PASDESP58,"Mix Sprinkles Corona Oro y Rosa (12 Jarras x 84 Grs.)",2026-05,2
11,PASDESP58,"Mix Sprinkles Corona Oro y Rosa (12 Jarras x 84 Grs.)",2026-06,6
11,PASDESP59,"Mix Sprinkles Corona Oro y Rosa (Caja 10 Kg.)",2026-04,47
11,PASDESP59,"Mix Sprinkles Corona Oro y Rosa (Caja 10 Kg.)",2026-05,5
11,PASDESP59,"Mix Sprinkles Corona Oro y Rosa (Caja 10 Kg.)",2026-06,6
11,PASDESP60,"Mix Sprinkles Día del Niño (12 Jarras x 70 Grs.)",2026-04,5
11,PASDESP60,"Mix Sprinkles Día del Niño (12 Jarras x 70 Grs.)",2026-05,1
11,PASDESP60,"Mix Sprinkles Día del Niño (12 Jarras x 70 Grs.)",2026-06,1
11,PASDESP61,"Mix Sprinkles Día del Niño (Caja 10 Kg.)",2026-04,13
11,PASDESP61,"Mix Sprinkles Día del Niño (Caja 10 Kg.)",2026-05,4
11,PASDESP61,"Mix Sprinkles Día del Niño (Caja 10 Kg.)",2026-06,1
11,PASDESP62,"Mix Sprinkles Candy Bar (12 Jarras x 83 Grs.)",2026-04,13
11,PASDESP62,"Mix Sprinkles Candy Bar (12 Jarras x 83 Grs.)",2026-06,6
11,PASDESP63,"Mix Sprinkles Candy Bar (Caja 10 Kg.)",2026-04,31
11,PASDESP63,"Mix Sprinkles Candy Bar (Caja 10 Kg.)",2026-05,3
11,PASDESP63,"Mix Sprinkles Candy Bar (Caja 10 Kg.)",2026-06,7
11,PASDESP64,"Mix Sprinkles Corazones (12 Jarras x 50 Grs.)",2026-04,24
11,PASDESP64,"Mix Sprinkles Corazones (12 Jarras x 50 Grs.)",2026-05,5
11,PASDESP64,"Mix Sprinkles Corazones (12 Jarras x 50 Grs.)",2026-06,7
11,PASDESP65,"Mix Sprinkles Corazones (Caja 10 Kg.)",2026-04,76
11,PASDESP65,"Mix Sprinkles Corazones (Caja 10 Kg.)",2026-05,10
11,PASDESP65,"Mix Sprinkles Corazones (Caja 10 Kg.)",2026-06,7
11,PASDESP66,"Mix Sprinkles Doglovers (12 Jarras x 70 Grs.)",2026-04,9
11,PASDESP66,"Mix Sprinkles Doglovers (12 Jarras x 70 Grs.)",2026-05,2
11,PASDESP66,"Mix Sprinkles Doglovers (12 Jarras x 70 Grs.)",2026-06,3
11,PASDESP67,"Mix Sprinkles Doglovers (Caja 10 Kg.)",2026-04,14
11,PASDESP67,"Mix Sprinkles Doglovers (Caja 10 Kg.)",2026-05,3
11,PASDESP68,"Mix Sprinkles Rosa y Morado 6 Variedades (8 Jarras x 194 Grs.)",2026-04,19
11,PASDESP68,"Mix Sprinkles Rosa y Morado 6 Variedades (8 Jarras x 194 Grs.)",2026-05,3
11,PASDESP68,"Mix Sprinkles Rosa y Morado 6 Variedades (8 Jarras x 194 Grs.)",2026-06,1
11,PASDESP69,"Mix Sprinkles Arcoiris 6 Variedades (8 Jarras x 160 Grs.)",2026-04,17
11,PASDESP69,"Mix Sprinkles Arcoiris 6 Variedades (8 Jarras x 160 Grs.)",2026-05,5
11,PASDESP69,"Mix Sprinkles Arcoiris 6 Variedades (8 Jarras x 160 Grs.)",2026-06,1
11,PASDESP70,"Mix Sprinkles Arcoíris 6 Variedades ( Caja 6 x 2 Kg.)",2026-04,24
11,PASDESP70,"Mix Sprinkles Arcoíris 6 Variedades ( Caja 6 x 2 Kg.)",2026-05,3
11,PASDESP70,"Mix Sprinkles Arcoíris 6 Variedades ( Caja 6 x 2 Kg.)",2026-06,1
12,PASDEBR02,"Cristal Brillo Frio (Caja 10x1 Kg.)",2022-05,70
12,PASDEBR02,"Cristal Brillo Frio (Caja 10x1 Kg.)",2022-06,42
12,PASDEBR02,"Cristal Brillo Frio (Caja 10x1 Kg.)",2022-07,64
12,PASDEBR02,"Cristal Brillo Frio (Caja 10x1 Kg.)",2022-08,48
12,PASDEBR02,"Cristal Brillo Frio (Caja 10x1 Kg.)",2022-09,52
12,PASDEBR02,"Cristal Brillo Frio (Caja 10x1 Kg.)",2022-10,88
12,PASDEBR02,"Cristal Brillo Frio (Caja 10x1 Kg.)",2022-11,63
12,PASDEBR02,"Cristal Brillo Frio (Caja 10x1 Kg.)",2022-12,40
12,PASDEBR02,"Cristal Brillo Frio (Caja 10x1 Kg.)",2023-01,3
12,PASDEBR02,"Cristal Brillo Frio (Caja 10x1 Kg.)",2023-02,38
12,PASDEBR02,"Cristal Brillo Frio (Caja 10x1 Kg.)",2023-03,102
12,PASDEBR02,"Cristal Brillo Frio (Caja 10x1 Kg.)",2023-04,41
12,PASDEBR02,"Cristal Brillo Frio (Caja 10x1 Kg.)",2023-05,63
12,PASDEBR02,"Cristal Brillo Frio (Caja 10x1 Kg.)",2023-06,51
12,PASDEBR02,"Cristal Brillo Frio (Caja 10x1 Kg.)",2023-07,68
12,PASDEBR02,"Cristal Brillo Frio (Caja 10x1 Kg.)",2023-08,65
12,PASDEBR02,"Cristal Brillo Frio (Caja 10x1 Kg.)",2023-09,51
12,PASDEBR02,"Cristal Brillo Frio (Caja 10x1 Kg.)",2023-10,96
12,PASDEBR02,"Cristal Brillo Frio (Caja 10x1 Kg.)",2023-11,47
12,PASDEBR02,"Cristal Brillo Frio (Caja 10x1 Kg.)",2023-12,12
12,PASDEBR02,"Cristal Brillo Frio (Caja 10x1 Kg.)",2024-01,58
12,PASDEBR02,"Cristal Brillo Frio (Caja 10x1 Kg.)",2024-02,55
12,PASDEBR02,"Cristal Brillo Frio (Caja 10x1 Kg.)",2024-03,60
12,PASDEBR02,"Cristal Brillo Frio (Caja 10x1 Kg.)",2024-04,66
12,PASDEBR02,"Cristal Brillo Frio (Caja 10x1 Kg.)",2024-05,79
12,PASDEBR02,"Cristal Brillo Frio (Caja 10x1 Kg.)",2024-06,56
12,PASDEBR02,"Cristal Brillo Frio (Caja 10x1 Kg.)",2024-07,52
12,PASDEBR02,"Cristal Brillo Frio (Caja 10x1 Kg.)",2024-08,70
12,PASDEBR02,"Cristal Brillo Frio (Caja 10x1 Kg.)",2024-09,49
12,PASDEBR02,"Cristal Brillo Frio (Caja 10x1 Kg.)",2024-10,81
12,PASDEBR02,"Cristal Brillo Frio (Caja 10x1 Kg.)",2024-11,58
12,PASDEBR02,"Cristal Brillo Frio (Caja 10x1 Kg.)",2024-12,23
12,PASDEBR02,"Cristal Brillo Frio (Caja 10x1 Kg.)",2025-01,39
12,PASDEBR02,"Cristal Brillo Frio (Caja 10x1 Kg.)",2025-02,49
12,PASDEBR02,"Cristal Brillo Frio (Caja 10x1 Kg.)",2025-03,40
12,PASDEBR02,"Cristal Brillo Frio (Caja 10x1 Kg.)",2025-04,45
12,PASDEBR02,"Cristal Brillo Frio (Caja 10x1 Kg.)",2025-05,50
12,PASDEBR02,"Cristal Brillo Frio (Caja 10x1 Kg.)",2025-06,20
12,PASDEBR02,"Cristal Brillo Frio (Caja 10x1 Kg.)",2025-07,44
12,PASDEBR02,"Cristal Brillo Frio (Caja 10x1 Kg.)",2025-08,48
12,PASDEBR02,"Cristal Brillo Frio (Caja 10x1 Kg.)",2025-09,33
12,PASDEBR02,"Cristal Brillo Frio (Caja 10x1 Kg.)",2025-10,36
12,PASDEBR02,"Cristal Brillo Frio (Caja 10x1 Kg.)",2025-11,29
12,PASDEBR02,"Cristal Brillo Frio (Caja 10x1 Kg.)",2025-12,35
12,PASDEBR02,"Cristal Brillo Frio (Caja 10x1 Kg.)",2026-01,35
12,PASDEBR02,"Cristal Brillo Frio (Caja 10x1 Kg.)",2026-02,62
12,PASDEBR02,"Cristal Brillo Frio (Caja 10x1 Kg.)",2026-03,39
12,PASDEBR02,"Cristal Brillo Frio (Caja 10x1 Kg.)",2026-04,52
12,PASDEBR02,"Cristal Brillo Frio (Caja 10x1 Kg.)",2026-05,53
12,PASDEBR02,"Cristal Brillo Frio (Caja 10x1 Kg.)",2026-06,30
12,PASDEBR03,"Cristal Brillo Frio (Pack 2x5 Kg.)",2022-05,27
12,PASDEBR03,"Cristal Brillo Frio (Pack 2x5 Kg.)",2022-06,59
12,PASDEBR03,"Cristal Brillo Frio (Pack 2x5 Kg.)",2022-07,45
12,PASDEBR03,"Cristal Brillo Frio (Pack 2x5 Kg.)",2022-08,51
12,PASDEBR03,"Cristal Brillo Frio (Pack 2x5 Kg.)",2022-09,53
12,PASDEBR03,"Cristal Brillo Frio (Pack 2x5 Kg.)",2022-10,54
12,PASDEBR03,"Cristal Brillo Frio (Pack 2x5 Kg.)",2022-11,58
12,PASDEBR03,"Cristal Brillo Frio (Pack 2x5 Kg.)",2022-12,44
12,PASDEBR03,"Cristal Brillo Frio (Pack 2x5 Kg.)",2023-01,41
12,PASDEBR03,"Cristal Brillo Frio (Pack 2x5 Kg.)",2023-02,40
12,PASDEBR03,"Cristal Brillo Frio (Pack 2x5 Kg.)",2023-03,50
12,PASDEBR03,"Cristal Brillo Frio (Pack 2x5 Kg.)",2023-04,43
12,PASDEBR03,"Cristal Brillo Frio (Pack 2x5 Kg.)",2023-05,53
12,PASDEBR03,"Cristal Brillo Frio (Pack 2x5 Kg.)",2023-06,57
12,PASDEBR03,"Cristal Brillo Frio (Pack 2x5 Kg.)",2023-07,60
12,PASDEBR03,"Cristal Brillo Frio (Pack 2x5 Kg.)",2023-08,41
12,PASDEBR03,"Cristal Brillo Frio (Pack 2x5 Kg.)",2023-09,92
12,PASDEBR03,"Cristal Brillo Frio (Pack 2x5 Kg.)",2023-10,58
12,PASDEBR03,"Cristal Brillo Frio (Pack 2x5 Kg.)",2023-11,65
12,PASDEBR03,"Cristal Brillo Frio (Pack 2x5 Kg.)",2023-12,57
12,PASDEBR03,"Cristal Brillo Frio (Pack 2x5 Kg.)",2024-01,46
12,PASDEBR03,"Cristal Brillo Frio (Pack 2x5 Kg.)",2024-02,64
12,PASDEBR03,"Cristal Brillo Frio (Pack 2x5 Kg.)",2024-03,74
12,PASDEBR03,"Cristal Brillo Frio (Pack 2x5 Kg.)",2024-04,46
12,PASDEBR03,"Cristal Brillo Frio (Pack 2x5 Kg.)",2024-05,96
12,PASDEBR03,"Cristal Brillo Frio (Pack 2x5 Kg.)",2024-06,57
12,PASDEBR03,"Cristal Brillo Frio (Pack 2x5 Kg.)",2024-07,69
12,PASDEBR03,"Cristal Brillo Frio (Pack 2x5 Kg.)",2024-08,76
12,PASDEBR03,"Cristal Brillo Frio (Pack 2x5 Kg.)",2024-09,46
12,PASDEBR03,"Cristal Brillo Frio (Pack 2x5 Kg.)",2024-10,64
12,PASDEBR03,"Cristal Brillo Frio (Pack 2x5 Kg.)",2024-11,39
12,PASDEBR03,"Cristal Brillo Frio (Pack 2x5 Kg.)",2024-12,70
12,PASDEBR03,"Cristal Brillo Frio (Pack 2x5 Kg.)",2025-01,47
12,PASDEBR03,"Cristal Brillo Frio (Pack 2x5 Kg.)",2025-02,90
12,PASDEBR03,"Cristal Brillo Frio (Pack 2x5 Kg.)",2025-03,44
12,PASDEBR03,"Cristal Brillo Frio (Pack 2x5 Kg.)",2025-04,52
12,PASDEBR03,"Cristal Brillo Frio (Pack 2x5 Kg.)",2025-05,53
12,PASDEBR03,"Cristal Brillo Frio (Pack 2x5 Kg.)",2025-06,42
12,PASDEBR03,"Cristal Brillo Frio (Pack 2x5 Kg.)",2025-07,61
12,PASDEBR03,"Cristal Brillo Frio (Pack 2x5 Kg.)",2025-08,65
12,PASDEBR03,"Cristal Brillo Frio (Pack 2x5 Kg.)",2025-09,45
12,PASDEBR03,"Cristal Brillo Frio (Pack 2x5 Kg.)",2025-10,84
12,PASDEBR03,"Cristal Brillo Frio (Pack 2x5 Kg.)",2025-11,80
12,PASDEBR03,"Cristal Brillo Frio (Pack 2x5 Kg.)",2025-12,42
12,PASDEBR03,"Cristal Brillo Frio (Pack 2x5 Kg.)",2026-01,27
12,PASDEBR03,"Cristal Brillo Frio (Pack 2x5 Kg.)",2026-02,20
12,PASDEBR03,"Cristal Brillo Frio (Pack 2x5 Kg.)",2026-03,106
12,PASDEBR03,"Cristal Brillo Frio (Pack 2x5 Kg.)",2026-04,77
12,PASDEBR03,"Cristal Brillo Frio (Pack 2x5 Kg.)",2026-05,37
12,PASDEBR03,"Cristal Brillo Frio (Pack 2x5 Kg.)",2026-06,55
12,PASDEGL06,"Triple Glaseado Chocolate (Balde 22,68 Kg.)",2022-05,39
12,PASDEGL06,"Triple Glaseado Chocolate (Balde 22,68 Kg.)",2022-07,66
12,PASDEGL06,"Triple Glaseado Chocolate (Balde 22,68 Kg.)",2022-08,4
12,PASDEGL06,"Triple Glaseado Chocolate (Balde 22,68 Kg.)",2022-09,40
12,PASDEGL06,"Triple Glaseado Chocolate (Balde 22,68 Kg.)",2022-10,1
12,PASDEGL06,"Triple Glaseado Chocolate (Balde 22,68 Kg.)",2022-12,66
12,PASDEGL06,"Triple Glaseado Chocolate (Balde 22,68 Kg.)",2023-01,1
12,PASDEGL06,"Triple Glaseado Chocolate (Balde 22,68 Kg.)",2023-02,1
12,PASDEGL06,"Triple Glaseado Chocolate (Balde 22,68 Kg.)",2023-03,1
12,PASDEGL06,"Triple Glaseado Chocolate (Balde 22,68 Kg.)",2023-04,1
12,PASDEGL06,"Triple Glaseado Chocolate (Balde 22,68 Kg.)",2023-05,2
12,PASDEGL06,"Triple Glaseado Chocolate (Balde 22,68 Kg.)",2023-06,69
12,PASDEGL06,"Triple Glaseado Chocolate (Balde 22,68 Kg.)",2023-08,1
12,PASDEGL14,"Crema Chocolate Semi-Amargo (Balde 4 Kg.)",2022-05,4
12,PASDEGL14,"Crema Chocolate Semi-Amargo (Balde 4 Kg.)",2022-06,11
12,PASDEGL14,"Crema Chocolate Semi-Amargo (Balde 4 Kg.)",2022-07,4
12,PASDEGL14,"Crema Chocolate Semi-Amargo (Balde 4 Kg.)",2022-08,6
12,PASDEGL14,"Crema Chocolate Semi-Amargo (Balde 4 Kg.)",2022-09,7
12,PASDEGL14,"Crema Chocolate Semi-Amargo (Balde 4 Kg.)",2022-10,5
12,PASDEGL14,"Crema Chocolate Semi-Amargo (Balde 4 Kg.)",2022-11,2
12,PASRECH01,"Chocolate Donuts Icing  (Balde 18,14 Kg.)",2022-05,1
12,PASRECH01,"Chocolate Donuts Icing  (Balde 18,14 Kg.)",2022-08,4
12,PASRECH01,"Chocolate Donuts Icing  (Balde 18,14 Kg.)",2022-09,5
12,PASRECH01,"Chocolate Donuts Icing  (Balde 18,14 Kg.)",2022-10,5
12,PASRECH01,"Chocolate Donuts Icing  (Balde 18,14 Kg.)",2022-11,4
12,PASRECH01,"Chocolate Donuts Icing  (Balde 18,14 Kg.)",2022-12,3
12,PASRECH01,"Chocolate Donuts Icing  (Balde 18,14 Kg.)",2023-01,3
12,PASRECH01,"Chocolate Donuts Icing  (Balde 18,14 Kg.)",2023-03,3
12,PASRECH01,"Chocolate Donuts Icing  (Balde 18,14 Kg.)",2023-04,1
12,PASRECH01,"Chocolate Donuts Icing  (Balde 18,14 Kg.)",2023-05,4
12,PASRECH01,"Chocolate Donuts Icing  (Balde 18,14 Kg.)",2023-06,3
12,PASRECH01,"Chocolate Donuts Icing  (Balde 18,14 Kg.)",2023-07,3
12,PASRECH01,"Chocolate Donuts Icing  (Balde 18,14 Kg.)",2023-08,2
12,PASRECH01,"Chocolate Donuts Icing  (Balde 18,14 Kg.)",2023-10,3
12,PASRECH01,"Chocolate Donuts Icing  (Balde 18,14 Kg.)",2023-12,3
12,PASRECH01,"Chocolate Donuts Icing  (Balde 18,14 Kg.)",2024-02,2
12,PASRECH01,"Chocolate Donuts Icing  (Balde 18,14 Kg.)",2024-03,4
12,PASRECH01,"Chocolate Donuts Icing  (Balde 18,14 Kg.)",2024-05,2
12,PASRECH01,"Chocolate Donuts Icing  (Balde 18,14 Kg.)",2024-06,2
12,PASRECH01,"Chocolate Donuts Icing  (Balde 18,14 Kg.)",2024-07,6
12,PASRECH01,"Chocolate Donuts Icing  (Balde 18,14 Kg.)",2024-08,1
12,PASRECH01,"Chocolate Donuts Icing  (Balde 18,14 Kg.)",2024-09,6
12,PASRECH01,"Chocolate Donuts Icing  (Balde 18,14 Kg.)",2024-10,4
12,PASRECH01,"Chocolate Donuts Icing  (Balde 18,14 Kg.)",2024-11,3
12,PASRECH01,"Chocolate Donuts Icing  (Balde 18,14 Kg.)",2024-12,4
12,PASRECH01,"Chocolate Donuts Icing  (Balde 18,14 Kg.)",2025-01,2
12,PASRECH01,"Chocolate Donuts Icing  (Balde 18,14 Kg.)",2025-02,4
12,PASRECH01,"Chocolate Donuts Icing  (Balde 18,14 Kg.)",2025-03,4
12,PASRECH01,"Chocolate Donuts Icing  (Balde 18,14 Kg.)",2025-04,5
12,PASRECH01,"Chocolate Donuts Icing  (Balde 18,14 Kg.)",2025-05,4
12,PASRECH01,"Chocolate Donuts Icing  (Balde 18,14 Kg.)",2025-06,5
12,PASRECH01,"Chocolate Donuts Icing  (Balde 18,14 Kg.)",2025-07,3
12,PASRECH01,"Chocolate Donuts Icing  (Balde 18,14 Kg.)",2025-08,1
12,PASRECH01,"Chocolate Donuts Icing  (Balde 18,14 Kg.)",2025-09,3
12,PASRECH01,"Chocolate Donuts Icing  (Balde 18,14 Kg.)",2025-10,2
12,PASRECH01,"Chocolate Donuts Icing  (Balde 18,14 Kg.)",2026-06,1
12,PASDEBR01,"Brillolist Caliente (Caja 25x500 Gr.)",2022-06,20
12,PASDEBR01,"Brillolist Caliente (Caja 25x500 Gr.)",2022-07,20
12,PASDEBR01,"Brillolist Caliente (Caja 25x500 Gr.)",2022-08,16
12,PASDEBR01,"Brillolist Caliente (Caja 25x500 Gr.)",2022-09,26
12,PASDEBR01,"Brillolist Caliente (Caja 25x500 Gr.)",2022-10,12
12,PASDEBR01,"Brillolist Caliente (Caja 25x500 Gr.)",2022-11,2
12,PASDEBR01,"Brillolist Caliente (Caja 25x500 Gr.)",2022-12,14
12,PASDEBR01,"Brillolist Caliente (Caja 25x500 Gr.)",2023-01,6
12,PASDEBR01,"Brillolist Caliente (Caja 25x500 Gr.)",2023-02,15
12,PASDEBR01,"Brillolist Caliente (Caja 25x500 Gr.)",2023-03,18
12,PASDEBR01,"Brillolist Caliente (Caja 25x500 Gr.)",2023-04,12
12,PASDEBR01,"Brillolist Caliente (Caja 25x500 Gr.)",2023-05,5
12,PASDEBR01,"Brillolist Caliente (Caja 25x500 Gr.)",2023-06,18
12,PASDEBR01,"Brillolist Caliente (Caja 25x500 Gr.)",2023-07,8
12,PASDEBR01,"Brillolist Caliente (Caja 25x500 Gr.)",2023-08,4
12,PASDEBR01,"Brillolist Caliente (Caja 25x500 Gr.)",2023-09,15
12,PASDEBR01,"Brillolist Caliente (Caja 25x500 Gr.)",2023-10,3
12,PASDEBR01,"Brillolist Caliente (Caja 25x500 Gr.)",2023-11,5
12,PASDEBR01,"Brillolist Caliente (Caja 25x500 Gr.)",2023-12,5
12,PASDEBR01,"Brillolist Caliente (Caja 25x500 Gr.)",2024-01,2
12,PASDEBR01,"Brillolist Caliente (Caja 25x500 Gr.)",2024-02,12
12,PASDEBR01,"Brillolist Caliente (Caja 25x500 Gr.)",2024-03,25
12,PASDEBR01,"Brillolist Caliente (Caja 25x500 Gr.)",2024-04,36
12,PASDEBR01,"Brillolist Caliente (Caja 25x500 Gr.)",2024-05,34
12,PASDEBR01,"Brillolist Caliente (Caja 25x500 Gr.)",2024-06,35
12,PASDEBR01,"Brillolist Caliente (Caja 25x500 Gr.)",2024-07,45
12,PASDEBR01,"Brillolist Caliente (Caja 25x500 Gr.)",2024-08,25
12,PASDEBR01,"Brillolist Caliente (Caja 25x500 Gr.)",2024-09,27
12,PASDEBR01,"Brillolist Caliente (Caja 25x500 Gr.)",2024-10,17
12,PASDEBR01,"Brillolist Caliente (Caja 25x500 Gr.)",2024-12,1
12,PASDEBR01,"Brillolist Caliente (Caja 25x500 Gr.)",2025-01,6
12,PASDEBR01,"Brillolist Caliente (Caja 25x500 Gr.)",2025-02,6
12,PASDEBR01,"Brillolist Caliente (Caja 25x500 Gr.)",2025-03,6
12,PASDEBR01,"Brillolist Caliente (Caja 25x500 Gr.)",2025-04,7
12,PASDEBR01,"Brillolist Caliente (Caja 25x500 Gr.)",2025-05,3
12,PASDEBR01,"Brillolist Caliente (Caja 25x500 Gr.)",2025-06,4
12,PASDEBR01,"Brillolist Caliente (Caja 25x500 Gr.)",2025-07,6
12,PASDEBR01,"Brillolist Caliente (Caja 25x500 Gr.)",2025-08,4
12,PASDEBR01,"Brillolist Caliente (Caja 25x500 Gr.)",2025-09,1
12,PASDEBR01,"Brillolist Caliente (Caja 25x500 Gr.)",2025-10,4
12,PASDEBR01,"Brillolist Caliente (Caja 25x500 Gr.)",2025-11,2
12,PASDEBR01,"Brillolist Caliente (Caja 25x500 Gr.)",2025-12,2
12,PASDEBR01,"Brillolist Caliente (Caja 25x500 Gr.)",2026-01,2
12,PASDEBR01,"Brillolist Caliente (Caja 25x500 Gr.)",2026-02,1
12,PASDEBR01,"Brillolist Caliente (Caja 25x500 Gr.)",2026-03,1
12,PASDEBR01,"Brillolist Caliente (Caja 25x500 Gr.)",2026-04,4
12,PASDEBR01,"Brillolist Caliente (Caja 25x500 Gr.)",2026-05,1
12,PASDEBR01,"Brillolist Caliente (Caja 25x500 Gr.)",2026-06,1
12,PASDEGL01,"Glaze Real (Caja 10 Bolsas x 1 Kg.)",2022-06,88
12,PASDEGL01,"Glaze Real (Caja 10 Bolsas x 1 Kg.)",2022-07,51
12,PASDEGL01,"Glaze Real (Caja 10 Bolsas x 1 Kg.)",2022-08,39
12,PASDEGL01,"Glaze Real (Caja 10 Bolsas x 1 Kg.)",2022-09,33
12,PASDEGL01,"Glaze Real (Caja 10 Bolsas x 1 Kg.)",2022-10,78
12,PASDEGL01,"Glaze Real (Caja 10 Bolsas x 1 Kg.)",2022-11,94
12,PASDEGL01,"Glaze Real (Caja 10 Bolsas x 1 Kg.)",2022-12,144
12,PASDEGL01,"Glaze Real (Caja 10 Bolsas x 1 Kg.)",2023-01,44
12,PASDEGL01,"Glaze Real (Caja 10 Bolsas x 1 Kg.)",2023-02,28
12,PASDEGL01,"Glaze Real (Caja 10 Bolsas x 1 Kg.)",2023-04,21
12,PASDEGL01,"Glaze Real (Caja 10 Bolsas x 1 Kg.)",2023-05,88
12,PASDEGL01,"Glaze Real (Caja 10 Bolsas x 1 Kg.)",2023-06,51
12,PASDEGL01,"Glaze Real (Caja 10 Bolsas x 1 Kg.)",2023-07,58
12,PASDEGL01,"Glaze Real (Caja 10 Bolsas x 1 Kg.)",2023-08,37
12,PASDEGL01,"Glaze Real (Caja 10 Bolsas x 1 Kg.)",2023-09,40
12,PASDEGL01,"Glaze Real (Caja 10 Bolsas x 1 Kg.)",2023-10,43
12,PASDEGL01,"Glaze Real (Caja 10 Bolsas x 1 Kg.)",2023-11,121
12,PASDEGL01,"Glaze Real (Caja 10 Bolsas x 1 Kg.)",2023-12,100
12,PASDEGL01,"Glaze Real (Caja 10 Bolsas x 1 Kg.)",2024-02,64
12,PASDEGL01,"Glaze Real (Caja 10 Bolsas x 1 Kg.)",2024-03,51
12,PASDEGL01,"Glaze Real (Caja 10 Bolsas x 1 Kg.)",2024-04,76
12,PASDEGL01,"Glaze Real (Caja 10 Bolsas x 1 Kg.)",2024-05,44
12,PASDEGL01,"Glaze Real (Caja 10 Bolsas x 1 Kg.)",2024-06,35
12,PASDEGL01,"Glaze Real (Caja 10 Bolsas x 1 Kg.)",2024-07,22
12,PASDEGL01,"Glaze Real (Caja 10 Bolsas x 1 Kg.)",2024-08,46
12,PASDEGL01,"Glaze Real (Caja 10 Bolsas x 1 Kg.)",2024-09,22
12,PASDEGL01,"Glaze Real (Caja 10 Bolsas x 1 Kg.)",2024-10,73
12,PASDEGL01,"Glaze Real (Caja 10 Bolsas x 1 Kg.)",2024-11,107
12,PASDEGL01,"Glaze Real (Caja 10 Bolsas x 1 Kg.)",2024-12,59
12,PASDEGL01,"Glaze Real (Caja 10 Bolsas x 1 Kg.)",2025-01,87
12,PASDEGL01,"Glaze Real (Caja 10 Bolsas x 1 Kg.)",2025-02,45
12,PASDEGL01,"Glaze Real (Caja 10 Bolsas x 1 Kg.)",2025-03,29
12,PASDEGL01,"Glaze Real (Caja 10 Bolsas x 1 Kg.)",2025-04,62
12,PASDEGL01,"Glaze Real (Caja 10 Bolsas x 1 Kg.)",2025-05,78
12,PASDEGL01,"Glaze Real (Caja 10 Bolsas x 1 Kg.)",2025-06,27
12,PASDEGL01,"Glaze Real (Caja 10 Bolsas x 1 Kg.)",2025-07,28
12,PASDEGL01,"Glaze Real (Caja 10 Bolsas x 1 Kg.)",2025-08,19
12,PASDEGL01,"Glaze Real (Caja 10 Bolsas x 1 Kg.)",2025-09,28
12,PASDEGL01,"Glaze Real (Caja 10 Bolsas x 1 Kg.)",2025-10,65
12,PASDEGL01,"Glaze Real (Caja 10 Bolsas x 1 Kg.)",2025-11,133
12,PASDEGL01,"Glaze Real (Caja 10 Bolsas x 1 Kg.)",2025-12,98
12,PASDEGL01,"Glaze Real (Caja 10 Bolsas x 1 Kg.)",2026-01,60
12,PASDEGL01,"Glaze Real (Caja 10 Bolsas x 1 Kg.)",2026-02,40
12,PASDEGL01,"Glaze Real (Caja 10 Bolsas x 1 Kg.)",2026-03,37
12,PASDEGL01,"Glaze Real (Caja 10 Bolsas x 1 Kg.)",2026-04,57
12,PASDEGL01,"Glaze Real (Caja 10 Bolsas x 1 Kg.)",2026-05,30
12,PASDEGL01,"Glaze Real (Caja 10 Bolsas x 1 Kg.)",2026-06,46
12,PASDEGL05,"Glaseado Donuts Transparente (Balde 18,14 Kg.)",2022-06,2
12,PASDEGL05,"Glaseado Donuts Transparente (Balde 18,14 Kg.)",2022-08,4
12,PASDEGL05,"Glaseado Donuts Transparente (Balde 18,14 Kg.)",2022-10,2
12,PASDEGL05,"Glaseado Donuts Transparente (Balde 18,14 Kg.)",2022-12,0
12,PASDEGL05,"Glaseado Donuts Transparente (Balde 18,14 Kg.)",2023-01,2
12,PASDEGL13,"Crema Chocolate Blanco (Balde 4 Kg.)",2022-07,1
12,PASDEGL13,"Crema Chocolate Blanco (Balde 4 Kg.)",2022-09,1
12,PASDEGL13,"Crema Chocolate Blanco (Balde 4 Kg.)",2023-02,1
12,PASDEGL04,"Glaseado Donuts Blanco (Balde 9,98 Kg.)",2022-08,32
12,PASDEGL04,"Glaseado Donuts Blanco (Balde 9,98 Kg.)",2022-09,10
12,PASDEGL04,"Glaseado Donuts Blanco (Balde 9,98 Kg.)",2022-10,42
12,PASDEGL04,"Glaseado Donuts Blanco (Balde 9,98 Kg.)",2022-11,27
12,PASDEGL04,"Glaseado Donuts Blanco (Balde 9,98 Kg.)",2022-12,30
12,PASDEGL04,"Glaseado Donuts Blanco (Balde 9,98 Kg.)",2023-01,24
12,PASDEGL04,"Glaseado Donuts Blanco (Balde 9,98 Kg.)",2023-02,1
12,PASDEGL04,"Glaseado Donuts Blanco (Balde 9,98 Kg.)",2023-03,28
12,PASDEGL04,"Glaseado Donuts Blanco (Balde 9,98 Kg.)",2023-04,15
12,PASDEGL04,"Glaseado Donuts Blanco (Balde 9,98 Kg.)",2023-05,34
12,PASDEGL04,"Glaseado Donuts Blanco (Balde 9,98 Kg.)",2023-06,24
12,PASDEGL04,"Glaseado Donuts Blanco (Balde 9,98 Kg.)",2023-07,24
12,PASDEGL04,"Glaseado Donuts Blanco (Balde 9,98 Kg.)",2023-08,12
12,PASDEGL04,"Glaseado Donuts Blanco (Balde 9,98 Kg.)",2023-09,18
12,PASDEGL04,"Glaseado Donuts Blanco (Balde 9,98 Kg.)",2023-10,14
12,PASDEGL04,"Glaseado Donuts Blanco (Balde 9,98 Kg.)",2023-11,25
12,PASDEGL04,"Glaseado Donuts Blanco (Balde 9,98 Kg.)",2023-12,11
12,PASDEGL04,"Glaseado Donuts Blanco (Balde 9,98 Kg.)",2024-01,4
12,PASDEGL04,"Glaseado Donuts Blanco (Balde 9,98 Kg.)",2024-02,5
12,PASDEGL04,"Glaseado Donuts Blanco (Balde 9,98 Kg.)",2024-03,31
12,PASDEGL04,"Glaseado Donuts Blanco (Balde 9,98 Kg.)",2024-04,2
12,PASDEGL04,"Glaseado Donuts Blanco (Balde 9,98 Kg.)",2024-05,25
12,PASDEGL04,"Glaseado Donuts Blanco (Balde 9,98 Kg.)",2024-06,22
12,PASDEGL04,"Glaseado Donuts Blanco (Balde 9,98 Kg.)",2024-07,25
12,PASDEGL04,"Glaseado Donuts Blanco (Balde 9,98 Kg.)",2024-08,2
12,PASDEGL04,"Glaseado Donuts Blanco (Balde 9,98 Kg.)",2024-09,6
12,PASDEGL04,"Glaseado Donuts Blanco (Balde 9,98 Kg.)",2025-01,2
12,PASDEGL04,"Glaseado Donuts Blanco (Balde 9,98 Kg.)",2025-05,54
12,PASDEGL04,"Glaseado Donuts Blanco (Balde 9,98 Kg.)",2025-06,5
12,PASDEGL04,"Glaseado Donuts Blanco (Balde 9,98 Kg.)",2025-07,1
12,PASDEGL04,"Glaseado Donuts Blanco (Balde 9,98 Kg.)",2025-08,6
12,PASDEGL04,"Glaseado Donuts Blanco (Balde 9,98 Kg.)",2025-09,3
12,PASDEGL04,"Glaseado Donuts Blanco (Balde 9,98 Kg.)",2025-10,9
12,PASDEGL04,"Glaseado Donuts Blanco (Balde 9,98 Kg.)",2025-11,4
12,PASDEGL04,"Glaseado Donuts Blanco (Balde 9,98 Kg.)",2025-12,14
12,PASDEGL04,"Glaseado Donuts Blanco (Balde 9,98 Kg.)",2026-01,1
12,PASDEGL04,"Glaseado Donuts Blanco (Balde 9,98 Kg.)",2026-04,2
12,PASDEGL04,"Glaseado Donuts Blanco (Balde 9,98 Kg.)",2026-05,1
12,PASDEGL04,"Glaseado Donuts Blanco (Balde 9,98 Kg.)",2026-06,53
12,PASDEGL15,"Crema Chocolate con Leche (Balde 2,3 Kg.)",2022-11,5
12,PASDEGL15,"Crema Chocolate con Leche (Balde 2,3 Kg.)",2022-12,1
12,PASDEGL15,"Crema Chocolate con Leche (Balde 2,3 Kg.)",2023-01,5
12,PASDEGL15,"Crema Chocolate con Leche (Balde 2,3 Kg.)",2023-03,7
12,PASDEGL15,"Crema Chocolate con Leche (Balde 2,3 Kg.)",2023-04,2
12,PASDEGL15,"Crema Chocolate con Leche (Balde 2,3 Kg.)",2023-07,0
12,PASDEGL16,"Glaseado Instantáneo en Polvo (Saco 22,68 Kg.)",2024-10,3
12,PASDEGL16,"Glaseado Instantáneo en Polvo (Saco 22,68 Kg.)",2024-11,2
12,PASDEGL16,"Glaseado Instantáneo en Polvo (Saco 22,68 Kg.)",2024-12,4
12,PASDEBR04,"Brillolist (Bidón (7 Kg.)",2025-02,1
12,PASDEBR04,"Brillolist (Bidón (7 Kg.)",2025-03,3
12,PASDEBR04,"Brillolist (Bidón (7 Kg.)",2025-05,4
12,PASDEBR04,"Brillolist (Bidón (7 Kg.)",2025-06,1
12,PASDEBR04,"Brillolist (Bidón (7 Kg.)",2025-07,2
12,PASDEBR04,"Brillolist (Bidón (7 Kg.)",2025-10,5
13,PASDEGR23,"Relleno Horneable de Maracuya (Caja 8x1,05 Kg.)",2022-05,1
13,PASDEGR23,"Relleno Horneable de Maracuya (Caja 8x1,05 Kg.)",2022-07,1
13,PASDEGR23,"Relleno Horneable de Maracuya (Caja 8x1,05 Kg.)",2022-08,9
13,PASDEGR23,"Relleno Horneable de Maracuya (Caja 8x1,05 Kg.)",2022-09,34
13,PASDEGR23,"Relleno Horneable de Maracuya (Caja 8x1,05 Kg.)",2022-10,36
13,PASDEGR23,"Relleno Horneable de Maracuya (Caja 8x1,05 Kg.)",2022-11,20
13,PASDEGR23,"Relleno Horneable de Maracuya (Caja 8x1,05 Kg.)",2022-12,3
13,PASDEGR23,"Relleno Horneable de Maracuya (Caja 8x1,05 Kg.)",2023-02,38
13,PASDEGR23,"Relleno Horneable de Maracuya (Caja 8x1,05 Kg.)",2023-03,34
13,PASDEGR23,"Relleno Horneable de Maracuya (Caja 8x1,05 Kg.)",2023-04,17
13,PASDEGR23,"Relleno Horneable de Maracuya (Caja 8x1,05 Kg.)",2023-05,6
13,PASDEGR23,"Relleno Horneable de Maracuya (Caja 8x1,05 Kg.)",2023-06,4
13,PASDEGR23,"Relleno Horneable de Maracuya (Caja 8x1,05 Kg.)",2023-07,30
13,PASDEGR23,"Relleno Horneable de Maracuya (Caja 8x1,05 Kg.)",2023-08,25
13,PASDEGR23,"Relleno Horneable de Maracuya (Caja 8x1,05 Kg.)",2023-09,3
13,PASDEGR23,"Relleno Horneable de Maracuya (Caja 8x1,05 Kg.)",2023-10,29
13,PASDEGR23,"Relleno Horneable de Maracuya (Caja 8x1,05 Kg.)",2023-11,19
13,PASDEGR23,"Relleno Horneable de Maracuya (Caja 8x1,05 Kg.)",2023-12,14
13,PASDEGR23,"Relleno Horneable de Maracuya (Caja 8x1,05 Kg.)",2024-01,20
13,PASDEGR23,"Relleno Horneable de Maracuya (Caja 8x1,05 Kg.)",2024-02,22
13,PASDEGR23,"Relleno Horneable de Maracuya (Caja 8x1,05 Kg.)",2024-03,13
13,PASDEGR23,"Relleno Horneable de Maracuya (Caja 8x1,05 Kg.)",2024-04,11
13,PASDEGR23,"Relleno Horneable de Maracuya (Caja 8x1,05 Kg.)",2024-05,22
13,PASDEGR23,"Relleno Horneable de Maracuya (Caja 8x1,05 Kg.)",2024-06,14
13,PASDEGR23,"Relleno Horneable de Maracuya (Caja 8x1,05 Kg.)",2024-07,36
13,PASDEGR23,"Relleno Horneable de Maracuya (Caja 8x1,05 Kg.)",2024-08,21
13,PASDEGR23,"Relleno Horneable de Maracuya (Caja 8x1,05 Kg.)",2024-10,59
13,PASDEGR23,"Relleno Horneable de Maracuya (Caja 8x1,05 Kg.)",2024-11,0.75
13,PASDEGR23,"Relleno Horneable de Maracuya (Caja 8x1,05 Kg.)",2025-01,28
13,PASDEGR23,"Relleno Horneable de Maracuya (Caja 8x1,05 Kg.)",2025-02,21
13,PASDEGR23,"Relleno Horneable de Maracuya (Caja 8x1,05 Kg.)",2025-03,14
13,PASDEGR23,"Relleno Horneable de Maracuya (Caja 8x1,05 Kg.)",2025-04,16
13,PASDEGR23,"Relleno Horneable de Maracuya (Caja 8x1,05 Kg.)",2025-05,23
13,PASDEGR23,"Relleno Horneable de Maracuya (Caja 8x1,05 Kg.)",2025-06,16
13,PASDEGR23,"Relleno Horneable de Maracuya (Caja 8x1,05 Kg.)",2025-07,17
13,PASDEGR23,"Relleno Horneable de Maracuya (Caja 8x1,05 Kg.)",2025-08,5
13,PASDEGR23,"Relleno Horneable de Maracuya (Caja 8x1,05 Kg.)",2025-09,25
13,PASDEGR23,"Relleno Horneable de Maracuya (Caja 8x1,05 Kg.)",2025-10,25
13,PASDEGR23,"Relleno Horneable de Maracuya (Caja 8x1,05 Kg.)",2025-11,16
13,PASDEGR23,"Relleno Horneable de Maracuya (Caja 8x1,05 Kg.)",2025-12,20
13,PASDEGR23,"Relleno Horneable de Maracuya (Caja 8x1,05 Kg.)",2026-01,17
13,PASDEGR23,"Relleno Horneable de Maracuya (Caja 8x1,05 Kg.)",2026-02,25
13,PASDEGR23,"Relleno Horneable de Maracuya (Caja 8x1,05 Kg.)",2026-03,29
13,PASDEGR23,"Relleno Horneable de Maracuya (Caja 8x1,05 Kg.)",2026-04,15
13,PASDEGR23,"Relleno Horneable de Maracuya (Caja 8x1,05 Kg.)",2026-05,15
13,PASDEGR23,"Relleno Horneable de Maracuya (Caja 8x1,05 Kg.)",2026-06,22
13,PASDEGR26,"Relleno Sabor Chocolate de Leche con Avellana (Caja 6x1,01 Kg.)",2022-05,1
13,PASDEGR26,"Relleno Sabor Chocolate de Leche con Avellana (Caja 6x1,01 Kg.)",2022-06,3
13,PASDEGR26,"Relleno Sabor Chocolate de Leche con Avellana (Caja 6x1,01 Kg.)",2022-08,1
13,PASDEGR26,"Relleno Sabor Chocolate de Leche con Avellana (Caja 6x1,01 Kg.)",2022-09,2
13,PASDEGR26,"Relleno Sabor Chocolate de Leche con Avellana (Caja 6x1,01 Kg.)",2022-10,5
13,PASDEGR26,"Relleno Sabor Chocolate de Leche con Avellana (Caja 6x1,01 Kg.)",2022-11,1
13,PASDEGR26,"Relleno Sabor Chocolate de Leche con Avellana (Caja 6x1,01 Kg.)",2022-12,1
13,PASDEGR26,"Relleno Sabor Chocolate de Leche con Avellana (Caja 6x1,01 Kg.)",2023-04,4
13,PASDEGR26,"Relleno Sabor Chocolate de Leche con Avellana (Caja 6x1,01 Kg.)",2023-05,7
13,PASDEGR26,"Relleno Sabor Chocolate de Leche con Avellana (Caja 6x1,01 Kg.)",2023-06,5
13,PASDEGR26,"Relleno Sabor Chocolate de Leche con Avellana (Caja 6x1,01 Kg.)",2023-07,5
13,PASDEGR26,"Relleno Sabor Chocolate de Leche con Avellana (Caja 6x1,01 Kg.)",2023-08,31
13,PASDEGR26,"Relleno Sabor Chocolate de Leche con Avellana (Caja 6x1,01 Kg.)",2023-09,15
13,PASDEGR26,"Relleno Sabor Chocolate de Leche con Avellana (Caja 6x1,01 Kg.)",2023-10,12
13,PASDEGR26,"Relleno Sabor Chocolate de Leche con Avellana (Caja 6x1,01 Kg.)",2023-11,31
13,PASRECB02,"Relleno Crema Bavarian (Balde 15,88 Kg.)",2022-05,29
13,PASRECB02,"Relleno Crema Bavarian (Balde 15,88 Kg.)",2022-06,44
13,PASRECB02,"Relleno Crema Bavarian (Balde 15,88 Kg.)",2022-07,14
13,PASRECB02,"Relleno Crema Bavarian (Balde 15,88 Kg.)",2022-08,27
13,PASRECB02,"Relleno Crema Bavarian (Balde 15,88 Kg.)",2022-09,20
13,PASRECB02,"Relleno Crema Bavarian (Balde 15,88 Kg.)",2022-10,27
13,PASRECB02,"Relleno Crema Bavarian (Balde 15,88 Kg.)",2022-11,17
13,PASRECB02,"Relleno Crema Bavarian (Balde 15,88 Kg.)",2022-12,17
13,PASRECB02,"Relleno Crema Bavarian (Balde 15,88 Kg.)",2023-01,16
13,PASRECB02,"Relleno Crema Bavarian (Balde 15,88 Kg.)",2023-02,10
13,PASRECB02,"Relleno Crema Bavarian (Balde 15,88 Kg.)",2023-03,20
13,PASRECB02,"Relleno Crema Bavarian (Balde 15,88 Kg.)",2023-04,12
13,PASRECB02,"Relleno Crema Bavarian (Balde 15,88 Kg.)",2023-05,21
13,PASRECB02,"Relleno Crema Bavarian (Balde 15,88 Kg.)",2023-06,13
13,PASRECB02,"Relleno Crema Bavarian (Balde 15,88 Kg.)",2023-07,27
13,PASRECB02,"Relleno Crema Bavarian (Balde 15,88 Kg.)",2023-08,35
13,PASRECB02,"Relleno Crema Bavarian (Balde 15,88 Kg.)",2023-09,17
13,PASRECB02,"Relleno Crema Bavarian (Balde 15,88 Kg.)",2023-10,7
13,PASRECB02,"Relleno Crema Bavarian (Balde 15,88 Kg.)",2023-11,9
13,PASRECB02,"Relleno Crema Bavarian (Balde 15,88 Kg.)",2023-12,4
13,PASRECB02,"Relleno Crema Bavarian (Balde 15,88 Kg.)",2024-01,9
13,PASRECB02,"Relleno Crema Bavarian (Balde 15,88 Kg.)",2024-02,23
13,PASRECB02,"Relleno Crema Bavarian (Balde 15,88 Kg.)",2024-03,12
13,PASRECB02,"Relleno Crema Bavarian (Balde 15,88 Kg.)",2024-04,16
13,PASRECB02,"Relleno Crema Bavarian (Balde 15,88 Kg.)",2024-05,72
13,PASRECB02,"Relleno Crema Bavarian (Balde 15,88 Kg.)",2024-06,78
13,PASRECB02,"Relleno Crema Bavarian (Balde 15,88 Kg.)",2024-07,17
13,PASRECB02,"Relleno Crema Bavarian (Balde 15,88 Kg.)",2024-08,22
13,PASRECB02,"Relleno Crema Bavarian (Balde 15,88 Kg.)",2024-09,8
13,PASRECB02,"Relleno Crema Bavarian (Balde 15,88 Kg.)",2024-10,10
13,PASRECB02,"Relleno Crema Bavarian (Balde 15,88 Kg.)",2024-11,6
13,PASRECB02,"Relleno Crema Bavarian (Balde 15,88 Kg.)",2024-12,1
13,PASRECB02,"Relleno Crema Bavarian (Balde 15,88 Kg.)",2025-01,10
13,PASRECB02,"Relleno Crema Bavarian (Balde 15,88 Kg.)",2025-02,3
13,PASRECB02,"Relleno Crema Bavarian (Balde 15,88 Kg.)",2025-03,14
13,PASRECB02,"Relleno Crema Bavarian (Balde 15,88 Kg.)",2025-04,8
13,PASRECB02,"Relleno Crema Bavarian (Balde 15,88 Kg.)",2025-05,13
13,PASRECB02,"Relleno Crema Bavarian (Balde 15,88 Kg.)",2025-06,6
13,PASRECB02,"Relleno Crema Bavarian (Balde 15,88 Kg.)",2025-07,11
13,PASRECB02,"Relleno Crema Bavarian (Balde 15,88 Kg.)",2025-08,7
13,PASRECB02,"Relleno Crema Bavarian (Balde 15,88 Kg.)",2025-09,8
13,PASRECB02,"Relleno Crema Bavarian (Balde 15,88 Kg.)",2025-10,12
13,PASRECB02,"Relleno Crema Bavarian (Balde 15,88 Kg.)",2025-11,2
13,PASRECB02,"Relleno Crema Bavarian (Balde 15,88 Kg.)",2025-12,7
13,PASRECB02,"Relleno Crema Bavarian (Balde 15,88 Kg.)",2026-01,1
13,PASRECB02,"Relleno Crema Bavarian (Balde 15,88 Kg.)",2026-02,-1
13,PASRECB02,"Relleno Crema Bavarian (Balde 15,88 Kg.)",2026-03,11
13,PASRECB02,"Relleno Crema Bavarian (Balde 15,88 Kg.)",2026-04,3
13,PASRECB02,"Relleno Crema Bavarian (Balde 15,88 Kg.)",2026-05,2
13,PASRECB02,"Relleno Crema Bavarian (Balde 15,88 Kg.)",2026-06,7
13,PASRECP01,"Crema Pastelera Manar (Caja 15x400 Gr.)",2022-05,50
13,PASRECP01,"Crema Pastelera Manar (Caja 15x400 Gr.)",2022-06,54
13,PASRECP01,"Crema Pastelera Manar (Caja 15x400 Gr.)",2022-07,96
13,PASRECP01,"Crema Pastelera Manar (Caja 15x400 Gr.)",2022-08,78
13,PASRECP01,"Crema Pastelera Manar (Caja 15x400 Gr.)",2022-09,45
13,PASRECP01,"Crema Pastelera Manar (Caja 15x400 Gr.)",2022-10,91
13,PASRECP01,"Crema Pastelera Manar (Caja 15x400 Gr.)",2022-11,50
13,PASRECP01,"Crema Pastelera Manar (Caja 15x400 Gr.)",2022-12,34
13,PASRECP01,"Crema Pastelera Manar (Caja 15x400 Gr.)",2023-01,46
13,PASRECP01,"Crema Pastelera Manar (Caja 15x400 Gr.)",2023-02,42
13,PASRECP01,"Crema Pastelera Manar (Caja 15x400 Gr.)",2023-03,102
13,PASRECP01,"Crema Pastelera Manar (Caja 15x400 Gr.)",2023-04,154
13,PASRECP01,"Crema Pastelera Manar (Caja 15x400 Gr.)",2023-05,52
13,PASRECP01,"Crema Pastelera Manar (Caja 15x400 Gr.)",2023-07,110
13,PASRECP01,"Crema Pastelera Manar (Caja 15x400 Gr.)",2023-08,182
13,PASRECP01,"Crema Pastelera Manar (Caja 15x400 Gr.)",2023-09,129
13,PASRECP01,"Crema Pastelera Manar (Caja 15x400 Gr.)",2023-10,101
13,PASRECP01,"Crema Pastelera Manar (Caja 15x400 Gr.)",2023-11,126
13,PASRECP01,"Crema Pastelera Manar (Caja 15x400 Gr.)",2023-12,74
13,PASRECP01,"Crema Pastelera Manar (Caja 15x400 Gr.)",2024-01,57
13,PASRECP01,"Crema Pastelera Manar (Caja 15x400 Gr.)",2024-02,114
13,PASRECP01,"Crema Pastelera Manar (Caja 15x400 Gr.)",2024-03,201
13,PASRECP01,"Crema Pastelera Manar (Caja 15x400 Gr.)",2024-04,103
13,PASRECP01,"Crema Pastelera Manar (Caja 15x400 Gr.)",2024-05,160
13,PASRECP01,"Crema Pastelera Manar (Caja 15x400 Gr.)",2024-06,106
13,PASRECP01,"Crema Pastelera Manar (Caja 15x400 Gr.)",2024-07,83
13,PASRECP01,"Crema Pastelera Manar (Caja 15x400 Gr.)",2024-08,106
13,PASRECP01,"Crema Pastelera Manar (Caja 15x400 Gr.)",2024-09,79
13,PASRECP01,"Crema Pastelera Manar (Caja 15x400 Gr.)",2024-10,61
13,PASRECP01,"Crema Pastelera Manar (Caja 15x400 Gr.)",2024-11,136
13,PASRECP01,"Crema Pastelera Manar (Caja 15x400 Gr.)",2024-12,27
13,PASRECP01,"Crema Pastelera Manar (Caja 15x400 Gr.)",2025-01,44
13,PASRECP01,"Crema Pastelera Manar (Caja 15x400 Gr.)",2025-02,111
13,PASRECP01,"Crema Pastelera Manar (Caja 15x400 Gr.)",2025-03,70
13,PASRECP01,"Crema Pastelera Manar (Caja 15x400 Gr.)",2025-04,61
13,PASRECP01,"Crema Pastelera Manar (Caja 15x400 Gr.)",2025-05,107
13,PASRECP01,"Crema Pastelera Manar (Caja 15x400 Gr.)",2025-06,81
13,PASRECP01,"Crema Pastelera Manar (Caja 15x400 Gr.)",2025-07,98
13,PASRECP01,"Crema Pastelera Manar (Caja 15x400 Gr.)",2025-08,126
13,PASRECP01,"Crema Pastelera Manar (Caja 15x400 Gr.)",2025-09,93
13,PASRECP01,"Crema Pastelera Manar (Caja 15x400 Gr.)",2025-10,81
13,PASRECP01,"Crema Pastelera Manar (Caja 15x400 Gr.)",2025-11,70
13,PASRECP01,"Crema Pastelera Manar (Caja 15x400 Gr.)",2025-12,72
13,PASRECP01,"Crema Pastelera Manar (Caja 15x400 Gr.)",2026-01,55
13,PASRECP01,"Crema Pastelera Manar (Caja 15x400 Gr.)",2026-02,53
13,PASRECP01,"Crema Pastelera Manar (Caja 15x400 Gr.)",2026-03,73
13,PASRECP01,"Crema Pastelera Manar (Caja 15x400 Gr.)",2026-04,77
13,PASRECP01,"Crema Pastelera Manar (Caja 15x400 Gr.)",2026-05,76
13,PASRECP01,"Crema Pastelera Manar (Caja 15x400 Gr.)",2026-06,42
13,PASDEGR27,"Crema de Avellana con Cacao (Caja 6x1,01 Kg.)",2022-06,3
13,PASDEGR27,"Crema de Avellana con Cacao (Caja 6x1,01 Kg.)",2022-07,3
13,PASDEGR27,"Crema de Avellana con Cacao (Caja 6x1,01 Kg.)",2022-10,4
13,PASDEGR27,"Crema de Avellana con Cacao (Caja 6x1,01 Kg.)",2022-11,8
13,PASDEGR27,"Crema de Avellana con Cacao (Caja 6x1,01 Kg.)",2022-12,2
13,PASDEGR27,"Crema de Avellana con Cacao (Caja 6x1,01 Kg.)",2023-01,1
13,PASDEGR27,"Crema de Avellana con Cacao (Caja 6x1,01 Kg.)",2023-02,4
13,PASDEGR27,"Crema de Avellana con Cacao (Caja 6x1,01 Kg.)",2023-03,6
13,PASDEGR27,"Crema de Avellana con Cacao (Caja 6x1,01 Kg.)",2023-04,17
13,PASDEGR27,"Crema de Avellana con Cacao (Caja 6x1,01 Kg.)",2023-05,2
13,PASDEGR27,"Crema de Avellana con Cacao (Caja 6x1,01 Kg.)",2023-06,11
13,PASDEGR27,"Crema de Avellana con Cacao (Caja 6x1,01 Kg.)",2023-07,51
13,PASDEGR27,"Crema de Avellana con Cacao (Caja 6x1,01 Kg.)",2023-08,41
13,PASDEGR27,"Crema de Avellana con Cacao (Caja 6x1,01 Kg.)",2023-09,25
13,PASDEGR27,"Crema de Avellana con Cacao (Caja 6x1,01 Kg.)",2023-10,0
13,PASDEGR27,"Crema de Avellana con Cacao (Caja 6x1,01 Kg.)",2023-11,58
13,PASDEGR27,"Crema de Avellana con Cacao (Caja 6x1,01 Kg.)",2023-12,69
13,PASDEGR27,"Crema de Avellana con Cacao (Caja 6x1,01 Kg.)",2024-01,49
13,PASDEGR27,"Crema de Avellana con Cacao (Caja 6x1,01 Kg.)",2024-02,57
13,PASDEGR27,"Crema de Avellana con Cacao (Caja 6x1,01 Kg.)",2024-03,39
13,PASDEGR27,"Crema de Avellana con Cacao (Caja 6x1,01 Kg.)",2024-04,35
13,PASDEGR27,"Crema de Avellana con Cacao (Caja 6x1,01 Kg.)",2024-05,32
13,PASDEGR27,"Crema de Avellana con Cacao (Caja 6x1,01 Kg.)",2024-06,72
13,PASDEGR27,"Crema de Avellana con Cacao (Caja 6x1,01 Kg.)",2024-07,43
13,PASDEGR27,"Crema de Avellana con Cacao (Caja 6x1,01 Kg.)",2024-08,28
13,PASDEGR27,"Crema de Avellana con Cacao (Caja 6x1,01 Kg.)",2024-09,61
13,PASDEGR27,"Crema de Avellana con Cacao (Caja 6x1,01 Kg.)",2024-10,32
13,PASDEGR27,"Crema de Avellana con Cacao (Caja 6x1,01 Kg.)",2024-11,30
13,PASDEGR27,"Crema de Avellana con Cacao (Caja 6x1,01 Kg.)",2024-12,22
13,PASDEGR27,"Crema de Avellana con Cacao (Caja 6x1,01 Kg.)",2025-01,17
13,PASDEGR27,"Crema de Avellana con Cacao (Caja 6x1,01 Kg.)",2025-02,49
13,PASDEGR27,"Crema de Avellana con Cacao (Caja 6x1,01 Kg.)",2025-03,21
13,PASDEGR27,"Crema de Avellana con Cacao (Caja 6x1,01 Kg.)",2025-04,50
13,PASDEGR27,"Crema de Avellana con Cacao (Caja 6x1,01 Kg.)",2025-05,33
13,PASDEGR27,"Crema de Avellana con Cacao (Caja 6x1,01 Kg.)",2025-06,43
13,PASDEGR27,"Crema de Avellana con Cacao (Caja 6x1,01 Kg.)",2025-07,42
13,PASDEGR27,"Crema de Avellana con Cacao (Caja 6x1,01 Kg.)",2025-08,54
13,PASDEGR27,"Crema de Avellana con Cacao (Caja 6x1,01 Kg.)",2025-09,29
13,PASDEGR27,"Crema de Avellana con Cacao (Caja 6x1,01 Kg.)",2025-10,27
13,PASDEGR27,"Crema de Avellana con Cacao (Caja 6x1,01 Kg.)",2025-11,28
13,PASDEGR27,"Crema de Avellana con Cacao (Caja 6x1,01 Kg.)",2025-12,21
13,PASDEGR27,"Crema de Avellana con Cacao (Caja 6x1,01 Kg.)",2026-01,20
13,PASDEGR27,"Crema de Avellana con Cacao (Caja 6x1,01 Kg.)",2026-02,13
13,PASDEGR27,"Crema de Avellana con Cacao (Caja 6x1,01 Kg.)",2026-03,34
13,PASDEGR27,"Crema de Avellana con Cacao (Caja 6x1,01 Kg.)",2026-04,33
13,PASDEGR27,"Crema de Avellana con Cacao (Caja 6x1,01 Kg.)",2026-05,8
13,PASDEGR27,"Crema de Avellana con Cacao (Caja 6x1,01 Kg.)",2026-06,17
13,PASDEGR32,"Relleno Horneable Sabor Fresa (Caja 8x1,01 Kg.)",2022-08,4
13,PASDEGR32,"Relleno Horneable Sabor Fresa (Caja 8x1,01 Kg.)",2022-09,17
13,PASDEGR32,"Relleno Horneable Sabor Fresa (Caja 8x1,01 Kg.)",2022-10,7
13,PASDEGR32,"Relleno Horneable Sabor Fresa (Caja 8x1,01 Kg.)",2022-11,1
13,PASDEGR32,"Relleno Horneable Sabor Fresa (Caja 8x1,01 Kg.)",2022-12,1
13,PASDEGR32,"Relleno Horneable Sabor Fresa (Caja 8x1,01 Kg.)",2023-01,2
13,PASDEGR32,"Relleno Horneable Sabor Fresa (Caja 8x1,01 Kg.)",2023-02,21
13,PASDEGR32,"Relleno Horneable Sabor Fresa (Caja 8x1,01 Kg.)",2023-03,7
13,PASDEGR32,"Relleno Horneable Sabor Fresa (Caja 8x1,01 Kg.)",2023-05,1
13,PASDEGR32,"Relleno Horneable Sabor Fresa (Caja 8x1,01 Kg.)",2023-06,1
13,PASDEGR32,"Relleno Horneable Sabor Fresa (Caja 8x1,01 Kg.)",2023-07,8
13,PASDEGR32,"Relleno Horneable Sabor Fresa (Caja 8x1,01 Kg.)",2023-08,4
13,PASDEGR32,"Relleno Horneable Sabor Fresa (Caja 8x1,01 Kg.)",2023-09,1
13,PASDEGR32,"Relleno Horneable Sabor Fresa (Caja 8x1,01 Kg.)",2023-10,5
13,PASDEGR32,"Relleno Horneable Sabor Fresa (Caja 8x1,01 Kg.)",2023-11,10
13,PASDEGR32,"Relleno Horneable Sabor Fresa (Caja 8x1,01 Kg.)",2023-12,1
13,PASDEGR32,"Relleno Horneable Sabor Fresa (Caja 8x1,01 Kg.)",2024-01,10
13,PASDEGR32,"Relleno Horneable Sabor Fresa (Caja 8x1,01 Kg.)",2024-02,6
13,PASDEGR32,"Relleno Horneable Sabor Fresa (Caja 8x1,01 Kg.)",2024-03,1
13,PASDEGR32,"Relleno Horneable Sabor Fresa (Caja 8x1,01 Kg.)",2024-04,2
13,PASDEGR32,"Relleno Horneable Sabor Fresa (Caja 8x1,01 Kg.)",2024-05,6
13,PASDEGR32,"Relleno Horneable Sabor Fresa (Caja 8x1,01 Kg.)",2024-06,5
13,PASDEGR32,"Relleno Horneable Sabor Fresa (Caja 8x1,01 Kg.)",2024-07,5
13,PASDEGR32,"Relleno Horneable Sabor Fresa (Caja 8x1,01 Kg.)",2024-08,11.5
13,PASDEGR32,"Relleno Horneable Sabor Fresa (Caja 8x1,01 Kg.)",2024-09,5
13,PASDEGR32,"Relleno Horneable Sabor Fresa (Caja 8x1,01 Kg.)",2024-10,9
13,PASDEGR32,"Relleno Horneable Sabor Fresa (Caja 8x1,01 Kg.)",2024-11,9
13,PASDEGR32,"Relleno Horneable Sabor Fresa (Caja 8x1,01 Kg.)",2024-12,8
13,PASDEGR32,"Relleno Horneable Sabor Fresa (Caja 8x1,01 Kg.)",2025-01,9
13,PASDEGR32,"Relleno Horneable Sabor Fresa (Caja 8x1,01 Kg.)",2025-03,4
13,PASDEGR32,"Relleno Horneable Sabor Fresa (Caja 8x1,01 Kg.)",2025-04,4
13,PASDEGR32,"Relleno Horneable Sabor Fresa (Caja 8x1,01 Kg.)",2025-05,7
13,PASDEGR32,"Relleno Horneable Sabor Fresa (Caja 8x1,01 Kg.)",2025-06,12
13,PASDEGR32,"Relleno Horneable Sabor Fresa (Caja 8x1,01 Kg.)",2025-07,2
13,PASDEGR32,"Relleno Horneable Sabor Fresa (Caja 8x1,01 Kg.)",2025-08,1
13,PASDEGR32,"Relleno Horneable Sabor Fresa (Caja 8x1,01 Kg.)",2025-09,5
13,PASDEGR32,"Relleno Horneable Sabor Fresa (Caja 8x1,01 Kg.)",2025-10,13
13,PASDEGR32,"Relleno Horneable Sabor Fresa (Caja 8x1,01 Kg.)",2025-11,4
13,PASDEGR32,"Relleno Horneable Sabor Fresa (Caja 8x1,01 Kg.)",2025-12,5
13,PASDEGR32,"Relleno Horneable Sabor Fresa (Caja 8x1,01 Kg.)",2026-02,11
13,PASDEGR32,"Relleno Horneable Sabor Fresa (Caja 8x1,01 Kg.)",2026-03,5
13,PASDEGR32,"Relleno Horneable Sabor Fresa (Caja 8x1,01 Kg.)",2026-04,1
13,PASDEGR32,"Relleno Horneable Sabor Fresa (Caja 8x1,01 Kg.)",2026-05,10
13,PASDEGR32,"Relleno Horneable Sabor Fresa (Caja 8x1,01 Kg.)",2026-06,1
13,PASDEGR70,"Ganache Sabor Chocolate Blanco (Caja 4x4 Kg.)",2026-06,31
14,PASDLEC01,"Dulce Leche El Sosiego (Caja 10 Kg.)",2022-05,661
14,PASDLEC01,"Dulce Leche El Sosiego (Caja 10 Kg.)",2022-06,1964
14,PASDLEC01,"Dulce Leche El Sosiego (Caja 10 Kg.)",2022-07,622
14,PASDLEC01,"Dulce Leche El Sosiego (Caja 10 Kg.)",2022-08,1147
14,PASDLEC01,"Dulce Leche El Sosiego (Caja 10 Kg.)",2022-09,1677
14,PASDLEC01,"Dulce Leche El Sosiego (Caja 10 Kg.)",2022-10,785
14,PASDLEC01,"Dulce Leche El Sosiego (Caja 10 Kg.)",2022-11,451
14,PASDLEC01,"Dulce Leche El Sosiego (Caja 10 Kg.)",2022-12,1534
14,PASDLEC01,"Dulce Leche El Sosiego (Caja 10 Kg.)",2023-01,350
14,PASDLEC01,"Dulce Leche El Sosiego (Caja 10 Kg.)",2023-02,1226
14,PASDLEC01,"Dulce Leche El Sosiego (Caja 10 Kg.)",2023-03,1040
14,PASDLEC01,"Dulce Leche El Sosiego (Caja 10 Kg.)",2023-04,587
14,PASDLEC01,"Dulce Leche El Sosiego (Caja 10 Kg.)",2023-05,1920
14,PASDLEC01,"Dulce Leche El Sosiego (Caja 10 Kg.)",2023-06,652
14,PASDLEC01,"Dulce Leche El Sosiego (Caja 10 Kg.)",2023-07,1499
14,PASDLEC01,"Dulce Leche El Sosiego (Caja 10 Kg.)",2023-08,809
14,PASDLEC01,"Dulce Leche El Sosiego (Caja 10 Kg.)",2023-09,481
14,PASDLEC01,"Dulce Leche El Sosiego (Caja 10 Kg.)",2023-10,1214
14,PASDLEC01,"Dulce Leche El Sosiego (Caja 10 Kg.)",2023-11,1644
14,PASDLEC01,"Dulce Leche El Sosiego (Caja 10 Kg.)",2023-12,415
14,PASDLEC01,"Dulce Leche El Sosiego (Caja 10 Kg.)",2024-01,988
14,PASDLEC01,"Dulce Leche El Sosiego (Caja 10 Kg.)",2024-02,964
14,PASDLEC01,"Dulce Leche El Sosiego (Caja 10 Kg.)",2024-03,527
14,PASDLEC01,"Dulce Leche El Sosiego (Caja 10 Kg.)",2024-04,1179
14,PASDLEC01,"Dulce Leche El Sosiego (Caja 10 Kg.)",2024-05,978
14,PASDLEC01,"Dulce Leche El Sosiego (Caja 10 Kg.)",2024-06,1141
14,PASDLEC01,"Dulce Leche El Sosiego (Caja 10 Kg.)",2024-07,1156
14,PASDLEC01,"Dulce Leche El Sosiego (Caja 10 Kg.)",2024-08,1119
14,PASDLEC01,"Dulce Leche El Sosiego (Caja 10 Kg.)",2024-09,1240
14,PASDLEC01,"Dulce Leche El Sosiego (Caja 10 Kg.)",2024-10,659
14,PASDLEC01,"Dulce Leche El Sosiego (Caja 10 Kg.)",2024-11,1019
14,PASDLEC01,"Dulce Leche El Sosiego (Caja 10 Kg.)",2024-12,1079
14,PASDLEC01,"Dulce Leche El Sosiego (Caja 10 Kg.)",2025-01,369
14,PASDLEC01,"Dulce Leche El Sosiego (Caja 10 Kg.)",2025-02,497
14,PASDLEC01,"Dulce Leche El Sosiego (Caja 10 Kg.)",2025-03,925
14,PASDLEC01,"Dulce Leche El Sosiego (Caja 10 Kg.)",2025-04,1112
14,PASDLEC01,"Dulce Leche El Sosiego (Caja 10 Kg.)",2025-05,1257
14,PASDLEC01,"Dulce Leche El Sosiego (Caja 10 Kg.)",2025-06,465
14,PASDLEC01,"Dulce Leche El Sosiego (Caja 10 Kg.)",2025-07,1686
14,PASDLEC01,"Dulce Leche El Sosiego (Caja 10 Kg.)",2025-08,1291
14,PASDLEC01,"Dulce Leche El Sosiego (Caja 10 Kg.)",2025-09,477
14,PASDLEC01,"Dulce Leche El Sosiego (Caja 10 Kg.)",2025-10,1569
14,PASDLEC01,"Dulce Leche El Sosiego (Caja 10 Kg.)",2025-11,426
14,PASDLEC01,"Dulce Leche El Sosiego (Caja 10 Kg.)",2025-12,1204
14,PASDLEC01,"Dulce Leche El Sosiego (Caja 10 Kg.)",2026-01,745
14,PASDLEC01,"Dulce Leche El Sosiego (Caja 10 Kg.)",2026-02,659
14,PASDLEC01,"Dulce Leche El Sosiego (Caja 10 Kg.)",2026-03,493
14,PASDLEC01,"Dulce Leche El Sosiego (Caja 10 Kg.)",2026-04,1227
14,PASDLEC01,"Dulce Leche El Sosiego (Caja 10 Kg.)",2026-05,827
14,PASDLEC01,"Dulce Leche El Sosiego (Caja 10 Kg.)",2026-06,543
14,PASDLHE01,"Dulce Leche Heladero (Cuñete 10 Kg.)",2022-05,538
14,PASDLHE01,"Dulce Leche Heladero (Cuñete 10 Kg.)",2022-06,45
14,PASDLHE01,"Dulce Leche Heladero (Cuñete 10 Kg.)",2022-07,109
14,PASDLHE01,"Dulce Leche Heladero (Cuñete 10 Kg.)",2022-08,324
14,PASDLHE01,"Dulce Leche Heladero (Cuñete 10 Kg.)",2022-09,767
14,PASDLHE01,"Dulce Leche Heladero (Cuñete 10 Kg.)",2022-10,165
14,PASDLHE01,"Dulce Leche Heladero (Cuñete 10 Kg.)",2022-11,547
14,PASDLHE01,"Dulce Leche Heladero (Cuñete 10 Kg.)",2022-12,317
14,PASDLHE01,"Dulce Leche Heladero (Cuñete 10 Kg.)",2023-01,243
14,PASDLHE01,"Dulce Leche Heladero (Cuñete 10 Kg.)",2023-02,215
14,PASDLHE01,"Dulce Leche Heladero (Cuñete 10 Kg.)",2023-03,308
14,PASDLHE01,"Dulce Leche Heladero (Cuñete 10 Kg.)",2023-04,297
14,PASDLHE01,"Dulce Leche Heladero (Cuñete 10 Kg.)",2023-05,324
14,PASDLHE01,"Dulce Leche Heladero (Cuñete 10 Kg.)",2023-06,632
14,PASDLHE01,"Dulce Leche Heladero (Cuñete 10 Kg.)",2023-07,163
14,PASDLHE01,"Dulce Leche Heladero (Cuñete 10 Kg.)",2023-08,348
14,PASDLHE01,"Dulce Leche Heladero (Cuñete 10 Kg.)",2023-09,270
14,PASDLHE01,"Dulce Leche Heladero (Cuñete 10 Kg.)",2023-10,554
14,PASDLHE01,"Dulce Leche Heladero (Cuñete 10 Kg.)",2023-11,275
14,PASDLHE01,"Dulce Leche Heladero (Cuñete 10 Kg.)",2023-12,260
14,PASDLHE01,"Dulce Leche Heladero (Cuñete 10 Kg.)",2024-01,331
14,PASDLHE01,"Dulce Leche Heladero (Cuñete 10 Kg.)",2024-02,377
14,PASDLHE01,"Dulce Leche Heladero (Cuñete 10 Kg.)",2024-03,97
14,PASDLHE01,"Dulce Leche Heladero (Cuñete 10 Kg.)",2024-04,226
14,PASDLHE01,"Dulce Leche Heladero (Cuñete 10 Kg.)",2024-05,402
14,PASDLHE01,"Dulce Leche Heladero (Cuñete 10 Kg.)",2024-06,71
14,PASDLHE01,"Dulce Leche Heladero (Cuñete 10 Kg.)",2024-07,484
14,PASDLHE01,"Dulce Leche Heladero (Cuñete 10 Kg.)",2024-08,279
14,PASDLHE01,"Dulce Leche Heladero (Cuñete 10 Kg.)",2024-09,371
14,PASDLHE01,"Dulce Leche Heladero (Cuñete 10 Kg.)",2024-10,203
14,PASDLHE01,"Dulce Leche Heladero (Cuñete 10 Kg.)",2024-11,842
14,PASDLHE01,"Dulce Leche Heladero (Cuñete 10 Kg.)",2024-12,178
14,PASDLHE01,"Dulce Leche Heladero (Cuñete 10 Kg.)",2025-01,427
14,PASDLHE01,"Dulce Leche Heladero (Cuñete 10 Kg.)",2025-02,383
14,PASDLHE01,"Dulce Leche Heladero (Cuñete 10 Kg.)",2025-03,608
14,PASDLHE01,"Dulce Leche Heladero (Cuñete 10 Kg.)",2025-04,407
14,PASDLHE01,"Dulce Leche Heladero (Cuñete 10 Kg.)",2025-05,60
14,PASDLHE01,"Dulce Leche Heladero (Cuñete 10 Kg.)",2025-06,68
14,PASDLHE01,"Dulce Leche Heladero (Cuñete 10 Kg.)",2025-07,259
14,PASDLHE01,"Dulce Leche Heladero (Cuñete 10 Kg.)",2025-08,445
14,PASDLHE01,"Dulce Leche Heladero (Cuñete 10 Kg.)",2025-09,429
14,PASDLHE01,"Dulce Leche Heladero (Cuñete 10 Kg.)",2025-10,335
14,PASDLHE01,"Dulce Leche Heladero (Cuñete 10 Kg.)",2025-11,569
14,PASDLHE01,"Dulce Leche Heladero (Cuñete 10 Kg.)",2025-12,427
14,PASDLHE01,"Dulce Leche Heladero (Cuñete 10 Kg.)",2026-01,182
14,PASDLHE01,"Dulce Leche Heladero (Cuñete 10 Kg.)",2026-02,379
14,PASDLHE01,"Dulce Leche Heladero (Cuñete 10 Kg.)",2026-03,455
14,PASDLHE01,"Dulce Leche Heladero (Cuñete 10 Kg.)",2026-04,83
14,PASDLHE01,"Dulce Leche Heladero (Cuñete 10 Kg.)",2026-05,257
14,PASDLHE01,"Dulce Leche Heladero (Cuñete 10 Kg.)",2026-06,294
14,PASDLPR02,"Dulce Leche Agustina Premium (Cuñete 10 Kg.)",2022-05,1789
14,PASDLPR02,"Dulce Leche Agustina Premium (Cuñete 10 Kg.)",2022-06,1662
14,PASDLPR02,"Dulce Leche Agustina Premium (Cuñete 10 Kg.)",2022-07,2191
14,PASDLPR02,"Dulce Leche Agustina Premium (Cuñete 10 Kg.)",2022-08,2285
14,PASDLPR02,"Dulce Leche Agustina Premium (Cuñete 10 Kg.)",2022-09,2479
14,PASDLPR02,"Dulce Leche Agustina Premium (Cuñete 10 Kg.)",2022-10,2072
14,PASDLPR02,"Dulce Leche Agustina Premium (Cuñete 10 Kg.)",2022-11,1239
14,PASDLPR02,"Dulce Leche Agustina Premium (Cuñete 10 Kg.)",2022-12,1813
14,PASDLPR02,"Dulce Leche Agustina Premium (Cuñete 10 Kg.)",2023-01,1300
14,PASDLPR02,"Dulce Leche Agustina Premium (Cuñete 10 Kg.)",2023-02,1009
14,PASDLPR02,"Dulce Leche Agustina Premium (Cuñete 10 Kg.)",2023-03,1809
14,PASDLPR02,"Dulce Leche Agustina Premium (Cuñete 10 Kg.)",2023-04,1625
14,PASDLPR02,"Dulce Leche Agustina Premium (Cuñete 10 Kg.)",2023-05,1018
14,PASDLPR02,"Dulce Leche Agustina Premium (Cuñete 10 Kg.)",2023-06,1824
14,PASDLPR02,"Dulce Leche Agustina Premium (Cuñete 10 Kg.)",2023-07,1242
14,PASDLPR02,"Dulce Leche Agustina Premium (Cuñete 10 Kg.)",2023-08,1475
14,PASDLPR02,"Dulce Leche Agustina Premium (Cuñete 10 Kg.)",2023-09,994
14,PASDLPR02,"Dulce Leche Agustina Premium (Cuñete 10 Kg.)",2023-10,1776
14,PASDLPR02,"Dulce Leche Agustina Premium (Cuñete 10 Kg.)",2023-11,1264
14,PASDLPR02,"Dulce Leche Agustina Premium (Cuñete 10 Kg.)",2023-12,1638
14,PASDLPR02,"Dulce Leche Agustina Premium (Cuñete 10 Kg.)",2024-01,1071
14,PASDLPR02,"Dulce Leche Agustina Premium (Cuñete 10 Kg.)",2024-02,1255
14,PASDLPR02,"Dulce Leche Agustina Premium (Cuñete 10 Kg.)",2024-03,1207
14,PASDLPR02,"Dulce Leche Agustina Premium (Cuñete 10 Kg.)",2024-04,1567
14,PASDLPR02,"Dulce Leche Agustina Premium (Cuñete 10 Kg.)",2024-05,2194
14,PASDLPR02,"Dulce Leche Agustina Premium (Cuñete 10 Kg.)",2024-06,1783
14,PASDLPR02,"Dulce Leche Agustina Premium (Cuñete 10 Kg.)",2024-07,1456
14,PASDLPR02,"Dulce Leche Agustina Premium (Cuñete 10 Kg.)",2024-08,1345
14,PASDLPR02,"Dulce Leche Agustina Premium (Cuñete 10 Kg.)",2024-09,1569
14,PASDLPR02,"Dulce Leche Agustina Premium (Cuñete 10 Kg.)",2024-10,1386
14,PASDLPR02,"Dulce Leche Agustina Premium (Cuñete 10 Kg.)",2024-11,2323
14,PASDLPR02,"Dulce Leche Agustina Premium (Cuñete 10 Kg.)",2024-12,1500
14,PASDLPR02,"Dulce Leche Agustina Premium (Cuñete 10 Kg.)",2025-01,718
14,PASDLPR02,"Dulce Leche Agustina Premium (Cuñete 10 Kg.)",2025-02,1156
14,PASDLPR02,"Dulce Leche Agustina Premium (Cuñete 10 Kg.)",2025-03,1677
14,PASDLPR02,"Dulce Leche Agustina Premium (Cuñete 10 Kg.)",2025-04,1599
14,PASDLPR02,"Dulce Leche Agustina Premium (Cuñete 10 Kg.)",2025-05,1538
14,PASDLPR02,"Dulce Leche Agustina Premium (Cuñete 10 Kg.)",2025-06,1504
14,PASDLPR02,"Dulce Leche Agustina Premium (Cuñete 10 Kg.)",2025-07,1144
14,PASDLPR02,"Dulce Leche Agustina Premium (Cuñete 10 Kg.)",2025-08,1305
14,PASDLPR02,"Dulce Leche Agustina Premium (Cuñete 10 Kg.)",2025-09,1363
14,PASDLPR02,"Dulce Leche Agustina Premium (Cuñete 10 Kg.)",2025-10,1605
14,PASDLPR02,"Dulce Leche Agustina Premium (Cuñete 10 Kg.)",2025-11,793
14,PASDLPR02,"Dulce Leche Agustina Premium (Cuñete 10 Kg.)",2025-12,964
14,PASDLPR02,"Dulce Leche Agustina Premium (Cuñete 10 Kg.)",2026-01,1101
14,PASDLPR02,"Dulce Leche Agustina Premium (Cuñete 10 Kg.)",2026-02,850
14,PASDLPR02,"Dulce Leche Agustina Premium (Cuñete 10 Kg.)",2026-03,1186
14,PASDLPR02,"Dulce Leche Agustina Premium (Cuñete 10 Kg.)",2026-04,1838
14,PASDLPR02,"Dulce Leche Agustina Premium (Cuñete 10 Kg.)",2026-05,1564
14,PASDLPR02,"Dulce Leche Agustina Premium (Cuñete 10 Kg.)",2026-06,2130
14,PASDLPR04,"Dulce Leche Sublime Premium (Cuñete 10 Kg.)",2022-09,1
14,PASDLPR04,"Dulce Leche Sublime Premium (Cuñete 10 Kg.)",2022-10,24
14,PASDLPR04,"Dulce Leche Sublime Premium (Cuñete 10 Kg.)",2022-11,45
14,PASDLPR04,"Dulce Leche Sublime Premium (Cuñete 10 Kg.)",2022-12,38
14,PASDLPR04,"Dulce Leche Sublime Premium (Cuñete 10 Kg.)",2023-01,38
14,PASDLPR04,"Dulce Leche Sublime Premium (Cuñete 10 Kg.)",2023-02,47
14,PASDLPR04,"Dulce Leche Sublime Premium (Cuñete 10 Kg.)",2023-03,2
14,PASDLPR04,"Dulce Leche Sublime Premium (Cuñete 10 Kg.)",2023-04,90
14,PASDLPR04,"Dulce Leche Sublime Premium (Cuñete 10 Kg.)",2023-05,83
14,PASDLPR04,"Dulce Leche Sublime Premium (Cuñete 10 Kg.)",2023-06,25
14,PASDLPR04,"Dulce Leche Sublime Premium (Cuñete 10 Kg.)",2023-07,19
14,PASDLPR04,"Dulce Leche Sublime Premium (Cuñete 10 Kg.)",2023-08,70
14,PASDLPR04,"Dulce Leche Sublime Premium (Cuñete 10 Kg.)",2023-09,67
14,PASDLPR04,"Dulce Leche Sublime Premium (Cuñete 10 Kg.)",2023-10,115
14,PASDLPR04,"Dulce Leche Sublime Premium (Cuñete 10 Kg.)",2023-11,91
14,PASDLPR04,"Dulce Leche Sublime Premium (Cuñete 10 Kg.)",2023-12,78
14,PASDLPR04,"Dulce Leche Sublime Premium (Cuñete 10 Kg.)",2024-01,139
14,PASDLPR04,"Dulce Leche Sublime Premium (Cuñete 10 Kg.)",2024-02,131
14,PASDLPR04,"Dulce Leche Sublime Premium (Cuñete 10 Kg.)",2024-03,423
14,PASDLPR04,"Dulce Leche Sublime Premium (Cuñete 10 Kg.)",2024-04,304
14,PASDLPR04,"Dulce Leche Sublime Premium (Cuñete 10 Kg.)",2024-05,192
14,PASDLPR04,"Dulce Leche Sublime Premium (Cuñete 10 Kg.)",2024-06,51
14,PASDLPR04,"Dulce Leche Sublime Premium (Cuñete 10 Kg.)",2024-07,213
14,PASDLPR04,"Dulce Leche Sublime Premium (Cuñete 10 Kg.)",2024-08,112
14,PASDLPR04,"Dulce Leche Sublime Premium (Cuñete 10 Kg.)",2024-09,80
14,PASDLPR04,"Dulce Leche Sublime Premium (Cuñete 10 Kg.)",2024-10,11
14,PASDLPR04,"Dulce Leche Sublime Premium (Cuñete 10 Kg.)",2024-11,20
14,PASDLPR04,"Dulce Leche Sublime Premium (Cuñete 10 Kg.)",2024-12,18
14,PASDLPR04,"Dulce Leche Sublime Premium (Cuñete 10 Kg.)",2025-01,169
14,PASDLPR04,"Dulce Leche Sublime Premium (Cuñete 10 Kg.)",2025-02,95
14,PASDLPR04,"Dulce Leche Sublime Premium (Cuñete 10 Kg.)",2025-03,184
14,PASDLPR04,"Dulce Leche Sublime Premium (Cuñete 10 Kg.)",2025-04,202
14,PASDLPR04,"Dulce Leche Sublime Premium (Cuñete 10 Kg.)",2025-05,142
14,PASDLPR04,"Dulce Leche Sublime Premium (Cuñete 10 Kg.)",2025-06,145
14,PASDLPR04,"Dulce Leche Sublime Premium (Cuñete 10 Kg.)",2025-07,244
14,PASDLPR04,"Dulce Leche Sublime Premium (Cuñete 10 Kg.)",2025-08,160
14,PASDLPR04,"Dulce Leche Sublime Premium (Cuñete 10 Kg.)",2025-09,93
14,PASDLPR04,"Dulce Leche Sublime Premium (Cuñete 10 Kg.)",2025-10,233
14,PASDLPR04,"Dulce Leche Sublime Premium (Cuñete 10 Kg.)",2025-11,175
14,PASDLPR04,"Dulce Leche Sublime Premium (Cuñete 10 Kg.)",2025-12,233
14,PASDLPR04,"Dulce Leche Sublime Premium (Cuñete 10 Kg.)",2026-01,109
14,PASDLPR04,"Dulce Leche Sublime Premium (Cuñete 10 Kg.)",2026-02,146
14,PASDLPR04,"Dulce Leche Sublime Premium (Cuñete 10 Kg.)",2026-03,261
14,PASDLPR04,"Dulce Leche Sublime Premium (Cuñete 10 Kg.)",2026-04,102
14,PASDLPR04,"Dulce Leche Sublime Premium (Cuñete 10 Kg.)",2026-05,83
14,PASDLPR04,"Dulce Leche Sublime Premium (Cuñete 10 Kg.)",2026-06,223
14,PASDLPR05,"Dulce Leche Repostero Premium (Cuñete 10 Kg.)",2022-10,32
14,PASDLPR05,"Dulce Leche Repostero Premium (Cuñete 10 Kg.)",2022-11,19
14,PASDLPR05,"Dulce Leche Repostero Premium (Cuñete 10 Kg.)",2022-12,33
14,PASDLPR05,"Dulce Leche Repostero Premium (Cuñete 10 Kg.)",2023-01,53
14,PASDLPR05,"Dulce Leche Repostero Premium (Cuñete 10 Kg.)",2023-02,58
14,PASDLPR05,"Dulce Leche Repostero Premium (Cuñete 10 Kg.)",2023-04,122
14,PASDLPR05,"Dulce Leche Repostero Premium (Cuñete 10 Kg.)",2023-05,86
14,PASDLPR05,"Dulce Leche Repostero Premium (Cuñete 10 Kg.)",2023-06,133
14,PASDLPR05,"Dulce Leche Repostero Premium (Cuñete 10 Kg.)",2023-07,342
14,PASDLPR05,"Dulce Leche Repostero Premium (Cuñete 10 Kg.)",2023-08,189
14,PASDLPR05,"Dulce Leche Repostero Premium (Cuñete 10 Kg.)",2023-09,190
14,PASDLPR05,"Dulce Leche Repostero Premium (Cuñete 10 Kg.)",2023-10,108
14,PASDLPR05,"Dulce Leche Repostero Premium (Cuñete 10 Kg.)",2023-11,171
14,PASDLPR05,"Dulce Leche Repostero Premium (Cuñete 10 Kg.)",2023-12,134
14,PASDLPR05,"Dulce Leche Repostero Premium (Cuñete 10 Kg.)",2024-01,192
14,PASDLPR05,"Dulce Leche Repostero Premium (Cuñete 10 Kg.)",2024-02,146
14,PASDLPR05,"Dulce Leche Repostero Premium (Cuñete 10 Kg.)",2024-03,101
14,PASDLPR05,"Dulce Leche Repostero Premium (Cuñete 10 Kg.)",2024-04,97
14,PASDLPR05,"Dulce Leche Repostero Premium (Cuñete 10 Kg.)",2024-05,51
14,PASDLPR05,"Dulce Leche Repostero Premium (Cuñete 10 Kg.)",2024-06,6
14,PASDLPR05,"Dulce Leche Repostero Premium (Cuñete 10 Kg.)",2024-07,51
14,PASDLPR05,"Dulce Leche Repostero Premium (Cuñete 10 Kg.)",2024-08,44
14,PASDLPR05,"Dulce Leche Repostero Premium (Cuñete 10 Kg.)",2024-09,23
14,PASDLPR05,"Dulce Leche Repostero Premium (Cuñete 10 Kg.)",2024-10,141
14,PASDLPR05,"Dulce Leche Repostero Premium (Cuñete 10 Kg.)",2024-11,251
14,PASDLPR05,"Dulce Leche Repostero Premium (Cuñete 10 Kg.)",2024-12,188
14,PASDLPR05,"Dulce Leche Repostero Premium (Cuñete 10 Kg.)",2025-01,26
14,PASDLPR05,"Dulce Leche Repostero Premium (Cuñete 10 Kg.)",2025-02,147
14,PASDLPR05,"Dulce Leche Repostero Premium (Cuñete 10 Kg.)",2025-03,64
14,PASDLPR05,"Dulce Leche Repostero Premium (Cuñete 10 Kg.)",2025-04,112
14,PASDLPR05,"Dulce Leche Repostero Premium (Cuñete 10 Kg.)",2025-05,182
14,PASDLPR05,"Dulce Leche Repostero Premium (Cuñete 10 Kg.)",2025-06,133
14,PASDLPR05,"Dulce Leche Repostero Premium (Cuñete 10 Kg.)",2025-07,65
14,PASDLPR05,"Dulce Leche Repostero Premium (Cuñete 10 Kg.)",2025-08,214
14,PASDLPR05,"Dulce Leche Repostero Premium (Cuñete 10 Kg.)",2025-09,240
14,PASDLPR05,"Dulce Leche Repostero Premium (Cuñete 10 Kg.)",2025-10,206
14,PASDLPR05,"Dulce Leche Repostero Premium (Cuñete 10 Kg.)",2025-11,58
14,PASDLPR05,"Dulce Leche Repostero Premium (Cuñete 10 Kg.)",2025-12,112
14,PASDLPR05,"Dulce Leche Repostero Premium (Cuñete 10 Kg.)",2026-01,99
14,PASDLPR05,"Dulce Leche Repostero Premium (Cuñete 10 Kg.)",2026-02,61
14,PASDLPR05,"Dulce Leche Repostero Premium (Cuñete 10 Kg.)",2026-03,409
14,PASDLPR05,"Dulce Leche Repostero Premium (Cuñete 10 Kg.)",2026-04,219
14,PASDLPR05,"Dulce Leche Repostero Premium (Cuñete 10 Kg.)",2026-05,58
14,PASDLPR05,"Dulce Leche Repostero Premium (Cuñete 10 Kg.)",2026-06,101
14,PASDLPR06,"Dulce Leche Sublime Premium (Balde 4 Kg.)",2022-10,11
14,PASDLPR06,"Dulce Leche Sublime Premium (Balde 4 Kg.)",2022-11,4
14,PASDLPR06,"Dulce Leche Sublime Premium (Balde 4 Kg.)",2022-12,6
14,PASDLPR06,"Dulce Leche Sublime Premium (Balde 4 Kg.)",2023-02,221
14,PASDLPR06,"Dulce Leche Sublime Premium (Balde 4 Kg.)",2023-03,5
14,PASDLPR06,"Dulce Leche Sublime Premium (Balde 4 Kg.)",2023-04,1
14,PASDLPR07,"Dulce Leche Repostero Premium (Balde 4 Kg.)",2022-10,21
14,PASDLPR07,"Dulce Leche Repostero Premium (Balde 4 Kg.)",2022-11,5
14,PASDLPR07,"Dulce Leche Repostero Premium (Balde 4 Kg.)",2022-12,10
14,PASDLPR07,"Dulce Leche Repostero Premium (Balde 4 Kg.)",2023-01,12
14,PASDLPR07,"Dulce Leche Repostero Premium (Balde 4 Kg.)",2023-02,202
14,PASDLPR08,"Dulce Leche Clásico Premium (Cuñete 10 Kg.)",2024-10,99
14,PASDLPR08,"Dulce Leche Clásico Premium (Cuñete 10 Kg.)",2024-12,-4
14,PASDLPR08,"Dulce Leche Clásico Premium (Cuñete 10 Kg.)",2025-01,2
14,PASDLPR08,"Dulce Leche Clásico Premium (Cuñete 10 Kg.)",2025-04,2
15,PASMEHO02,"Mermelada Damasco (Balde 13 Kg.)",2022-05,115
15,PASMEHO02,"Mermelada Damasco (Balde 13 Kg.)",2022-06,43
15,PASMEHO02,"Mermelada Damasco (Balde 13 Kg.)",2022-07,1
15,PASMEHO02,"Mermelada Damasco (Balde 13 Kg.)",2022-08,848
15,PASMEHO02,"Mermelada Damasco (Balde 13 Kg.)",2022-09,1033
15,PASMEHO02,"Mermelada Damasco (Balde 13 Kg.)",2022-10,1470
15,PASMEHO02,"Mermelada Damasco (Balde 13 Kg.)",2022-11,1610
15,PASMEHO02,"Mermelada Damasco (Balde 13 Kg.)",2022-12,217
15,PASMEHO02,"Mermelada Damasco (Balde 13 Kg.)",2023-01,71
15,PASMEHO02,"Mermelada Damasco (Balde 13 Kg.)",2023-02,41
15,PASMEHO02,"Mermelada Damasco (Balde 13 Kg.)",2023-09,1
15,PASMEHO02,"Mermelada Damasco (Balde 13 Kg.)",2023-12,6
15,PASMEHO02,"Mermelada Damasco (Balde 13 Kg.)",2024-07,77
15,PASMEHO02,"Mermelada Damasco (Balde 13 Kg.)",2024-08,614
15,PASMEHO02,"Mermelada Damasco (Balde 13 Kg.)",2024-09,420
15,PASMEHO02,"Mermelada Damasco (Balde 13 Kg.)",2024-10,-15
15,PASMEHO02,"Mermelada Damasco (Balde 13 Kg.)",2024-11,8
15,PASMEHO02,"Mermelada Damasco (Balde 13 Kg.)",2024-12,1
15,PASMEHO02,"Mermelada Damasco (Balde 13 Kg.)",2025-08,1
15,PASMEHO02,"Mermelada Damasco (Balde 13 Kg.)",2025-11,1
15,PASMEHO02,"Mermelada Damasco (Balde 13 Kg.)",2025-12,0
15,PASMEHO02,"Mermelada Damasco (Balde 13 Kg.)",2026-03,1
15,PASMEHO02,"Mermelada Damasco (Balde 13 Kg.)",2026-04,1
15,PASMEHO02,"Mermelada Damasco (Balde 13 Kg.)",2026-06,1
15,PASMEHO03,"Dulce Membrillo (Caja 15 Kg.)",2022-05,33
15,PASMEHO03,"Dulce Membrillo (Caja 15 Kg.)",2022-06,50
15,PASMEHO03,"Dulce Membrillo (Caja 15 Kg.)",2022-07,18
15,PASMEHO03,"Dulce Membrillo (Caja 15 Kg.)",2022-08,105
15,PASMEHO03,"Dulce Membrillo (Caja 15 Kg.)",2022-09,6
15,PASMEHO03,"Dulce Membrillo (Caja 15 Kg.)",2022-10,127
15,PASMEHO03,"Dulce Membrillo (Caja 15 Kg.)",2022-11,62
15,PASMEHO03,"Dulce Membrillo (Caja 15 Kg.)",2022-12,10
15,PASMEHO03,"Dulce Membrillo (Caja 15 Kg.)",2023-01,6
15,PASMEHO03,"Dulce Membrillo (Caja 15 Kg.)",2023-02,24
15,PASMEHO03,"Dulce Membrillo (Caja 15 Kg.)",2023-03,17
15,PASMEHO03,"Dulce Membrillo (Caja 15 Kg.)",2023-04,18
15,PASMEHO03,"Dulce Membrillo (Caja 15 Kg.)",2023-05,42
15,PASMEHO03,"Dulce Membrillo (Caja 15 Kg.)",2023-06,23
15,PASMEHO03,"Dulce Membrillo (Caja 15 Kg.)",2023-07,8
15,PASMEHO03,"Dulce Membrillo (Caja 15 Kg.)",2023-08,50
15,PASMEHO03,"Dulce Membrillo (Caja 15 Kg.)",2023-09,103
15,PASMEHO03,"Dulce Membrillo (Caja 15 Kg.)",2023-10,152
15,PASMEHO03,"Dulce Membrillo (Caja 15 Kg.)",2023-11,16
15,PASMEHO03,"Dulce Membrillo (Caja 15 Kg.)",2023-12,12
15,PASMEHO03,"Dulce Membrillo (Caja 15 Kg.)",2024-01,4
15,PASMEHO03,"Dulce Membrillo (Caja 15 Kg.)",2024-02,4
15,PASMEHO03,"Dulce Membrillo (Caja 15 Kg.)",2024-03,7
15,PASMEHO03,"Dulce Membrillo (Caja 15 Kg.)",2024-04,9
15,PASMEHO03,"Dulce Membrillo (Caja 15 Kg.)",2024-05,16
15,PASMEHO03,"Dulce Membrillo (Caja 15 Kg.)",2024-06,8
15,PASMEHO03,"Dulce Membrillo (Caja 15 Kg.)",2024-07,20
15,PASMEHO03,"Dulce Membrillo (Caja 15 Kg.)",2024-08,28
15,PASMEHO03,"Dulce Membrillo (Caja 15 Kg.)",2024-09,5
15,PASMEHO03,"Dulce Membrillo (Caja 15 Kg.)",2024-10,5
15,PASMEHO03,"Dulce Membrillo (Caja 15 Kg.)",2024-11,64
15,PASMEHO03,"Dulce Membrillo (Caja 15 Kg.)",2024-12,5
15,PASMEHO03,"Dulce Membrillo (Caja 15 Kg.)",2025-01,10
15,PASMEHO03,"Dulce Membrillo (Caja 15 Kg.)",2025-02,22
15,PASMEHO03,"Dulce Membrillo (Caja 15 Kg.)",2025-03,23
15,PASMEHO03,"Dulce Membrillo (Caja 15 Kg.)",2025-04,45
15,PASMEHO03,"Dulce Membrillo (Caja 15 Kg.)",2025-05,34
15,PASMEHO03,"Dulce Membrillo (Caja 15 Kg.)",2025-06,13
15,PASMEHO03,"Dulce Membrillo (Caja 15 Kg.)",2025-07,44
15,PASMEHO03,"Dulce Membrillo (Caja 15 Kg.)",2025-08,140
15,PASMEHO03,"Dulce Membrillo (Caja 15 Kg.)",2025-09,96
15,PASMEHO03,"Dulce Membrillo (Caja 15 Kg.)",2025-10,115
15,PASMEHO03,"Dulce Membrillo (Caja 15 Kg.)",2025-11,122
15,PASMEHO03,"Dulce Membrillo (Caja 15 Kg.)",2025-12,17
15,PASMEHO03,"Dulce Membrillo (Caja 15 Kg.)",2026-01,35
15,PASMEHO03,"Dulce Membrillo (Caja 15 Kg.)",2026-02,41
15,PASMEHO03,"Dulce Membrillo (Caja 15 Kg.)",2026-03,26
15,PASMEHO03,"Dulce Membrillo (Caja 15 Kg.)",2026-04,51
15,PASMEHO03,"Dulce Membrillo (Caja 15 Kg.)",2026-05,16
15,PASMEHO03,"Dulce Membrillo (Caja 15 Kg.)",2026-06,61
15,PASMEHO05,"Mermelada Durazno Horneable (Balde 5 Kg.)",2022-05,23
15,PASMEHO05,"Mermelada Durazno Horneable (Balde 5 Kg.)",2022-06,4
15,PASMEHO05,"Mermelada Durazno Horneable (Balde 5 Kg.)",2022-07,17
15,PASMEHO05,"Mermelada Durazno Horneable (Balde 5 Kg.)",2022-08,5
15,PASMEHO05,"Mermelada Durazno Horneable (Balde 5 Kg.)",2022-10,7
15,PASMEHO05,"Mermelada Durazno Horneable (Balde 5 Kg.)",2022-11,4
15,PASMEHO05,"Mermelada Durazno Horneable (Balde 5 Kg.)",2022-12,1
15,PASMEHO05,"Mermelada Durazno Horneable (Balde 5 Kg.)",2023-01,4
15,PASMEHO05,"Mermelada Durazno Horneable (Balde 5 Kg.)",2023-02,11
15,PASMEHO05,"Mermelada Durazno Horneable (Balde 5 Kg.)",2023-03,9
15,PASMEHO05,"Mermelada Durazno Horneable (Balde 5 Kg.)",2023-04,4
15,PASMEHO05,"Mermelada Durazno Horneable (Balde 5 Kg.)",2023-05,8
15,PASMEHO05,"Mermelada Durazno Horneable (Balde 5 Kg.)",2023-06,15
15,PASMEHO05,"Mermelada Durazno Horneable (Balde 5 Kg.)",2023-07,15
15,PASMEHO05,"Mermelada Durazno Horneable (Balde 5 Kg.)",2023-08,12
15,PASMEHO05,"Mermelada Durazno Horneable (Balde 5 Kg.)",2023-09,9
15,PASMEHO05,"Mermelada Durazno Horneable (Balde 5 Kg.)",2023-10,13
15,PASMEHO05,"Mermelada Durazno Horneable (Balde 5 Kg.)",2023-11,9
15,PASMEHO05,"Mermelada Durazno Horneable (Balde 5 Kg.)",2023-12,6
15,PASMEHO05,"Mermelada Durazno Horneable (Balde 5 Kg.)",2024-01,3
15,PASMEHO05,"Mermelada Durazno Horneable (Balde 5 Kg.)",2024-02,5
15,PASMEHO05,"Mermelada Durazno Horneable (Balde 5 Kg.)",2024-03,10
15,PASMEHO05,"Mermelada Durazno Horneable (Balde 5 Kg.)",2024-04,13
15,PASMEHO05,"Mermelada Durazno Horneable (Balde 5 Kg.)",2024-05,3
15,PASMEHO05,"Mermelada Durazno Horneable (Balde 5 Kg.)",2024-06,7
15,PASMEHO05,"Mermelada Durazno Horneable (Balde 5 Kg.)",2024-07,13
15,PASMEHO05,"Mermelada Durazno Horneable (Balde 5 Kg.)",2024-08,8
15,PASMEHO05,"Mermelada Durazno Horneable (Balde 5 Kg.)",2024-09,5
15,PASMEHO05,"Mermelada Durazno Horneable (Balde 5 Kg.)",2024-10,4
15,PASMEHO05,"Mermelada Durazno Horneable (Balde 5 Kg.)",2024-11,7
15,PASMEHO05,"Mermelada Durazno Horneable (Balde 5 Kg.)",2024-12,4
15,PASMEHO05,"Mermelada Durazno Horneable (Balde 5 Kg.)",2025-02,6
15,PASMEHO05,"Mermelada Durazno Horneable (Balde 5 Kg.)",2025-03,5
15,PASMEHO05,"Mermelada Durazno Horneable (Balde 5 Kg.)",2025-04,16
15,PASMEHO05,"Mermelada Durazno Horneable (Balde 5 Kg.)",2025-06,3
15,PASMEHO05,"Mermelada Durazno Horneable (Balde 5 Kg.)",2025-07,12
15,PASMEHO05,"Mermelada Durazno Horneable (Balde 5 Kg.)",2025-08,9
15,PASMEHO05,"Mermelada Durazno Horneable (Balde 5 Kg.)",2025-09,4
15,PASMEHO05,"Mermelada Durazno Horneable (Balde 5 Kg.)",2025-10,3
15,PASMEHO05,"Mermelada Durazno Horneable (Balde 5 Kg.)",2025-11,2
15,PASMEHO05,"Mermelada Durazno Horneable (Balde 5 Kg.)",2025-12,4
15,PASMEHO05,"Mermelada Durazno Horneable (Balde 5 Kg.)",2026-03,3
15,PASMEHO05,"Mermelada Durazno Horneable (Balde 5 Kg.)",2026-04,2
15,PASMEHO05,"Mermelada Durazno Horneable (Balde 5 Kg.)",2026-05,3
15,PASMEHO05,"Mermelada Durazno Horneable (Balde 5 Kg.)",2026-06,1
15,PASMEHO06,"Mermelada Frambuesa Horneable (Balde 5 Kg.)",2022-05,10
15,PASMEHO06,"Mermelada Frambuesa Horneable (Balde 5 Kg.)",2022-06,10
15,PASMEHO06,"Mermelada Frambuesa Horneable (Balde 5 Kg.)",2022-07,3
15,PASMEHO06,"Mermelada Frambuesa Horneable (Balde 5 Kg.)",2022-08,20
15,PASMEHO06,"Mermelada Frambuesa Horneable (Balde 5 Kg.)",2022-09,26
15,PASMEHO06,"Mermelada Frambuesa Horneable (Balde 5 Kg.)",2022-10,26
15,PASMEHO06,"Mermelada Frambuesa Horneable (Balde 5 Kg.)",2022-11,31
15,PASMEHO06,"Mermelada Frambuesa Horneable (Balde 5 Kg.)",2022-12,13
15,PASMEHO06,"Mermelada Frambuesa Horneable (Balde 5 Kg.)",2023-01,14
15,PASMEHO06,"Mermelada Frambuesa Horneable (Balde 5 Kg.)",2023-03,45
15,PASMEHO06,"Mermelada Frambuesa Horneable (Balde 5 Kg.)",2023-04,9
15,PASMEHO06,"Mermelada Frambuesa Horneable (Balde 5 Kg.)",2023-05,19
15,PASMEHO06,"Mermelada Frambuesa Horneable (Balde 5 Kg.)",2023-06,32
15,PASMEHO06,"Mermelada Frambuesa Horneable (Balde 5 Kg.)",2023-07,31
15,PASMEHO06,"Mermelada Frambuesa Horneable (Balde 5 Kg.)",2023-08,41
15,PASMEHO06,"Mermelada Frambuesa Horneable (Balde 5 Kg.)",2023-09,22
15,PASMEHO06,"Mermelada Frambuesa Horneable (Balde 5 Kg.)",2023-10,27
15,PASMEHO06,"Mermelada Frambuesa Horneable (Balde 5 Kg.)",2023-11,26
15,PASMEHO06,"Mermelada Frambuesa Horneable (Balde 5 Kg.)",2023-12,14
15,PASMEHO06,"Mermelada Frambuesa Horneable (Balde 5 Kg.)",2024-01,27
15,PASMEHO06,"Mermelada Frambuesa Horneable (Balde 5 Kg.)",2024-02,22
15,PASMEHO06,"Mermelada Frambuesa Horneable (Balde 5 Kg.)",2024-03,31
15,PASMEHO06,"Mermelada Frambuesa Horneable (Balde 5 Kg.)",2024-04,37
15,PASMEHO06,"Mermelada Frambuesa Horneable (Balde 5 Kg.)",2024-05,32
15,PASMEHO06,"Mermelada Frambuesa Horneable (Balde 5 Kg.)",2024-06,1
15,PASMEHO06,"Mermelada Frambuesa Horneable (Balde 5 Kg.)",2024-07,45
15,PASMEHO06,"Mermelada Frambuesa Horneable (Balde 5 Kg.)",2024-08,34
15,PASMEHO06,"Mermelada Frambuesa Horneable (Balde 5 Kg.)",2024-09,11
15,PASMEHO06,"Mermelada Frambuesa Horneable (Balde 5 Kg.)",2024-10,43
15,PASMEHO06,"Mermelada Frambuesa Horneable (Balde 5 Kg.)",2024-11,23
15,PASMEHO06,"Mermelada Frambuesa Horneable (Balde 5 Kg.)",2024-12,13
15,PASMEHO06,"Mermelada Frambuesa Horneable (Balde 5 Kg.)",2025-01,27
15,PASMEHO06,"Mermelada Frambuesa Horneable (Balde 5 Kg.)",2025-02,26
15,PASMEHO06,"Mermelada Frambuesa Horneable (Balde 5 Kg.)",2025-03,22
15,PASMEHO06,"Mermelada Frambuesa Horneable (Balde 5 Kg.)",2025-04,15
15,PASMEHO06,"Mermelada Frambuesa Horneable (Balde 5 Kg.)",2025-05,16
15,PASMEHO06,"Mermelada Frambuesa Horneable (Balde 5 Kg.)",2025-06,16
15,PASMEHO06,"Mermelada Frambuesa Horneable (Balde 5 Kg.)",2025-07,26
15,PASMEHO06,"Mermelada Frambuesa Horneable (Balde 5 Kg.)",2025-08,20
15,PASMEHO06,"Mermelada Frambuesa Horneable (Balde 5 Kg.)",2025-09,25
15,PASMEHO06,"Mermelada Frambuesa Horneable (Balde 5 Kg.)",2025-10,9
15,PASMEHO06,"Mermelada Frambuesa Horneable (Balde 5 Kg.)",2025-11,19
15,PASMEHO06,"Mermelada Frambuesa Horneable (Balde 5 Kg.)",2025-12,23
15,PASMEHO06,"Mermelada Frambuesa Horneable (Balde 5 Kg.)",2026-01,1
15,PASMEHO06,"Mermelada Frambuesa Horneable (Balde 5 Kg.)",2026-02,16
15,PASMEHO06,"Mermelada Frambuesa Horneable (Balde 5 Kg.)",2026-03,17
15,PASMEHO06,"Mermelada Frambuesa Horneable (Balde 5 Kg.)",2026-04,19
15,PASMEHO06,"Mermelada Frambuesa Horneable (Balde 5 Kg.)",2026-05,23
15,PASMEHO06,"Mermelada Frambuesa Horneable (Balde 5 Kg.)",2026-06,28
15,PASMEHO07,"Mermelada Frutilla Horneable (Balde 5 Kg.)",2022-05,5
15,PASMEHO07,"Mermelada Frutilla Horneable (Balde 5 Kg.)",2022-06,20
15,PASMEHO07,"Mermelada Frutilla Horneable (Balde 5 Kg.)",2022-07,15
15,PASMEHO07,"Mermelada Frutilla Horneable (Balde 5 Kg.)",2022-08,11
15,PASMEHO07,"Mermelada Frutilla Horneable (Balde 5 Kg.)",2022-12,12
15,PASMEHO07,"Mermelada Frutilla Horneable (Balde 5 Kg.)",2023-01,16
15,PASMEHO07,"Mermelada Frutilla Horneable (Balde 5 Kg.)",2023-02,16
15,PASMEHO07,"Mermelada Frutilla Horneable (Balde 5 Kg.)",2023-03,9
15,PASMEHO07,"Mermelada Frutilla Horneable (Balde 5 Kg.)",2023-04,15
15,PASMEHO07,"Mermelada Frutilla Horneable (Balde 5 Kg.)",2023-05,16
15,PASMEHO07,"Mermelada Frutilla Horneable (Balde 5 Kg.)",2023-06,18
15,PASMEHO07,"Mermelada Frutilla Horneable (Balde 5 Kg.)",2023-07,25
15,PASMEHO07,"Mermelada Frutilla Horneable (Balde 5 Kg.)",2023-08,19
15,PASMEHO07,"Mermelada Frutilla Horneable (Balde 5 Kg.)",2023-09,3
15,PASMEHO07,"Mermelada Frutilla Horneable (Balde 5 Kg.)",2023-10,8
15,PASMEHO07,"Mermelada Frutilla Horneable (Balde 5 Kg.)",2023-11,22
15,PASMEHO07,"Mermelada Frutilla Horneable (Balde 5 Kg.)",2023-12,8
15,PASMEHO07,"Mermelada Frutilla Horneable (Balde 5 Kg.)",2024-01,21
15,PASMEHO07,"Mermelada Frutilla Horneable (Balde 5 Kg.)",2024-02,12
15,PASMEHO07,"Mermelada Frutilla Horneable (Balde 5 Kg.)",2024-03,22
15,PASMEHO07,"Mermelada Frutilla Horneable (Balde 5 Kg.)",2024-04,23
15,PASMEHO07,"Mermelada Frutilla Horneable (Balde 5 Kg.)",2024-05,22
15,PASMEHO07,"Mermelada Frutilla Horneable (Balde 5 Kg.)",2024-06,14
15,PASMEHO07,"Mermelada Frutilla Horneable (Balde 5 Kg.)",2024-08,11
15,PASMEHO07,"Mermelada Frutilla Horneable (Balde 5 Kg.)",2024-09,9
15,PASMEHO07,"Mermelada Frutilla Horneable (Balde 5 Kg.)",2024-10,15
15,PASMEHO07,"Mermelada Frutilla Horneable (Balde 5 Kg.)",2024-11,10
15,PASMEHO07,"Mermelada Frutilla Horneable (Balde 5 Kg.)",2024-12,8
15,PASMEHO07,"Mermelada Frutilla Horneable (Balde 5 Kg.)",2025-01,10
15,PASMEHO07,"Mermelada Frutilla Horneable (Balde 5 Kg.)",2025-02,10
15,PASMEHO07,"Mermelada Frutilla Horneable (Balde 5 Kg.)",2025-03,13
15,PASMEHO07,"Mermelada Frutilla Horneable (Balde 5 Kg.)",2025-04,18
15,PASMEHO07,"Mermelada Frutilla Horneable (Balde 5 Kg.)",2025-05,11
15,PASMEHO07,"Mermelada Frutilla Horneable (Balde 5 Kg.)",2025-06,7
15,PASMEHO07,"Mermelada Frutilla Horneable (Balde 5 Kg.)",2025-07,13
15,PASMEHO07,"Mermelada Frutilla Horneable (Balde 5 Kg.)",2025-08,17
15,PASMEHO07,"Mermelada Frutilla Horneable (Balde 5 Kg.)",2025-09,8
15,PASMEHO07,"Mermelada Frutilla Horneable (Balde 5 Kg.)",2025-10,7
15,PASMEHO07,"Mermelada Frutilla Horneable (Balde 5 Kg.)",2025-11,12
15,PASMEHO07,"Mermelada Frutilla Horneable (Balde 5 Kg.)",2025-12,18
15,PASMEHO07,"Mermelada Frutilla Horneable (Balde 5 Kg.)",2026-01,5
15,PASMEHO07,"Mermelada Frutilla Horneable (Balde 5 Kg.)",2026-02,4
15,PASMEHO07,"Mermelada Frutilla Horneable (Balde 5 Kg.)",2026-03,10
15,PASMEHO07,"Mermelada Frutilla Horneable (Balde 5 Kg.)",2026-04,17
15,PASMEHO07,"Mermelada Frutilla Horneable (Balde 5 Kg.)",2026-05,6
15,PASMEHO07,"Mermelada Frutilla Horneable (Balde 5 Kg.)",2026-06,12
15,PASMEHO08,"Mermelada Manzana Horneable (Balde 5 Kg.)",2022-05,35
15,PASMEHO08,"Mermelada Manzana Horneable (Balde 5 Kg.)",2022-06,28
15,PASMEHO08,"Mermelada Manzana Horneable (Balde 5 Kg.)",2022-07,31
15,PASMEHO08,"Mermelada Manzana Horneable (Balde 5 Kg.)",2022-08,7
15,PASMEHO08,"Mermelada Manzana Horneable (Balde 5 Kg.)",2022-10,1
15,PASMEHO08,"Mermelada Manzana Horneable (Balde 5 Kg.)",2022-11,28
15,PASMEHO08,"Mermelada Manzana Horneable (Balde 5 Kg.)",2022-12,22
15,PASMEHO08,"Mermelada Manzana Horneable (Balde 5 Kg.)",2023-02,36
15,PASMEHO08,"Mermelada Manzana Horneable (Balde 5 Kg.)",2023-03,27
15,PASMEHO08,"Mermelada Manzana Horneable (Balde 5 Kg.)",2023-04,5
15,PASMEHO08,"Mermelada Manzana Horneable (Balde 5 Kg.)",2023-05,30
15,PASMEHO08,"Mermelada Manzana Horneable (Balde 5 Kg.)",2023-06,16
15,PASMEHO08,"Mermelada Manzana Horneable (Balde 5 Kg.)",2023-07,6
15,PASMEHO08,"Mermelada Manzana Horneable (Balde 5 Kg.)",2023-08,8
15,PASMEHO08,"Mermelada Manzana Horneable (Balde 5 Kg.)",2023-09,1
15,PASMEHO08,"Mermelada Manzana Horneable (Balde 5 Kg.)",2023-10,7
15,PASMEHO08,"Mermelada Manzana Horneable (Balde 5 Kg.)",2023-11,7
15,PASMEHO08,"Mermelada Manzana Horneable (Balde 5 Kg.)",2023-12,7
15,PASMEHO08,"Mermelada Manzana Horneable (Balde 5 Kg.)",2024-01,3
15,PASMEHO08,"Mermelada Manzana Horneable (Balde 5 Kg.)",2024-02,7
15,PASMEHO08,"Mermelada Manzana Horneable (Balde 5 Kg.)",2024-03,6
15,PASMEHO08,"Mermelada Manzana Horneable (Balde 5 Kg.)",2024-04,15
15,PASMEHO08,"Mermelada Manzana Horneable (Balde 5 Kg.)",2024-05,5
15,PASMEHO08,"Mermelada Manzana Horneable (Balde 5 Kg.)",2024-06,21
15,PASMEHO08,"Mermelada Manzana Horneable (Balde 5 Kg.)",2024-07,13
15,PASMEHO08,"Mermelada Manzana Horneable (Balde 5 Kg.)",2024-08,14
15,PASMEHO08,"Mermelada Manzana Horneable (Balde 5 Kg.)",2024-09,2
15,PASMEHO08,"Mermelada Manzana Horneable (Balde 5 Kg.)",2024-10,2
15,PASMEHO08,"Mermelada Manzana Horneable (Balde 5 Kg.)",2024-11,5
15,PASMEHO08,"Mermelada Manzana Horneable (Balde 5 Kg.)",2025-01,2
15,PASMEHO08,"Mermelada Manzana Horneable (Balde 5 Kg.)",2025-02,8
15,PASMEHO08,"Mermelada Manzana Horneable (Balde 5 Kg.)",2025-03,1
15,PASMEHO08,"Mermelada Manzana Horneable (Balde 5 Kg.)",2025-04,3
15,PASMEHO08,"Mermelada Manzana Horneable (Balde 5 Kg.)",2025-05,15
15,PASMEHO08,"Mermelada Manzana Horneable (Balde 5 Kg.)",2025-06,17
15,PASMEHO08,"Mermelada Manzana Horneable (Balde 5 Kg.)",2025-07,5
15,PASMEHO08,"Mermelada Manzana Horneable (Balde 5 Kg.)",2025-08,4
15,PASMEHO08,"Mermelada Manzana Horneable (Balde 5 Kg.)",2025-09,1
15,PASMEHO08,"Mermelada Manzana Horneable (Balde 5 Kg.)",2025-10,2
15,PASMEHO08,"Mermelada Manzana Horneable (Balde 5 Kg.)",2025-11,7
15,PASMEHO08,"Mermelada Manzana Horneable (Balde 5 Kg.)",2025-12,4
15,PASMEHO08,"Mermelada Manzana Horneable (Balde 5 Kg.)",2026-01,3
15,PASMEHO08,"Mermelada Manzana Horneable (Balde 5 Kg.)",2026-02,1
15,PASMEHO08,"Mermelada Manzana Horneable (Balde 5 Kg.)",2026-04,3
15,PASMEHO08,"Mermelada Manzana Horneable (Balde 5 Kg.)",2026-05,3
15,PASMEHO09,"Mermelada Membrillo Horneable (Cuñete 10 Kg.)",2022-05,75
15,PASMEHO09,"Mermelada Membrillo Horneable (Cuñete 10 Kg.)",2022-06,67
15,PASMEHO09,"Mermelada Membrillo Horneable (Cuñete 10 Kg.)",2022-07,71
15,PASMEHO09,"Mermelada Membrillo Horneable (Cuñete 10 Kg.)",2022-08,96
15,PASMEHO09,"Mermelada Membrillo Horneable (Cuñete 10 Kg.)",2022-09,45
15,PASMEHO09,"Mermelada Membrillo Horneable (Cuñete 10 Kg.)",2022-10,43
15,PASMEHO09,"Mermelada Membrillo Horneable (Cuñete 10 Kg.)",2022-11,99
15,PASMEHO09,"Mermelada Membrillo Horneable (Cuñete 10 Kg.)",2022-12,47
15,PASMEHO09,"Mermelada Membrillo Horneable (Cuñete 10 Kg.)",2023-01,53
15,PASMEHO09,"Mermelada Membrillo Horneable (Cuñete 10 Kg.)",2023-02,59
15,PASMEHO09,"Mermelada Membrillo Horneable (Cuñete 10 Kg.)",2023-03,68
15,PASMEHO09,"Mermelada Membrillo Horneable (Cuñete 10 Kg.)",2023-04,73
15,PASMEHO09,"Mermelada Membrillo Horneable (Cuñete 10 Kg.)",2023-05,53
15,PASMEHO09,"Mermelada Membrillo Horneable (Cuñete 10 Kg.)",2023-06,61
15,PASMEHO09,"Mermelada Membrillo Horneable (Cuñete 10 Kg.)",2023-07,50
15,PASMEHO09,"Mermelada Membrillo Horneable (Cuñete 10 Kg.)",2023-08,57
15,PASMEHO09,"Mermelada Membrillo Horneable (Cuñete 10 Kg.)",2023-09,19
15,PASMEHO09,"Mermelada Membrillo Horneable (Cuñete 10 Kg.)",2023-10,54
15,PASMEHO09,"Mermelada Membrillo Horneable (Cuñete 10 Kg.)",2023-11,75
15,PASMEHO09,"Mermelada Membrillo Horneable (Cuñete 10 Kg.)",2023-12,61
15,PASMEHO09,"Mermelada Membrillo Horneable (Cuñete 10 Kg.)",2024-01,40
15,PASMEHO09,"Mermelada Membrillo Horneable (Cuñete 10 Kg.)",2024-02,52
15,PASMEHO09,"Mermelada Membrillo Horneable (Cuñete 10 Kg.)",2024-03,54
15,PASMEHO09,"Mermelada Membrillo Horneable (Cuñete 10 Kg.)",2024-04,63
15,PASMEHO09,"Mermelada Membrillo Horneable (Cuñete 10 Kg.)",2024-05,77
15,PASMEHO09,"Mermelada Membrillo Horneable (Cuñete 10 Kg.)",2024-06,52
15,PASMEHO09,"Mermelada Membrillo Horneable (Cuñete 10 Kg.)",2024-07,63
15,PASMEHO09,"Mermelada Membrillo Horneable (Cuñete 10 Kg.)",2024-08,40
15,PASMEHO09,"Mermelada Membrillo Horneable (Cuñete 10 Kg.)",2024-09,56
15,PASMEHO09,"Mermelada Membrillo Horneable (Cuñete 10 Kg.)",2024-10,44
15,PASMEHO09,"Mermelada Membrillo Horneable (Cuñete 10 Kg.)",2024-11,28
15,PASMEHO09,"Mermelada Membrillo Horneable (Cuñete 10 Kg.)",2024-12,46
15,PASMEHO09,"Mermelada Membrillo Horneable (Cuñete 10 Kg.)",2025-01,38
15,PASMEHO09,"Mermelada Membrillo Horneable (Cuñete 10 Kg.)",2025-02,23
15,PASMEHO09,"Mermelada Membrillo Horneable (Cuñete 10 Kg.)",2025-03,31
15,PASMEHO09,"Mermelada Membrillo Horneable (Cuñete 10 Kg.)",2025-04,35
15,PASMEHO09,"Mermelada Membrillo Horneable (Cuñete 10 Kg.)",2025-05,27
15,PASMEHO09,"Mermelada Membrillo Horneable (Cuñete 10 Kg.)",2025-06,14
15,PASMEHO09,"Mermelada Membrillo Horneable (Cuñete 10 Kg.)",2025-07,32
15,PASMEHO09,"Mermelada Membrillo Horneable (Cuñete 10 Kg.)",2025-08,27
15,PASMEHO09,"Mermelada Membrillo Horneable (Cuñete 10 Kg.)",2025-09,16
15,PASMEHO09,"Mermelada Membrillo Horneable (Cuñete 10 Kg.)",2025-10,24
15,PASMEHO09,"Mermelada Membrillo Horneable (Cuñete 10 Kg.)",2025-11,30
15,PASMEHO09,"Mermelada Membrillo Horneable (Cuñete 10 Kg.)",2025-12,47
15,PASMEHO09,"Mermelada Membrillo Horneable (Cuñete 10 Kg.)",2026-01,24
15,PASMEHO09,"Mermelada Membrillo Horneable (Cuñete 10 Kg.)",2026-02,38
15,PASMEHO09,"Mermelada Membrillo Horneable (Cuñete 10 Kg.)",2026-03,33
15,PASMEHO09,"Mermelada Membrillo Horneable (Cuñete 10 Kg.)",2026-04,44
15,PASMEHO09,"Mermelada Membrillo Horneable (Cuñete 10 Kg.)",2026-05,23
15,PASMEHO09,"Mermelada Membrillo Horneable (Cuñete 10 Kg.)",2026-06,57
15,PASMEHO10,"Mermelada Naranja Horneable (Balde 5 Kg.)",2022-05,9
15,PASMEHO10,"Mermelada Naranja Horneable (Balde 5 Kg.)",2022-06,3
15,PASMEHO10,"Mermelada Naranja Horneable (Balde 5 Kg.)",2022-07,13
15,PASMEHO10,"Mermelada Naranja Horneable (Balde 5 Kg.)",2022-08,20
15,PASMEHO10,"Mermelada Naranja Horneable (Balde 5 Kg.)",2022-09,4
15,PASMEHO10,"Mermelada Naranja Horneable (Balde 5 Kg.)",2022-10,7
15,PASMEHO10,"Mermelada Naranja Horneable (Balde 5 Kg.)",2022-11,10
15,PASMEHO10,"Mermelada Naranja Horneable (Balde 5 Kg.)",2022-12,4
15,PASMEHO10,"Mermelada Naranja Horneable (Balde 5 Kg.)",2023-01,3
15,PASMEHO10,"Mermelada Naranja Horneable (Balde 5 Kg.)",2023-03,16
15,PASMEHO10,"Mermelada Naranja Horneable (Balde 5 Kg.)",2023-04,11
15,PASMEHO10,"Mermelada Naranja Horneable (Balde 5 Kg.)",2023-06,15
15,PASMEHO10,"Mermelada Naranja Horneable (Balde 5 Kg.)",2023-07,16
15,PASMEHO10,"Mermelada Naranja Horneable (Balde 5 Kg.)",2023-08,13
15,PASMEHO10,"Mermelada Naranja Horneable (Balde 5 Kg.)",2023-09,46
15,PASMEHO10,"Mermelada Naranja Horneable (Balde 5 Kg.)",2023-10,20
15,PASMEHO10,"Mermelada Naranja Horneable (Balde 5 Kg.)",2023-11,-16
15,PASMEHO10,"Mermelada Naranja Horneable (Balde 5 Kg.)",2023-12,8
15,PASMEHO10,"Mermelada Naranja Horneable (Balde 5 Kg.)",2024-01,6
15,PASMEHO10,"Mermelada Naranja Horneable (Balde 5 Kg.)",2024-02,17
15,PASMEHO10,"Mermelada Naranja Horneable (Balde 5 Kg.)",2024-03,8
15,PASMEHO10,"Mermelada Naranja Horneable (Balde 5 Kg.)",2024-04,16
15,PASMEHO10,"Mermelada Naranja Horneable (Balde 5 Kg.)",2024-05,3
15,PASMEHO10,"Mermelada Naranja Horneable (Balde 5 Kg.)",2024-06,6
15,PASMEHO10,"Mermelada Naranja Horneable (Balde 5 Kg.)",2024-07,20
15,PASMEHO10,"Mermelada Naranja Horneable (Balde 5 Kg.)",2024-08,10
15,PASMEHO10,"Mermelada Naranja Horneable (Balde 5 Kg.)",2024-09,2
15,PASMEHO10,"Mermelada Naranja Horneable (Balde 5 Kg.)",2024-10,4
15,PASMEHO10,"Mermelada Naranja Horneable (Balde 5 Kg.)",2024-11,4
15,PASMEHO10,"Mermelada Naranja Horneable (Balde 5 Kg.)",2024-12,3
15,PASMEHO10,"Mermelada Naranja Horneable (Balde 5 Kg.)",2025-01,5
15,PASMEHO10,"Mermelada Naranja Horneable (Balde 5 Kg.)",2025-02,3
15,PASMEHO10,"Mermelada Naranja Horneable (Balde 5 Kg.)",2025-03,3
15,PASMEHO10,"Mermelada Naranja Horneable (Balde 5 Kg.)",2025-04,16
15,PASMEHO10,"Mermelada Naranja Horneable (Balde 5 Kg.)",2025-05,5
15,PASMEHO10,"Mermelada Naranja Horneable (Balde 5 Kg.)",2025-06,3
15,PASMEHO10,"Mermelada Naranja Horneable (Balde 5 Kg.)",2025-07,6
15,PASMEHO10,"Mermelada Naranja Horneable (Balde 5 Kg.)",2025-08,4
15,PASMEHO10,"Mermelada Naranja Horneable (Balde 5 Kg.)",2025-09,4
15,PASMEHO10,"Mermelada Naranja Horneable (Balde 5 Kg.)",2025-10,3
15,PASMEHO10,"Mermelada Naranja Horneable (Balde 5 Kg.)",2025-12,5
15,PASMEHO10,"Mermelada Naranja Horneable (Balde 5 Kg.)",2026-02,5
15,PASMEHO10,"Mermelada Naranja Horneable (Balde 5 Kg.)",2026-04,30
15,PASMEMG01,"Mermelada Damasco Mangas (Caja 7 Kg.)",2022-05,1
15,PASMEMG01,"Mermelada Damasco Mangas (Caja 7 Kg.)",2022-08,6
15,PASMEMG01,"Mermelada Damasco Mangas (Caja 7 Kg.)",2023-03,1
15,PASMEMG09,"Mermelada Frutos del Bosque Mangas (Caja 7 Kg.)",2022-05,1
15,PASMERP02,"Mermelada Damasco Repostera (Cuñete 5 Kg.)",2022-05,20
15,PASMERP02,"Mermelada Damasco Repostera (Cuñete 5 Kg.)",2022-06,4
15,PASMERP02,"Mermelada Damasco Repostera (Cuñete 5 Kg.)",2022-07,12
15,PASMERP02,"Mermelada Damasco Repostera (Cuñete 5 Kg.)",2022-08,18
15,PASMERP02,"Mermelada Damasco Repostera (Cuñete 5 Kg.)",2022-09,13
15,PASMERP02,"Mermelada Damasco Repostera (Cuñete 5 Kg.)",2022-10,101
15,PASMERP02,"Mermelada Damasco Repostera (Cuñete 5 Kg.)",2022-11,238
15,PASMERP02,"Mermelada Damasco Repostera (Cuñete 5 Kg.)",2022-12,196
15,PASMERP02,"Mermelada Damasco Repostera (Cuñete 5 Kg.)",2023-01,211
15,PASMERP02,"Mermelada Damasco Repostera (Cuñete 5 Kg.)",2023-02,210
15,PASMERP02,"Mermelada Damasco Repostera (Cuñete 5 Kg.)",2023-03,281
15,PASMERP02,"Mermelada Damasco Repostera (Cuñete 5 Kg.)",2023-04,194
15,PASMERP02,"Mermelada Damasco Repostera (Cuñete 5 Kg.)",2023-05,400
15,PASMERP02,"Mermelada Damasco Repostera (Cuñete 5 Kg.)",2023-06,402
15,PASMERP02,"Mermelada Damasco Repostera (Cuñete 5 Kg.)",2023-07,198
15,PASMERP02,"Mermelada Damasco Repostera (Cuñete 5 Kg.)",2023-08,500
15,PASMERP02,"Mermelada Damasco Repostera (Cuñete 5 Kg.)",2023-09,200
15,PASMERP02,"Mermelada Damasco Repostera (Cuñete 5 Kg.)",2023-10,414
15,PASMERP02,"Mermelada Damasco Repostera (Cuñete 5 Kg.)",2023-11,311
15,PASMERP02,"Mermelada Damasco Repostera (Cuñete 5 Kg.)",2023-12,302
15,PASMERP02,"Mermelada Damasco Repostera (Cuñete 5 Kg.)",2024-01,273
15,PASMERP02,"Mermelada Damasco Repostera (Cuñete 5 Kg.)",2024-02,202
15,PASMERP02,"Mermelada Damasco Repostera (Cuñete 5 Kg.)",2024-03,175
15,PASMERP02,"Mermelada Damasco Repostera (Cuñete 5 Kg.)",2024-04,208
15,PASMERP02,"Mermelada Damasco Repostera (Cuñete 5 Kg.)",2024-05,524
15,PASMERP02,"Mermelada Damasco Repostera (Cuñete 5 Kg.)",2024-06,25
15,PASMERP02,"Mermelada Damasco Repostera (Cuñete 5 Kg.)",2024-07,212
15,PASMERP02,"Mermelada Damasco Repostera (Cuñete 5 Kg.)",2024-08,203
15,PASMERP02,"Mermelada Damasco Repostera (Cuñete 5 Kg.)",2024-09,301
15,PASMERP02,"Mermelada Damasco Repostera (Cuñete 5 Kg.)",2024-10,321
15,PASMERP02,"Mermelada Damasco Repostera (Cuñete 5 Kg.)",2024-11,302
15,PASMERP02,"Mermelada Damasco Repostera (Cuñete 5 Kg.)",2024-12,204
15,PASMERP02,"Mermelada Damasco Repostera (Cuñete 5 Kg.)",2025-01,201
15,PASMERP02,"Mermelada Damasco Repostera (Cuñete 5 Kg.)",2025-02,420
15,PASMERP02,"Mermelada Damasco Repostera (Cuñete 5 Kg.)",2025-03,142
15,PASMERP02,"Mermelada Damasco Repostera (Cuñete 5 Kg.)",2025-04,463
15,PASMERP02,"Mermelada Damasco Repostera (Cuñete 5 Kg.)",2025-05,404
15,PASMERP02,"Mermelada Damasco Repostera (Cuñete 5 Kg.)",2025-06,403
15,PASMERP02,"Mermelada Damasco Repostera (Cuñete 5 Kg.)",2025-07,430
15,PASMERP02,"Mermelada Damasco Repostera (Cuñete 5 Kg.)",2025-08,204
15,PASMERP02,"Mermelada Damasco Repostera (Cuñete 5 Kg.)",2025-09,415
15,PASMERP02,"Mermelada Damasco Repostera (Cuñete 5 Kg.)",2025-10,304
15,PASMERP02,"Mermelada Damasco Repostera (Cuñete 5 Kg.)",2025-11,175
15,PASMERP02,"Mermelada Damasco Repostera (Cuñete 5 Kg.)",2025-12,194
15,PASMERP02,"Mermelada Damasco Repostera (Cuñete 5 Kg.)",2026-01,114
15,PASMERP02,"Mermelada Damasco Repostera (Cuñete 5 Kg.)",2026-02,241
15,PASMERP02,"Mermelada Damasco Repostera (Cuñete 5 Kg.)",2026-03,183
15,PASMERP02,"Mermelada Damasco Repostera (Cuñete 5 Kg.)",2026-04,324
15,PASMERP02,"Mermelada Damasco Repostera (Cuñete 5 Kg.)",2026-05,170
15,PASMERP02,"Mermelada Damasco Repostera (Cuñete 5 Kg.)",2026-06,246
15,PASMERP03,"Mermelada Durazno Repostera (Cuñete 5 Kg.)",2022-05,24
15,PASMERP03,"Mermelada Durazno Repostera (Cuñete 5 Kg.)",2022-06,14
15,PASMERP03,"Mermelada Durazno Repostera (Cuñete 5 Kg.)",2022-07,10
15,PASMERP03,"Mermelada Durazno Repostera (Cuñete 5 Kg.)",2022-08,15
15,PASMERP03,"Mermelada Durazno Repostera (Cuñete 5 Kg.)",2022-09,22
15,PASMERP03,"Mermelada Durazno Repostera (Cuñete 5 Kg.)",2022-10,30
15,PASMERP03,"Mermelada Durazno Repostera (Cuñete 5 Kg.)",2022-11,11
15,PASMERP03,"Mermelada Durazno Repostera (Cuñete 5 Kg.)",2022-12,8
15,PASMERP03,"Mermelada Durazno Repostera (Cuñete 5 Kg.)",2023-01,7
15,PASMERP03,"Mermelada Durazno Repostera (Cuñete 5 Kg.)",2023-02,18
15,PASMERP03,"Mermelada Durazno Repostera (Cuñete 5 Kg.)",2023-03,29
15,PASMERP03,"Mermelada Durazno Repostera (Cuñete 5 Kg.)",2023-04,28
15,PASMERP03,"Mermelada Durazno Repostera (Cuñete 5 Kg.)",2023-05,10
15,PASMERP03,"Mermelada Durazno Repostera (Cuñete 5 Kg.)",2023-06,5
15,PASMERP03,"Mermelada Durazno Repostera (Cuñete 5 Kg.)",2023-07,17
15,PASMERP03,"Mermelada Durazno Repostera (Cuñete 5 Kg.)",2023-08,7
15,PASMERP03,"Mermelada Durazno Repostera (Cuñete 5 Kg.)",2023-09,11
15,PASMERP03,"Mermelada Durazno Repostera (Cuñete 5 Kg.)",2023-10,5
15,PASMERP03,"Mermelada Durazno Repostera (Cuñete 5 Kg.)",2023-11,10
15,PASMERP03,"Mermelada Durazno Repostera (Cuñete 5 Kg.)",2023-12,3
15,PASMERP03,"Mermelada Durazno Repostera (Cuñete 5 Kg.)",2024-01,7
15,PASMERP03,"Mermelada Durazno Repostera (Cuñete 5 Kg.)",2024-02,3
15,PASMERP03,"Mermelada Durazno Repostera (Cuñete 5 Kg.)",2024-03,6
15,PASMERP03,"Mermelada Durazno Repostera (Cuñete 5 Kg.)",2024-04,3
15,PASMERP03,"Mermelada Durazno Repostera (Cuñete 5 Kg.)",2024-05,8
15,PASMERP03,"Mermelada Durazno Repostera (Cuñete 5 Kg.)",2024-06,4
15,PASMERP03,"Mermelada Durazno Repostera (Cuñete 5 Kg.)",2024-07,11
15,PASMERP03,"Mermelada Durazno Repostera (Cuñete 5 Kg.)",2024-08,17
15,PASMERP03,"Mermelada Durazno Repostera (Cuñete 5 Kg.)",2024-09,4
15,PASMERP03,"Mermelada Durazno Repostera (Cuñete 5 Kg.)",2024-10,9
15,PASMERP03,"Mermelada Durazno Repostera (Cuñete 5 Kg.)",2024-11,1
15,PASMERP03,"Mermelada Durazno Repostera (Cuñete 5 Kg.)",2024-12,6
15,PASMERP03,"Mermelada Durazno Repostera (Cuñete 5 Kg.)",2025-01,5
15,PASMERP03,"Mermelada Durazno Repostera (Cuñete 5 Kg.)",2025-02,14
15,PASMERP03,"Mermelada Durazno Repostera (Cuñete 5 Kg.)",2025-03,13
15,PASMERP03,"Mermelada Durazno Repostera (Cuñete 5 Kg.)",2025-04,12
15,PASMERP03,"Mermelada Durazno Repostera (Cuñete 5 Kg.)",2025-05,11
15,PASMERP03,"Mermelada Durazno Repostera (Cuñete 5 Kg.)",2025-06,7
15,PASMERP03,"Mermelada Durazno Repostera (Cuñete 5 Kg.)",2025-07,14
15,PASMERP03,"Mermelada Durazno Repostera (Cuñete 5 Kg.)",2025-08,15
15,PASMERP03,"Mermelada Durazno Repostera (Cuñete 5 Kg.)",2025-09,2
15,PASMERP03,"Mermelada Durazno Repostera (Cuñete 5 Kg.)",2025-10,4
15,PASMERP03,"Mermelada Durazno Repostera (Cuñete 5 Kg.)",2025-11,9
15,PASMERP03,"Mermelada Durazno Repostera (Cuñete 5 Kg.)",2025-12,9
15,PASMERP03,"Mermelada Durazno Repostera (Cuñete 5 Kg.)",2026-01,2
15,PASMERP03,"Mermelada Durazno Repostera (Cuñete 5 Kg.)",2026-02,7
15,PASMERP03,"Mermelada Durazno Repostera (Cuñete 5 Kg.)",2026-03,13
15,PASMERP03,"Mermelada Durazno Repostera (Cuñete 5 Kg.)",2026-04,9
15,PASMERP03,"Mermelada Durazno Repostera (Cuñete 5 Kg.)",2026-05,18
15,PASMERP03,"Mermelada Durazno Repostera (Cuñete 5 Kg.)",2026-06,8
15,PASMERP04,"Mermelada Frambuesa Repostera (Cuñete 5 Kg.)",2022-05,50
15,PASMERP04,"Mermelada Frambuesa Repostera (Cuñete 5 Kg.)",2022-06,17
15,PASMERP04,"Mermelada Frambuesa Repostera (Cuñete 5 Kg.)",2022-07,34
15,PASMERP04,"Mermelada Frambuesa Repostera (Cuñete 5 Kg.)",2022-08,30
15,PASMERP04,"Mermelada Frambuesa Repostera (Cuñete 5 Kg.)",2022-09,39
15,PASMERP04,"Mermelada Frambuesa Repostera (Cuñete 5 Kg.)",2022-10,2
15,PASMERP04,"Mermelada Frambuesa Repostera (Cuñete 5 Kg.)",2022-11,72
15,PASMERP04,"Mermelada Frambuesa Repostera (Cuñete 5 Kg.)",2022-12,7
15,PASMERP04,"Mermelada Frambuesa Repostera (Cuñete 5 Kg.)",2023-01,9
15,PASMERP04,"Mermelada Frambuesa Repostera (Cuñete 5 Kg.)",2023-02,5
15,PASMERP04,"Mermelada Frambuesa Repostera (Cuñete 5 Kg.)",2023-03,42
15,PASMERP04,"Mermelada Frambuesa Repostera (Cuñete 5 Kg.)",2023-04,44
15,PASMERP04,"Mermelada Frambuesa Repostera (Cuñete 5 Kg.)",2023-05,28
15,PASMERP04,"Mermelada Frambuesa Repostera (Cuñete 5 Kg.)",2023-06,19
15,PASMERP04,"Mermelada Frambuesa Repostera (Cuñete 5 Kg.)",2023-07,34
15,PASMERP04,"Mermelada Frambuesa Repostera (Cuñete 5 Kg.)",2023-08,18
15,PASMERP04,"Mermelada Frambuesa Repostera (Cuñete 5 Kg.)",2023-09,18
15,PASMERP04,"Mermelada Frambuesa Repostera (Cuñete 5 Kg.)",2023-10,24
15,PASMERP04,"Mermelada Frambuesa Repostera (Cuñete 5 Kg.)",2023-11,30
15,PASMERP04,"Mermelada Frambuesa Repostera (Cuñete 5 Kg.)",2023-12,25
15,PASMERP04,"Mermelada Frambuesa Repostera (Cuñete 5 Kg.)",2024-01,5
15,PASMERP04,"Mermelada Frambuesa Repostera (Cuñete 5 Kg.)",2024-02,16
15,PASMERP04,"Mermelada Frambuesa Repostera (Cuñete 5 Kg.)",2024-03,27
15,PASMERP04,"Mermelada Frambuesa Repostera (Cuñete 5 Kg.)",2024-04,43
15,PASMERP04,"Mermelada Frambuesa Repostera (Cuñete 5 Kg.)",2024-05,35
15,PASMERP04,"Mermelada Frambuesa Repostera (Cuñete 5 Kg.)",2024-06,25
15,PASMERP04,"Mermelada Frambuesa Repostera (Cuñete 5 Kg.)",2024-07,36
15,PASMERP04,"Mermelada Frambuesa Repostera (Cuñete 5 Kg.)",2024-08,23
15,PASMERP04,"Mermelada Frambuesa Repostera (Cuñete 5 Kg.)",2024-10,47
15,PASMERP04,"Mermelada Frambuesa Repostera (Cuñete 5 Kg.)",2024-11,19
15,PASMERP04,"Mermelada Frambuesa Repostera (Cuñete 5 Kg.)",2024-12,25
15,PASMERP04,"Mermelada Frambuesa Repostera (Cuñete 5 Kg.)",2025-01,29
15,PASMERP04,"Mermelada Frambuesa Repostera (Cuñete 5 Kg.)",2025-02,34
15,PASMERP04,"Mermelada Frambuesa Repostera (Cuñete 5 Kg.)",2025-03,33
15,PASMERP04,"Mermelada Frambuesa Repostera (Cuñete 5 Kg.)",2025-04,41
15,PASMERP04,"Mermelada Frambuesa Repostera (Cuñete 5 Kg.)",2025-05,54
15,PASMERP04,"Mermelada Frambuesa Repostera (Cuñete 5 Kg.)",2025-06,30
15,PASMERP04,"Mermelada Frambuesa Repostera (Cuñete 5 Kg.)",2025-07,35
15,PASMERP04,"Mermelada Frambuesa Repostera (Cuñete 5 Kg.)",2025-08,24
15,PASMERP04,"Mermelada Frambuesa Repostera (Cuñete 5 Kg.)",2025-09,43
15,PASMERP04,"Mermelada Frambuesa Repostera (Cuñete 5 Kg.)",2025-10,27
15,PASMERP04,"Mermelada Frambuesa Repostera (Cuñete 5 Kg.)",2025-11,39
15,PASMERP04,"Mermelada Frambuesa Repostera (Cuñete 5 Kg.)",2025-12,50
15,PASMERP04,"Mermelada Frambuesa Repostera (Cuñete 5 Kg.)",2026-01,39
15,PASMERP04,"Mermelada Frambuesa Repostera (Cuñete 5 Kg.)",2026-02,18
15,PASMERP04,"Mermelada Frambuesa Repostera (Cuñete 5 Kg.)",2026-03,38
15,PASMERP04,"Mermelada Frambuesa Repostera (Cuñete 5 Kg.)",2026-04,51
15,PASMERP04,"Mermelada Frambuesa Repostera (Cuñete 5 Kg.)",2026-05,27
15,PASMERP04,"Mermelada Frambuesa Repostera (Cuñete 5 Kg.)",2026-06,27
15,PASMERP05,"Mermelada Frutilla Repostera (Cuñete 5 Kg.)",2022-05,20
15,PASMERP05,"Mermelada Frutilla Repostera (Cuñete 5 Kg.)",2022-06,4
15,PASMERP05,"Mermelada Frutilla Repostera (Cuñete 5 Kg.)",2022-07,7
15,PASMERP05,"Mermelada Frutilla Repostera (Cuñete 5 Kg.)",2022-09,10
15,PASMERP05,"Mermelada Frutilla Repostera (Cuñete 5 Kg.)",2022-10,8
15,PASMERP05,"Mermelada Frutilla Repostera (Cuñete 5 Kg.)",2022-11,15
15,PASMERP05,"Mermelada Frutilla Repostera (Cuñete 5 Kg.)",2023-01,9
15,PASMERP05,"Mermelada Frutilla Repostera (Cuñete 5 Kg.)",2023-02,12
15,PASMERP05,"Mermelada Frutilla Repostera (Cuñete 5 Kg.)",2023-03,6
15,PASMERP05,"Mermelada Frutilla Repostera (Cuñete 5 Kg.)",2023-04,10
15,PASMERP05,"Mermelada Frutilla Repostera (Cuñete 5 Kg.)",2023-05,16
15,PASMERP05,"Mermelada Frutilla Repostera (Cuñete 5 Kg.)",2023-06,3
15,PASMERP05,"Mermelada Frutilla Repostera (Cuñete 5 Kg.)",2023-07,12
15,PASMERP05,"Mermelada Frutilla Repostera (Cuñete 5 Kg.)",2023-08,13
15,PASMERP05,"Mermelada Frutilla Repostera (Cuñete 5 Kg.)",2023-09,2
15,PASMERP05,"Mermelada Frutilla Repostera (Cuñete 5 Kg.)",2023-10,11
15,PASMERP05,"Mermelada Frutilla Repostera (Cuñete 5 Kg.)",2023-11,7
15,PASMERP05,"Mermelada Frutilla Repostera (Cuñete 5 Kg.)",2023-12,13
15,PASMERP05,"Mermelada Frutilla Repostera (Cuñete 5 Kg.)",2024-01,3
15,PASMERP05,"Mermelada Frutilla Repostera (Cuñete 5 Kg.)",2024-02,1
15,PASMERP05,"Mermelada Frutilla Repostera (Cuñete 5 Kg.)",2024-03,6
15,PASMERP05,"Mermelada Frutilla Repostera (Cuñete 5 Kg.)",2024-04,7
15,PASMERP05,"Mermelada Frutilla Repostera (Cuñete 5 Kg.)",2024-05,10
15,PASMERP05,"Mermelada Frutilla Repostera (Cuñete 5 Kg.)",2024-06,10
15,PASMERP05,"Mermelada Frutilla Repostera (Cuñete 5 Kg.)",2024-07,12
15,PASMERP05,"Mermelada Frutilla Repostera (Cuñete 5 Kg.)",2024-08,4
15,PASMERP05,"Mermelada Frutilla Repostera (Cuñete 5 Kg.)",2024-09,4
15,PASMERP05,"Mermelada Frutilla Repostera (Cuñete 5 Kg.)",2024-10,12
15,PASMERP05,"Mermelada Frutilla Repostera (Cuñete 5 Kg.)",2024-11,6
15,PASMERP05,"Mermelada Frutilla Repostera (Cuñete 5 Kg.)",2024-12,4
15,PASMERP05,"Mermelada Frutilla Repostera (Cuñete 5 Kg.)",2025-02,13
15,PASMERP05,"Mermelada Frutilla Repostera (Cuñete 5 Kg.)",2025-03,10
15,PASMERP05,"Mermelada Frutilla Repostera (Cuñete 5 Kg.)",2025-04,14
15,PASMERP05,"Mermelada Frutilla Repostera (Cuñete 5 Kg.)",2025-05,12
15,PASMERP05,"Mermelada Frutilla Repostera (Cuñete 5 Kg.)",2025-06,3
15,PASMERP05,"Mermelada Frutilla Repostera (Cuñete 5 Kg.)",2025-07,5
15,PASMERP05,"Mermelada Frutilla Repostera (Cuñete 5 Kg.)",2025-08,8
15,PASMERP05,"Mermelada Frutilla Repostera (Cuñete 5 Kg.)",2025-09,8
15,PASMERP05,"Mermelada Frutilla Repostera (Cuñete 5 Kg.)",2025-10,3
15,PASMERP05,"Mermelada Frutilla Repostera (Cuñete 5 Kg.)",2025-11,14
15,PASMERP05,"Mermelada Frutilla Repostera (Cuñete 5 Kg.)",2025-12,6
15,PASMERP05,"Mermelada Frutilla Repostera (Cuñete 5 Kg.)",2026-01,17
15,PASMERP05,"Mermelada Frutilla Repostera (Cuñete 5 Kg.)",2026-02,11
15,PASMERP05,"Mermelada Frutilla Repostera (Cuñete 5 Kg.)",2026-03,7
15,PASMERP05,"Mermelada Frutilla Repostera (Cuñete 5 Kg.)",2026-04,14
15,PASMERP05,"Mermelada Frutilla Repostera (Cuñete 5 Kg.)",2026-05,2
15,PASMERP05,"Mermelada Frutilla Repostera (Cuñete 5 Kg.)",2026-06,5
15,PASMERP06,"Mermelada Naranja Repostera (Cuñete 5 Kg.)",2022-05,1
15,PASMERP06,"Mermelada Naranja Repostera (Cuñete 5 Kg.)",2022-08,1
15,PASMERP06,"Mermelada Naranja Repostera (Cuñete 5 Kg.)",2022-09,1
15,PASMERP06,"Mermelada Naranja Repostera (Cuñete 5 Kg.)",2022-11,1
15,PASMERP06,"Mermelada Naranja Repostera (Cuñete 5 Kg.)",2023-01,6
15,PASMERP06,"Mermelada Naranja Repostera (Cuñete 5 Kg.)",2023-02,1
15,PASMERP06,"Mermelada Naranja Repostera (Cuñete 5 Kg.)",2023-04,6
15,PASMERP06,"Mermelada Naranja Repostera (Cuñete 5 Kg.)",2023-08,1
15,PASMERP06,"Mermelada Naranja Repostera (Cuñete 5 Kg.)",2023-09,4
15,PASMERP06,"Mermelada Naranja Repostera (Cuñete 5 Kg.)",2023-10,4
15,PASMERP06,"Mermelada Naranja Repostera (Cuñete 5 Kg.)",2024-03,1
15,PASMERP06,"Mermelada Naranja Repostera (Cuñete 5 Kg.)",2024-09,1
15,PASMERP06,"Mermelada Naranja Repostera (Cuñete 5 Kg.)",2025-02,1
15,PASMERP06,"Mermelada Naranja Repostera (Cuñete 5 Kg.)",2025-04,1
15,PASMERP06,"Mermelada Naranja Repostera (Cuñete 5 Kg.)",2025-05,1
15,PASMERP06,"Mermelada Naranja Repostera (Cuñete 5 Kg.)",2025-06,2
15,PASMERP06,"Mermelada Naranja Repostera (Cuñete 5 Kg.)",2025-09,0
15,PASMEHO11,"Mermelada Naranja Horneable (Balde 13 Kg.)",2022-06,25
15,PASMEHO11,"Mermelada Naranja Horneable (Balde 13 Kg.)",2022-07,11
15,PASMEHO11,"Mermelada Naranja Horneable (Balde 13 Kg.)",2022-08,35
15,PASMEHO11,"Mermelada Naranja Horneable (Balde 13 Kg.)",2022-09,400
15,PASMEHO11,"Mermelada Naranja Horneable (Balde 13 Kg.)",2022-10,456
15,PASMEHO11,"Mermelada Naranja Horneable (Balde 13 Kg.)",2022-11,45
15,PASMEHO11,"Mermelada Naranja Horneable (Balde 13 Kg.)",2023-09,2
15,PASMEHO11,"Mermelada Naranja Horneable (Balde 13 Kg.)",2023-10,429
15,PASMEHO11,"Mermelada Naranja Horneable (Balde 13 Kg.)",2023-11,364
15,PASMEHO11,"Mermelada Naranja Horneable (Balde 13 Kg.)",2023-12,150
15,PASMEHO11,"Mermelada Naranja Horneable (Balde 13 Kg.)",2024-04,76
15,PASMEHO11,"Mermelada Naranja Horneable (Balde 13 Kg.)",2024-05,2
15,PASMEHO11,"Mermelada Naranja Horneable (Balde 13 Kg.)",2024-06,-1
15,PASMEHO11,"Mermelada Naranja Horneable (Balde 13 Kg.)",2024-08,132
15,PASMEMG05,"Mermelada Durazno Mangas (Caja 7 Kg.)",2022-06,1
15,PASMEMG05,"Mermelada Durazno Mangas (Caja 7 Kg.)",2022-08,5
15,PASMEMG05,"Mermelada Durazno Mangas (Caja 7 Kg.)",2022-10,6
15,PASMEMG05,"Mermelada Durazno Mangas (Caja 7 Kg.)",2023-03,8
15,PASMEMG07,"Mermelada Frambuesa Mangas (Caja 7 Kg.)",2022-06,1
15,PASMEMG07,"Mermelada Frambuesa Mangas (Caja 7 Kg.)",2022-08,6
15,PASMEMG08,"Mermelada Naranja Mangas (Caja 7 Kg.)",2022-06,1
15,PASMEMG08,"Mermelada Naranja Mangas (Caja 7 Kg.)",2022-07,1
15,PASMEMG08,"Mermelada Naranja Mangas (Caja 7 Kg.)",2022-10,7
15,PASMEMG08,"Mermelada Naranja Mangas (Caja 7 Kg.)",2023-03,11
15,PASMEMG10,"Mermelada Zarzamora Mangas (Caja 7 Kg.)",2022-06,1
15,PASMEMG10,"Mermelada Zarzamora Mangas (Caja 7 Kg.)",2022-08,3
15,PASMEMG11,"Mermelada Maracuyá Mangas (Caja 7 Kg.)",2022-06,1
15,PASMEMG11,"Mermelada Maracuyá Mangas (Caja 7 Kg.)",2022-08,3
15,PASMEMG11,"Mermelada Maracuyá Mangas (Caja 7 Kg.)",2023-03,8
15,PASMEMG02,"Mermelada Manzana Mangas (Caja 7 Kg.)",2022-07,1
15,PASMEMG02,"Mermelada Manzana Mangas (Caja 7 Kg.)",2022-08,6
15,PASMEMG02,"Mermelada Manzana Mangas (Caja 7 Kg.)",2022-10,5
15,PASMEMG02,"Mermelada Manzana Mangas (Caja 7 Kg.)",2023-03,7
15,PASMEMG03,"Mermelada Piña Mangas (Caja 7 Kg.)",2022-08,13
15,PASMEMG03,"Mermelada Piña Mangas (Caja 7 Kg.)",2022-09,-3
15,PASMEHO04,"Mermelada Damasco Horneable (Balde 5 Kg.)",2022-10,6
15,PASMEHO04,"Mermelada Damasco Horneable (Balde 5 Kg.)",2022-11,4
15,PASMEHO04,"Mermelada Damasco Horneable (Balde 5 Kg.)",2022-12,6
15,PASMEHO04,"Mermelada Damasco Horneable (Balde 5 Kg.)",2023-01,2
15,PASMEHO04,"Mermelada Damasco Horneable (Balde 5 Kg.)",2023-02,13
15,PASMEHO04,"Mermelada Damasco Horneable (Balde 5 Kg.)",2023-03,3
15,PASMEHO04,"Mermelada Damasco Horneable (Balde 5 Kg.)",2023-04,6
15,PASMEHO04,"Mermelada Damasco Horneable (Balde 5 Kg.)",2023-05,21
15,PASMEHO04,"Mermelada Damasco Horneable (Balde 5 Kg.)",2023-06,6
15,PASMEHO04,"Mermelada Damasco Horneable (Balde 5 Kg.)",2023-07,11
15,PASMEHO04,"Mermelada Damasco Horneable (Balde 5 Kg.)",2023-08,6
15,PASMEHO04,"Mermelada Damasco Horneable (Balde 5 Kg.)",2023-09,4
15,PASMEHO04,"Mermelada Damasco Horneable (Balde 5 Kg.)",2023-10,7
15,PASMEHO04,"Mermelada Damasco Horneable (Balde 5 Kg.)",2023-11,2
15,PASMEHO04,"Mermelada Damasco Horneable (Balde 5 Kg.)",2023-12,5
15,PASMEHO04,"Mermelada Damasco Horneable (Balde 5 Kg.)",2024-01,1
15,PASMEHO04,"Mermelada Damasco Horneable (Balde 5 Kg.)",2024-02,3
15,PASMEHO04,"Mermelada Damasco Horneable (Balde 5 Kg.)",2024-03,3
15,PASMEHO04,"Mermelada Damasco Horneable (Balde 5 Kg.)",2024-04,7
15,PASMEHO04,"Mermelada Damasco Horneable (Balde 5 Kg.)",2024-05,3
15,PASMEHO04,"Mermelada Damasco Horneable (Balde 5 Kg.)",2024-08,3
15,PASMEHO04,"Mermelada Damasco Horneable (Balde 5 Kg.)",2024-09,7
15,PASMEHO04,"Mermelada Damasco Horneable (Balde 5 Kg.)",2024-10,5
15,PASMEHO04,"Mermelada Damasco Horneable (Balde 5 Kg.)",2024-11,5
15,PASMEHO04,"Mermelada Damasco Horneable (Balde 5 Kg.)",2025-03,3
15,PASMEHO04,"Mermelada Damasco Horneable (Balde 5 Kg.)",2025-04,8
15,PASMEHO04,"Mermelada Damasco Horneable (Balde 5 Kg.)",2025-06,5
15,PASMEHO04,"Mermelada Damasco Horneable (Balde 5 Kg.)",2025-07,10
15,PASMEHO04,"Mermelada Damasco Horneable (Balde 5 Kg.)",2025-09,1
15,PASMEHO04,"Mermelada Damasco Horneable (Balde 5 Kg.)",2025-11,4
15,PASMEHO04,"Mermelada Damasco Horneable (Balde 5 Kg.)",2025-12,12
15,PASMEHO04,"Mermelada Damasco Horneable (Balde 5 Kg.)",2026-01,5
15,PASMEHO04,"Mermelada Damasco Horneable (Balde 5 Kg.)",2026-02,10
15,PASMEHO04,"Mermelada Damasco Horneable (Balde 5 Kg.)",2026-04,3
15,PASMEHO13,"Mermelada de Naranja (Cuñete 10 Kg.)",2024-08,240
15,PASMEHO13,"Mermelada de Naranja (Cuñete 10 Kg.)",2024-09,720
15,PASMEHO13,"Mermelada de Naranja (Cuñete 10 Kg.)",2024-10,400
15,PASMEHO13,"Mermelada de Naranja (Cuñete 10 Kg.)",2024-11,540
15,PASMEHO13,"Mermelada de Naranja (Cuñete 10 Kg.)",2025-03,120
15,PASMEHO13,"Mermelada de Naranja (Cuñete 10 Kg.)",2025-04,10
15,PASMEHO13,"Mermelada de Naranja (Cuñete 10 Kg.)",2025-06,70
15,PASMEHO13,"Mermelada de Naranja (Cuñete 10 Kg.)",2025-08,210
15,PASMEHO13,"Mermelada de Naranja (Cuñete 10 Kg.)",2025-09,790
15,PASMEHO13,"Mermelada de Naranja (Cuñete 10 Kg.)",2025-10,1511
15,PASMEHO13,"Mermelada de Naranja (Cuñete 10 Kg.)",2025-12,409
15,PASMEHO12,"Mermelada de Damasco (Cuñete 10 Kg.)",2024-09,1092
15,PASMEHO12,"Mermelada de Damasco (Cuñete 10 Kg.)",2024-10,900
15,PASMEHO12,"Mermelada de Damasco (Cuñete 10 Kg.)",2024-11,60
15,PASMEHO12,"Mermelada de Damasco (Cuñete 10 Kg.)",2024-12,120
15,PASMEHO12,"Mermelada de Damasco (Cuñete 10 Kg.)",2025-01,60
15,PASMEHO12,"Mermelada de Damasco (Cuñete 10 Kg.)",2025-02,60
15,PASMEHO12,"Mermelada de Damasco (Cuñete 10 Kg.)",2025-03,120
15,PASMEHO12,"Mermelada de Damasco (Cuñete 10 Kg.)",2025-04,40
15,PASMEHO12,"Mermelada de Damasco (Cuñete 10 Kg.)",2025-05,80
15,PASMEHO12,"Mermelada de Damasco (Cuñete 10 Kg.)",2025-06,60
15,PASMEHO12,"Mermelada de Damasco (Cuñete 10 Kg.)",2025-07,40
15,PASMEHO12,"Mermelada de Damasco (Cuñete 10 Kg.)",2025-09,60
15,PASMEHO12,"Mermelada de Damasco (Cuñete 10 Kg.)",2025-10,110
15,PASMEHO12,"Mermelada de Damasco (Cuñete 10 Kg.)",2025-11,60
15,PASMEHO12,"Mermelada de Damasco (Cuñete 10 Kg.)",2025-12,61
16,PASNUVA01,"Concentrado Vainilla en Polvo (Saco 22,68 Kg.)",2022-05,34
16,PASNUVA01,"Concentrado Vainilla en Polvo (Saco 22,68 Kg.)",2022-06,80
16,PASNUVA01,"Concentrado Vainilla en Polvo (Saco 22,68 Kg.)",2022-08,140
16,PASNUVA01,"Concentrado Vainilla en Polvo (Saco 22,68 Kg.)",2022-09,25
16,PASNUVA01,"Concentrado Vainilla en Polvo (Saco 22,68 Kg.)",2022-10,140
16,PASNUVA01,"Concentrado Vainilla en Polvo (Saco 22,68 Kg.)",2022-11,150
16,PASNUVA01,"Concentrado Vainilla en Polvo (Saco 22,68 Kg.)",2022-12,130
16,PASNUVA01,"Concentrado Vainilla en Polvo (Saco 22,68 Kg.)",2023-01,134
16,PASNUVA01,"Concentrado Vainilla en Polvo (Saco 22,68 Kg.)",2023-02,25
16,PASNUVA01,"Concentrado Vainilla en Polvo (Saco 22,68 Kg.)",2023-03,160
16,PASNUVA01,"Concentrado Vainilla en Polvo (Saco 22,68 Kg.)",2023-05,190
16,PASNUVA01,"Concentrado Vainilla en Polvo (Saco 22,68 Kg.)",2023-06,18
16,PASNUVA01,"Concentrado Vainilla en Polvo (Saco 22,68 Kg.)",2023-07,185
16,PASNUVA01,"Concentrado Vainilla en Polvo (Saco 22,68 Kg.)",2023-08,229
16,PASNUVA01,"Concentrado Vainilla en Polvo (Saco 22,68 Kg.)",2023-09,95
16,PASNUVA01,"Concentrado Vainilla en Polvo (Saco 22,68 Kg.)",2023-10,258
16,PASNUVA01,"Concentrado Vainilla en Polvo (Saco 22,68 Kg.)",2023-11,260
16,PASNUVA01,"Concentrado Vainilla en Polvo (Saco 22,68 Kg.)",2023-12,517
16,PASNUVA01,"Concentrado Vainilla en Polvo (Saco 22,68 Kg.)",2024-01,15
16,PASNUVA01,"Concentrado Vainilla en Polvo (Saco 22,68 Kg.)",2024-02,441
16,PASNUVA01,"Concentrado Vainilla en Polvo (Saco 22,68 Kg.)",2024-03,10
16,PASNUVA01,"Concentrado Vainilla en Polvo (Saco 22,68 Kg.)",2024-04,420
16,PASNUVA01,"Concentrado Vainilla en Polvo (Saco 22,68 Kg.)",2024-05,451
16,PASNUVA01,"Concentrado Vainilla en Polvo (Saco 22,68 Kg.)",2024-06,732
16,PASNUVA01,"Concentrado Vainilla en Polvo (Saco 22,68 Kg.)",2024-07,270
16,PASNUVA01,"Concentrado Vainilla en Polvo (Saco 22,68 Kg.)",2024-08,201
16,PASNUVA01,"Concentrado Vainilla en Polvo (Saco 22,68 Kg.)",2024-09,360
16,PASNUVA01,"Concentrado Vainilla en Polvo (Saco 22,68 Kg.)",2024-10,161
16,PASNUVA01,"Concentrado Vainilla en Polvo (Saco 22,68 Kg.)",2024-11,240
16,PASNUVA01,"Concentrado Vainilla en Polvo (Saco 22,68 Kg.)",2024-12,228
16,PASNUVA01,"Concentrado Vainilla en Polvo (Saco 22,68 Kg.)",2025-01,20
16,PASNUVA01,"Concentrado Vainilla en Polvo (Saco 22,68 Kg.)",2025-02,340
16,PASNUVA01,"Concentrado Vainilla en Polvo (Saco 22,68 Kg.)",2025-03,30
16,PASNUVA01,"Concentrado Vainilla en Polvo (Saco 22,68 Kg.)",2025-04,20
16,PASNUVA01,"Concentrado Vainilla en Polvo (Saco 22,68 Kg.)",2025-05,30
16,PASNUVA01,"Concentrado Vainilla en Polvo (Saco 22,68 Kg.)",2025-06,30
16,PASNUVA01,"Concentrado Vainilla en Polvo (Saco 22,68 Kg.)",2025-07,20
16,PASNUVA01,"Concentrado Vainilla en Polvo (Saco 22,68 Kg.)",2025-08,20
16,PASNUVA01,"Concentrado Vainilla en Polvo (Saco 22,68 Kg.)",2025-09,15
16,PASNUVA01,"Concentrado Vainilla en Polvo (Saco 22,68 Kg.)",2025-10,20
16,PASNUVA01,"Concentrado Vainilla en Polvo (Saco 22,68 Kg.)",2025-11,40
16,PASNUVA01,"Concentrado Vainilla en Polvo (Saco 22,68 Kg.)",2025-12,157
16,PASNUVA01,"Concentrado Vainilla en Polvo (Saco 22,68 Kg.)",2026-05,44
16,PASPMBR02,"Brownie Mix (Saco 22,68 Kg.)",2022-05,10
16,PASPMBR02,"Brownie Mix (Saco 22,68 Kg.)",2022-06,9
16,PASPMBR02,"Brownie Mix (Saco 22,68 Kg.)",2022-07,13
16,PASPMBR02,"Brownie Mix (Saco 22,68 Kg.)",2022-08,24
16,PASPMBR02,"Brownie Mix (Saco 22,68 Kg.)",2022-09,11
16,PASPMBR02,"Brownie Mix (Saco 22,68 Kg.)",2022-10,21
16,PASPMBR02,"Brownie Mix (Saco 22,68 Kg.)",2022-11,19
16,PASPMCH02,"Creme Cake Chocolate Manar (Saco 20 Kg.)",2022-05,110
16,PASPMCH02,"Creme Cake Chocolate Manar (Saco 20 Kg.)",2022-06,122
16,PASPMCH02,"Creme Cake Chocolate Manar (Saco 20 Kg.)",2022-07,60
16,PASPMCH02,"Creme Cake Chocolate Manar (Saco 20 Kg.)",2022-08,47
16,PASPMCH02,"Creme Cake Chocolate Manar (Saco 20 Kg.)",2022-09,22
16,PASPMCH02,"Creme Cake Chocolate Manar (Saco 20 Kg.)",2022-10,10
16,PASPMCH02,"Creme Cake Chocolate Manar (Saco 20 Kg.)",2022-11,14
16,PASPMCH02,"Creme Cake Chocolate Manar (Saco 20 Kg.)",2022-12,21
16,PASPMCH02,"Creme Cake Chocolate Manar (Saco 20 Kg.)",2023-01,61
16,PASPMCH02,"Creme Cake Chocolate Manar (Saco 20 Kg.)",2023-02,43
16,PASPMCH02,"Creme Cake Chocolate Manar (Saco 20 Kg.)",2023-03,125
16,PASPMCH02,"Creme Cake Chocolate Manar (Saco 20 Kg.)",2023-04,74
16,PASPMCH02,"Creme Cake Chocolate Manar (Saco 20 Kg.)",2023-05,121
16,PASPMCH02,"Creme Cake Chocolate Manar (Saco 20 Kg.)",2023-06,58
16,PASPMCH02,"Creme Cake Chocolate Manar (Saco 20 Kg.)",2023-07,101
16,PASPMCH02,"Creme Cake Chocolate Manar (Saco 20 Kg.)",2023-08,99
16,PASPMCH02,"Creme Cake Chocolate Manar (Saco 20 Kg.)",2023-09,70
16,PASPMCH02,"Creme Cake Chocolate Manar (Saco 20 Kg.)",2023-10,78
16,PASPMCH02,"Creme Cake Chocolate Manar (Saco 20 Kg.)",2023-11,77
16,PASPMCH02,"Creme Cake Chocolate Manar (Saco 20 Kg.)",2023-12,46
16,PASPMCH02,"Creme Cake Chocolate Manar (Saco 20 Kg.)",2024-01,71
16,PASPMCH02,"Creme Cake Chocolate Manar (Saco 20 Kg.)",2024-02,63
16,PASPMCH02,"Creme Cake Chocolate Manar (Saco 20 Kg.)",2024-03,31
16,PASPMCH02,"Creme Cake Chocolate Manar (Saco 20 Kg.)",2024-04,63
16,PASPMCH02,"Creme Cake Chocolate Manar (Saco 20 Kg.)",2024-05,66
16,PASPMCH02,"Creme Cake Chocolate Manar (Saco 20 Kg.)",2024-06,40
16,PASPMCH02,"Creme Cake Chocolate Manar (Saco 20 Kg.)",2024-07,52
16,PASPMCH02,"Creme Cake Chocolate Manar (Saco 20 Kg.)",2024-08,62
16,PASPMCH02,"Creme Cake Chocolate Manar (Saco 20 Kg.)",2024-09,33
16,PASPMCH02,"Creme Cake Chocolate Manar (Saco 20 Kg.)",2024-10,53
16,PASPMCH02,"Creme Cake Chocolate Manar (Saco 20 Kg.)",2024-11,42
16,PASPMCH02,"Creme Cake Chocolate Manar (Saco 20 Kg.)",2024-12,29
16,PASPMCH02,"Creme Cake Chocolate Manar (Saco 20 Kg.)",2025-01,29
16,PASPMCH02,"Creme Cake Chocolate Manar (Saco 20 Kg.)",2025-02,31
16,PASPMCH02,"Creme Cake Chocolate Manar (Saco 20 Kg.)",2025-03,43
16,PASPMCH02,"Creme Cake Chocolate Manar (Saco 20 Kg.)",2025-04,113
16,PASPMCH02,"Creme Cake Chocolate Manar (Saco 20 Kg.)",2025-05,34
16,PASPMCH02,"Creme Cake Chocolate Manar (Saco 20 Kg.)",2025-06,85
16,PASPMCH02,"Creme Cake Chocolate Manar (Saco 20 Kg.)",2025-07,96
16,PASPMCH02,"Creme Cake Chocolate Manar (Saco 20 Kg.)",2025-08,89
16,PASPMCH02,"Creme Cake Chocolate Manar (Saco 20 Kg.)",2025-09,84
16,PASPMCH02,"Creme Cake Chocolate Manar (Saco 20 Kg.)",2025-10,97
16,PASPMCH02,"Creme Cake Chocolate Manar (Saco 20 Kg.)",2025-11,65
16,PASPMCH02,"Creme Cake Chocolate Manar (Saco 20 Kg.)",2025-12,57
16,PASPMCH02,"Creme Cake Chocolate Manar (Saco 20 Kg.)",2026-01,48
16,PASPMCH02,"Creme Cake Chocolate Manar (Saco 20 Kg.)",2026-02,53
16,PASPMCH02,"Creme Cake Chocolate Manar (Saco 20 Kg.)",2026-03,68
16,PASPMCH02,"Creme Cake Chocolate Manar (Saco 20 Kg.)",2026-04,140
16,PASPMCH02,"Creme Cake Chocolate Manar (Saco 20 Kg.)",2026-05,58
16,PASPMCH02,"Creme Cake Chocolate Manar (Saco 20 Kg.)",2026-06,76
16,PASPMDT01,"Premezcla Donas Yeast (Saco 22,68 Kg.)",2022-05,53
16,PASPMDT01,"Premezcla Donas Yeast (Saco 22,68 Kg.)",2022-06,33
16,PASPMDT01,"Premezcla Donas Yeast (Saco 22,68 Kg.)",2022-07,10
16,PASPMDT01,"Premezcla Donas Yeast (Saco 22,68 Kg.)",2022-08,33
16,PASPMDT01,"Premezcla Donas Yeast (Saco 22,68 Kg.)",2022-09,24
16,PASPMDT01,"Premezcla Donas Yeast (Saco 22,68 Kg.)",2022-10,26
16,PASPMDT01,"Premezcla Donas Yeast (Saco 22,68 Kg.)",2022-11,17
16,PASPMDT01,"Premezcla Donas Yeast (Saco 22,68 Kg.)",2022-12,20
16,PASPMDT01,"Premezcla Donas Yeast (Saco 22,68 Kg.)",2023-01,14
16,PASPMDT01,"Premezcla Donas Yeast (Saco 22,68 Kg.)",2023-02,2
16,PASPMDT01,"Premezcla Donas Yeast (Saco 22,68 Kg.)",2023-03,26
16,PASPMDT01,"Premezcla Donas Yeast (Saco 22,68 Kg.)",2023-04,-7
16,PASPMRV02,"Red Velvet Creme Cake (Saco 22,68 Kg.)",2022-05,-3
16,PASPMRV02,"Red Velvet Creme Cake (Saco 22,68 Kg.)",2022-06,6
16,PASPMRV02,"Red Velvet Creme Cake (Saco 22,68 Kg.)",2022-07,12
16,PASPMRV02,"Red Velvet Creme Cake (Saco 22,68 Kg.)",2022-08,5
16,PASPMRV02,"Red Velvet Creme Cake (Saco 22,68 Kg.)",2022-09,11
16,PASPMRV02,"Red Velvet Creme Cake (Saco 22,68 Kg.)",2022-10,6
16,PASPMRV02,"Red Velvet Creme Cake (Saco 22,68 Kg.)",2022-11,10
16,PASPMRV02,"Red Velvet Creme Cake (Saco 22,68 Kg.)",2022-12,8
16,PASPMRV02,"Red Velvet Creme Cake (Saco 22,68 Kg.)",2023-01,8
16,PASPMRV02,"Red Velvet Creme Cake (Saco 22,68 Kg.)",2023-02,5
16,PASPMRV02,"Red Velvet Creme Cake (Saco 22,68 Kg.)",2023-03,10
16,PASPMRV02,"Red Velvet Creme Cake (Saco 22,68 Kg.)",2023-04,5
16,PASPMRV02,"Red Velvet Creme Cake (Saco 22,68 Kg.)",2023-05,4
16,PASPMRV02,"Red Velvet Creme Cake (Saco 22,68 Kg.)",2023-07,1
16,PASPMVA02,"Creme Cake Vainilla Manar (Saco 20 Kg.)",2022-05,534
16,PASPMVA02,"Creme Cake Vainilla Manar (Saco 20 Kg.)",2022-06,160
16,PASPMVA02,"Creme Cake Vainilla Manar (Saco 20 Kg.)",2022-07,88
16,PASPMVA02,"Creme Cake Vainilla Manar (Saco 20 Kg.)",2022-08,128
16,PASPMVA02,"Creme Cake Vainilla Manar (Saco 20 Kg.)",2022-09,186
16,PASPMVA02,"Creme Cake Vainilla Manar (Saco 20 Kg.)",2022-10,264
16,PASPMVA02,"Creme Cake Vainilla Manar (Saco 20 Kg.)",2022-11,137
16,PASPMVA02,"Creme Cake Vainilla Manar (Saco 20 Kg.)",2022-12,99
16,PASPMVA02,"Creme Cake Vainilla Manar (Saco 20 Kg.)",2023-01,132
16,PASPMVA02,"Creme Cake Vainilla Manar (Saco 20 Kg.)",2023-02,257
16,PASPMVA02,"Creme Cake Vainilla Manar (Saco 20 Kg.)",2023-03,291
16,PASPMVA02,"Creme Cake Vainilla Manar (Saco 20 Kg.)",2023-04,359
16,PASPMVA02,"Creme Cake Vainilla Manar (Saco 20 Kg.)",2023-05,432
16,PASPMVA02,"Creme Cake Vainilla Manar (Saco 20 Kg.)",2023-06,175
16,PASPMVA02,"Creme Cake Vainilla Manar (Saco 20 Kg.)",2023-07,148
16,PASPMVA02,"Creme Cake Vainilla Manar (Saco 20 Kg.)",2023-08,106
16,PASPMVA02,"Creme Cake Vainilla Manar (Saco 20 Kg.)",2023-09,75
16,PASPMVA02,"Creme Cake Vainilla Manar (Saco 20 Kg.)",2023-10,63
16,PASPMVA02,"Creme Cake Vainilla Manar (Saco 20 Kg.)",2023-11,60
16,PASPMVA02,"Creme Cake Vainilla Manar (Saco 20 Kg.)",2023-12,54
16,PASPMVA02,"Creme Cake Vainilla Manar (Saco 20 Kg.)",2024-01,74
16,PASPMVA02,"Creme Cake Vainilla Manar (Saco 20 Kg.)",2024-02,48
16,PASPMVA02,"Creme Cake Vainilla Manar (Saco 20 Kg.)",2024-03,56
16,PASPMVA02,"Creme Cake Vainilla Manar (Saco 20 Kg.)",2024-04,88
16,PASPMVA02,"Creme Cake Vainilla Manar (Saco 20 Kg.)",2024-05,121
16,PASPMVA02,"Creme Cake Vainilla Manar (Saco 20 Kg.)",2024-06,163
16,PASPMVA02,"Creme Cake Vainilla Manar (Saco 20 Kg.)",2024-07,429
16,PASPMVA02,"Creme Cake Vainilla Manar (Saco 20 Kg.)",2024-08,322
16,PASPMVA02,"Creme Cake Vainilla Manar (Saco 20 Kg.)",2024-09,202
16,PASPMVA02,"Creme Cake Vainilla Manar (Saco 20 Kg.)",2024-10,169
16,PASPMVA02,"Creme Cake Vainilla Manar (Saco 20 Kg.)",2024-11,165
16,PASPMVA02,"Creme Cake Vainilla Manar (Saco 20 Kg.)",2024-12,150
16,PASPMVA02,"Creme Cake Vainilla Manar (Saco 20 Kg.)",2025-01,117
16,PASPMVA02,"Creme Cake Vainilla Manar (Saco 20 Kg.)",2025-02,152
16,PASPMVA02,"Creme Cake Vainilla Manar (Saco 20 Kg.)",2025-03,202
16,PASPMVA02,"Creme Cake Vainilla Manar (Saco 20 Kg.)",2025-04,267
16,PASPMVA02,"Creme Cake Vainilla Manar (Saco 20 Kg.)",2025-05,270
16,PASPMVA02,"Creme Cake Vainilla Manar (Saco 20 Kg.)",2025-06,318
16,PASPMVA02,"Creme Cake Vainilla Manar (Saco 20 Kg.)",2025-07,323
16,PASPMVA02,"Creme Cake Vainilla Manar (Saco 20 Kg.)",2025-08,287
16,PASPMVA02,"Creme Cake Vainilla Manar (Saco 20 Kg.)",2025-09,256
16,PASPMVA02,"Creme Cake Vainilla Manar (Saco 20 Kg.)",2025-10,303
16,PASPMVA02,"Creme Cake Vainilla Manar (Saco 20 Kg.)",2025-11,241
16,PASPMVA02,"Creme Cake Vainilla Manar (Saco 20 Kg.)",2025-12,199
16,PASPMVA02,"Creme Cake Vainilla Manar (Saco 20 Kg.)",2026-01,144
16,PASPMVA02,"Creme Cake Vainilla Manar (Saco 20 Kg.)",2026-02,111
16,PASPMVA02,"Creme Cake Vainilla Manar (Saco 20 Kg.)",2026-03,216
16,PASPMVA02,"Creme Cake Vainilla Manar (Saco 20 Kg.)",2026-04,245
16,PASPMVA02,"Creme Cake Vainilla Manar (Saco 20 Kg.)",2026-05,76
16,PASPMVA02,"Creme Cake Vainilla Manar (Saco 20 Kg.)",2026-06,46
16,PASPMVA04,"Premezcla de Creme Cake Vainilla Magdalena (Saco 20 Kg.)",2022-05,350
16,PASPMVA04,"Premezcla de Creme Cake Vainilla Magdalena (Saco 20 Kg.)",2022-06,397
16,PASPMVA04,"Premezcla de Creme Cake Vainilla Magdalena (Saco 20 Kg.)",2022-07,370
16,PASPMVA04,"Premezcla de Creme Cake Vainilla Magdalena (Saco 20 Kg.)",2022-08,510
16,PASPMVA04,"Premezcla de Creme Cake Vainilla Magdalena (Saco 20 Kg.)",2022-09,297
16,PASPMVA04,"Premezcla de Creme Cake Vainilla Magdalena (Saco 20 Kg.)",2022-10,350
16,PASPMVA04,"Premezcla de Creme Cake Vainilla Magdalena (Saco 20 Kg.)",2022-11,400
16,PASPMVA04,"Premezcla de Creme Cake Vainilla Magdalena (Saco 20 Kg.)",2022-12,200
16,PASPMZH02,"Crema Cake Zanahoria Dawn (Saco 22,68 Kg.)",2022-05,9
16,PASPMZH02,"Crema Cake Zanahoria Dawn (Saco 22,68 Kg.)",2022-06,11
16,PASPMZH02,"Crema Cake Zanahoria Dawn (Saco 22,68 Kg.)",2022-07,8
16,PASPMZH02,"Crema Cake Zanahoria Dawn (Saco 22,68 Kg.)",2022-08,16
16,PASPMZH02,"Crema Cake Zanahoria Dawn (Saco 22,68 Kg.)",2022-09,14
16,PASPMZH02,"Crema Cake Zanahoria Dawn (Saco 22,68 Kg.)",2022-10,11
16,PASPMZH02,"Crema Cake Zanahoria Dawn (Saco 22,68 Kg.)",2022-11,6
16,PASPMZH02,"Crema Cake Zanahoria Dawn (Saco 22,68 Kg.)",2022-12,10
16,PASPMZH02,"Crema Cake Zanahoria Dawn (Saco 22,68 Kg.)",2023-01,-1
16,PASPMZH02,"Crema Cake Zanahoria Dawn (Saco 22,68 Kg.)",2023-02,1
16,PASPMZH02,"Crema Cake Zanahoria Dawn (Saco 22,68 Kg.)",2024-07,1
16,PASPMZH02,"Crema Cake Zanahoria Dawn (Saco 22,68 Kg.)",2024-09,1
16,PASPMZH02,"Crema Cake Zanahoria Dawn (Saco 22,68 Kg.)",2024-10,2
16,PASPMZH02,"Crema Cake Zanahoria Dawn (Saco 22,68 Kg.)",2024-11,1
16,PASPMZH02,"Crema Cake Zanahoria Dawn (Saco 22,68 Kg.)",2025-01,2
16,PASPMZH02,"Crema Cake Zanahoria Dawn (Saco 22,68 Kg.)",2025-03,1
16,PASPMZH02,"Crema Cake Zanahoria Dawn (Saco 22,68 Kg.)",2025-04,-1
16,PASPMZH02,"Crema Cake Zanahoria Dawn (Saco 22,68 Kg.)",2025-06,3
16,PASPMZH02,"Crema Cake Zanahoria Dawn (Saco 22,68 Kg.)",2025-09,0
16,PASPMVA05,"Creme Cake Vainilla Manar (Caja 10x1 Kg.)",2022-11,1
16,PASPMVA05,"Creme Cake Vainilla Manar (Caja 10x1 Kg.)",2022-12,10
16,PASPMVA05,"Creme Cake Vainilla Manar (Caja 10x1 Kg.)",2023-01,11
16,PASPMVA05,"Creme Cake Vainilla Manar (Caja 10x1 Kg.)",2023-02,1
16,PASPMVA05,"Creme Cake Vainilla Manar (Caja 10x1 Kg.)",2023-03,12
16,PASPMVA05,"Creme Cake Vainilla Manar (Caja 10x1 Kg.)",2023-04,9
16,PASPMVA05,"Creme Cake Vainilla Manar (Caja 10x1 Kg.)",2023-05,5
16,PASPMVA05,"Creme Cake Vainilla Manar (Caja 10x1 Kg.)",2023-08,48
16,PASPMVA05,"Creme Cake Vainilla Manar (Caja 10x1 Kg.)",2023-09,1
16,PASPMVA05,"Creme Cake Vainilla Manar (Caja 10x1 Kg.)",2023-10,8
16,PASPMVA05,"Creme Cake Vainilla Manar (Caja 10x1 Kg.)",2023-11,10
16,PASPMVA05,"Creme Cake Vainilla Manar (Caja 10x1 Kg.)",2023-12,21
16,PASPMVA05,"Creme Cake Vainilla Manar (Caja 10x1 Kg.)",2024-01,3
16,PASPMVA05,"Creme Cake Vainilla Manar (Caja 10x1 Kg.)",2024-02,6
16,PASPMVA05,"Creme Cake Vainilla Manar (Caja 10x1 Kg.)",2024-04,30
16,PASPMVA05,"Creme Cake Vainilla Manar (Caja 10x1 Kg.)",2024-05,4
16,PASPMVA05,"Creme Cake Vainilla Manar (Caja 10x1 Kg.)",2024-06,8
16,PASPMVA05,"Creme Cake Vainilla Manar (Caja 10x1 Kg.)",2024-07,11
16,PASPMVA05,"Creme Cake Vainilla Manar (Caja 10x1 Kg.)",2024-08,11
16,PASPMVA05,"Creme Cake Vainilla Manar (Caja 10x1 Kg.)",2024-09,5
16,PASPMVA05,"Creme Cake Vainilla Manar (Caja 10x1 Kg.)",2024-10,8
16,PASPMVA05,"Creme Cake Vainilla Manar (Caja 10x1 Kg.)",2024-11,2
16,PASPMVA05,"Creme Cake Vainilla Manar (Caja 10x1 Kg.)",2024-12,1
16,PASPMVA05,"Creme Cake Vainilla Manar (Caja 10x1 Kg.)",2025-01,13
16,PASPMVA05,"Creme Cake Vainilla Manar (Caja 10x1 Kg.)",2025-02,2
16,PASPMVA05,"Creme Cake Vainilla Manar (Caja 10x1 Kg.)",2025-03,8
16,PASPMVA05,"Creme Cake Vainilla Manar (Caja 10x1 Kg.)",2025-04,21
16,PASPMVA05,"Creme Cake Vainilla Manar (Caja 10x1 Kg.)",2025-05,10
16,PASPMVA05,"Creme Cake Vainilla Manar (Caja 10x1 Kg.)",2025-06,12.3
16,PASPMVA05,"Creme Cake Vainilla Manar (Caja 10x1 Kg.)",2025-07,46
16,PASPMCH04,"Creme Cake Chocolate Manar (Caja 10x1 Kg.)",2022-12,6
16,PASPMCH04,"Creme Cake Chocolate Manar (Caja 10x1 Kg.)",2023-01,4
16,PASPMCH04,"Creme Cake Chocolate Manar (Caja 10x1 Kg.)",2023-02,1
16,PASPMCH04,"Creme Cake Chocolate Manar (Caja 10x1 Kg.)",2023-03,6
16,PASPMCH04,"Creme Cake Chocolate Manar (Caja 10x1 Kg.)",2023-04,3
16,PASPMCH04,"Creme Cake Chocolate Manar (Caja 10x1 Kg.)",2023-05,3
16,PASPMCH04,"Creme Cake Chocolate Manar (Caja 10x1 Kg.)",2023-06,7
16,PASPMCH04,"Creme Cake Chocolate Manar (Caja 10x1 Kg.)",2023-07,3
16,PASPMCH04,"Creme Cake Chocolate Manar (Caja 10x1 Kg.)",2023-08,4
16,PASPMCH04,"Creme Cake Chocolate Manar (Caja 10x1 Kg.)",2023-09,1
16,PASPMCH04,"Creme Cake Chocolate Manar (Caja 10x1 Kg.)",2023-10,4
16,PASPMCH04,"Creme Cake Chocolate Manar (Caja 10x1 Kg.)",2023-11,4
16,PASPMCH04,"Creme Cake Chocolate Manar (Caja 10x1 Kg.)",2023-12,0
16,PASPMCH04,"Creme Cake Chocolate Manar (Caja 10x1 Kg.)",2024-01,2
16,PASPMCH04,"Creme Cake Chocolate Manar (Caja 10x1 Kg.)",2024-04,1
16,PASPMCH04,"Creme Cake Chocolate Manar (Caja 10x1 Kg.)",2024-05,1
16,PASPMCH04,"Creme Cake Chocolate Manar (Caja 10x1 Kg.)",2024-06,1
16,PASPMCH04,"Creme Cake Chocolate Manar (Caja 10x1 Kg.)",2024-07,4
16,PASPMCH04,"Creme Cake Chocolate Manar (Caja 10x1 Kg.)",2024-08,1
16,PASPMCH04,"Creme Cake Chocolate Manar (Caja 10x1 Kg.)",2024-09,4
16,PASPMCH04,"Creme Cake Chocolate Manar (Caja 10x1 Kg.)",2024-10,3
16,PASPMCH04,"Creme Cake Chocolate Manar (Caja 10x1 Kg.)",2024-11,2
16,PASPMCH04,"Creme Cake Chocolate Manar (Caja 10x1 Kg.)",2024-12,2
16,PASPMCH04,"Creme Cake Chocolate Manar (Caja 10x1 Kg.)",2025-03,1
16,PASPMCH04,"Creme Cake Chocolate Manar (Caja 10x1 Kg.)",2025-04,4
16,PASPMCH04,"Creme Cake Chocolate Manar (Caja 10x1 Kg.)",2025-05,21
16,PASPMZH03,"Crema Cake Zanahoria Manar (Caja 10x1 Kg.)",2023-01,7
16,PASPMZH03,"Crema Cake Zanahoria Manar (Caja 10x1 Kg.)",2023-02,23
16,PASPMZH03,"Crema Cake Zanahoria Manar (Caja 10x1 Kg.)",2023-03,44
16,PASPMZH03,"Crema Cake Zanahoria Manar (Caja 10x1 Kg.)",2023-04,34
16,PASPMZH03,"Crema Cake Zanahoria Manar (Caja 10x1 Kg.)",2023-05,30
16,PASPMZH03,"Crema Cake Zanahoria Manar (Caja 10x1 Kg.)",2023-06,31
16,PASPMZH03,"Crema Cake Zanahoria Manar (Caja 10x1 Kg.)",2023-07,62
16,PASPMZH03,"Crema Cake Zanahoria Manar (Caja 10x1 Kg.)",2023-08,35
16,PASPMZH03,"Crema Cake Zanahoria Manar (Caja 10x1 Kg.)",2023-09,15
16,PASPMZH03,"Crema Cake Zanahoria Manar (Caja 10x1 Kg.)",2023-11,59
16,PASPMZH03,"Crema Cake Zanahoria Manar (Caja 10x1 Kg.)",2023-12,30
16,PASPMZH03,"Crema Cake Zanahoria Manar (Caja 10x1 Kg.)",2024-01,40
16,PASPMZH03,"Crema Cake Zanahoria Manar (Caja 10x1 Kg.)",2024-02,30
16,PASPMZH03,"Crema Cake Zanahoria Manar (Caja 10x1 Kg.)",2024-03,27
16,PASPMZH03,"Crema Cake Zanahoria Manar (Caja 10x1 Kg.)",2024-04,40
16,PASPMZH03,"Crema Cake Zanahoria Manar (Caja 10x1 Kg.)",2024-05,39
16,PASPMZH03,"Crema Cake Zanahoria Manar (Caja 10x1 Kg.)",2024-06,29
16,PASPMZH03,"Crema Cake Zanahoria Manar (Caja 10x1 Kg.)",2024-07,50
16,PASPMZH03,"Crema Cake Zanahoria Manar (Caja 10x1 Kg.)",2024-08,36
16,PASPMZH03,"Crema Cake Zanahoria Manar (Caja 10x1 Kg.)",2024-09,25
16,PASPMZH03,"Crema Cake Zanahoria Manar (Caja 10x1 Kg.)",2024-10,46
16,PASPMZH03,"Crema Cake Zanahoria Manar (Caja 10x1 Kg.)",2024-11,31
16,PASPMZH03,"Crema Cake Zanahoria Manar (Caja 10x1 Kg.)",2024-12,29
16,PASPMZH03,"Crema Cake Zanahoria Manar (Caja 10x1 Kg.)",2025-01,19
16,PASPMZH03,"Crema Cake Zanahoria Manar (Caja 10x1 Kg.)",2025-02,30
16,PASPMZH03,"Crema Cake Zanahoria Manar (Caja 10x1 Kg.)",2025-03,36
16,PASPMZH03,"Crema Cake Zanahoria Manar (Caja 10x1 Kg.)",2025-04,45
16,PASPMZH03,"Crema Cake Zanahoria Manar (Caja 10x1 Kg.)",2025-05,44
16,PASPMZH03,"Crema Cake Zanahoria Manar (Caja 10x1 Kg.)",2025-06,52
16,PASPMZH03,"Crema Cake Zanahoria Manar (Caja 10x1 Kg.)",2025-07,44
16,PASPMZH03,"Crema Cake Zanahoria Manar (Caja 10x1 Kg.)",2025-08,39
16,PASPMZH03,"Crema Cake Zanahoria Manar (Caja 10x1 Kg.)",2025-09,22
16,PASPMBR03,"Premezcla Brownie Manar (Saco 20 Kg.)",2023-08,16
16,PASPMBR03,"Premezcla Brownie Manar (Saco 20 Kg.)",2023-09,-2
16,PASPMBR03,"Premezcla Brownie Manar (Saco 20 Kg.)",2023-10,1
16,PASPMBR03,"Premezcla Brownie Manar (Saco 20 Kg.)",2023-11,4
16,PASPMBR03,"Premezcla Brownie Manar (Saco 20 Kg.)",2024-02,2
16,PASPMBR03,"Premezcla Brownie Manar (Saco 20 Kg.)",2024-03,1
16,PASPMBR03,"Premezcla Brownie Manar (Saco 20 Kg.)",2024-05,2
16,PASPMBR03,"Premezcla Brownie Manar (Saco 20 Kg.)",2024-06,2
16,PASPMBR03,"Premezcla Brownie Manar (Saco 20 Kg.)",2024-08,5
16,PASPMBR03,"Premezcla Brownie Manar (Saco 20 Kg.)",2024-09,1
16,PASPMBR03,"Premezcla Brownie Manar (Saco 20 Kg.)",2024-10,1
16,PASPMBR03,"Premezcla Brownie Manar (Saco 20 Kg.)",2024-11,5
16,PASPMBR03,"Premezcla Brownie Manar (Saco 20 Kg.)",2024-12,7
16,PASPMBR03,"Premezcla Brownie Manar (Saco 20 Kg.)",2025-01,6
16,PASPMBR03,"Premezcla Brownie Manar (Saco 20 Kg.)",2025-02,3
16,PASPMBR03,"Premezcla Brownie Manar (Saco 20 Kg.)",2025-03,5
16,PASPMBR03,"Premezcla Brownie Manar (Saco 20 Kg.)",2025-04,14
16,PASPMBR03,"Premezcla Brownie Manar (Saco 20 Kg.)",2025-05,2
16,PASPMBR03,"Premezcla Brownie Manar (Saco 20 Kg.)",2025-08,8
16,PASPMBR03,"Premezcla Brownie Manar (Saco 20 Kg.)",2025-09,10
16,PASPMBR03,"Premezcla Brownie Manar (Saco 20 Kg.)",2025-10,11
16,PASPMBR03,"Premezcla Brownie Manar (Saco 20 Kg.)",2025-11,7
16,PASPMBR03,"Premezcla Brownie Manar (Saco 20 Kg.)",2025-12,7
16,PASPMBR03,"Premezcla Brownie Manar (Saco 20 Kg.)",2026-01,5
16,PASPMBR03,"Premezcla Brownie Manar (Saco 20 Kg.)",2026-02,11
16,PASPMBR03,"Premezcla Brownie Manar (Saco 20 Kg.)",2026-03,13
16,PASPMBR03,"Premezcla Brownie Manar (Saco 20 Kg.)",2026-04,10
16,PASPMBR03,"Premezcla Brownie Manar (Saco 20 Kg.)",2026-05,9
16,PASPMBR03,"Premezcla Brownie Manar (Saco 20 Kg.)",2026-06,6
16,PASPMBR04,"Premezcla Brownie Manar (Caja 10x1 Kg.)",2023-09,1
16,PASPMBR04,"Premezcla Brownie Manar (Caja 10x1 Kg.)",2023-10,6
16,PASPMBR04,"Premezcla Brownie Manar (Caja 10x1 Kg.)",2023-11,6
16,PASPMBR04,"Premezcla Brownie Manar (Caja 10x1 Kg.)",2023-12,2
16,PASPMBR04,"Premezcla Brownie Manar (Caja 10x1 Kg.)",2024-01,1
16,PASPMBR04,"Premezcla Brownie Manar (Caja 10x1 Kg.)",2024-04,2
16,PASPMBR04,"Premezcla Brownie Manar (Caja 10x1 Kg.)",2024-05,1
16,PASPMBR04,"Premezcla Brownie Manar (Caja 10x1 Kg.)",2024-06,1
16,PASPMBR04,"Premezcla Brownie Manar (Caja 10x1 Kg.)",2024-07,4
16,PASPMBR04,"Premezcla Brownie Manar (Caja 10x1 Kg.)",2024-08,3
16,PASPMBR04,"Premezcla Brownie Manar (Caja 10x1 Kg.)",2024-09,3
16,PASPMBR04,"Premezcla Brownie Manar (Caja 10x1 Kg.)",2024-10,3
16,PASPMBR04,"Premezcla Brownie Manar (Caja 10x1 Kg.)",2024-11,3
16,PASPMBR04,"Premezcla Brownie Manar (Caja 10x1 Kg.)",2024-12,3
16,PASPMBR04,"Premezcla Brownie Manar (Caja 10x1 Kg.)",2025-01,2
16,PASPMBR04,"Premezcla Brownie Manar (Caja 10x1 Kg.)",2025-02,2
16,PASPMBR04,"Premezcla Brownie Manar (Caja 10x1 Kg.)",2025-03,5
16,PASPMBR04,"Premezcla Brownie Manar (Caja 10x1 Kg.)",2025-04,5
16,PASPMBR04,"Premezcla Brownie Manar (Caja 10x1 Kg.)",2025-05,3
16,PASPMBR04,"Premezcla Brownie Manar (Caja 10x1 Kg.)",2025-06,14
16,PASPMBR04,"Premezcla Brownie Manar (Caja 10x1 Kg.)",2025-07,12
16,PASPMRV04,"Premezcla Red Velvet Manar (Caja 10x1 Kg.)",2024-07,4
16,PASPMRV04,"Premezcla Red Velvet Manar (Caja 10x1 Kg.)",2024-08,7
16,PASPMRV04,"Premezcla Red Velvet Manar (Caja 10x1 Kg.)",2024-09,3
16,PASPMRV04,"Premezcla Red Velvet Manar (Caja 10x1 Kg.)",2024-10,8
16,PASPMRV04,"Premezcla Red Velvet Manar (Caja 10x1 Kg.)",2024-11,8
16,PASPMRV04,"Premezcla Red Velvet Manar (Caja 10x1 Kg.)",2024-12,0
16,PASPMRV04,"Premezcla Red Velvet Manar (Caja 10x1 Kg.)",2025-01,5
16,PASPMRV04,"Premezcla Red Velvet Manar (Caja 10x1 Kg.)",2025-02,7
16,PASPMRV04,"Premezcla Red Velvet Manar (Caja 10x1 Kg.)",2025-03,11
16,PASPMRV04,"Premezcla Red Velvet Manar (Caja 10x1 Kg.)",2025-04,12
16,PASPMRV04,"Premezcla Red Velvet Manar (Caja 10x1 Kg.)",2025-05,9.4
16,PASPMRV04,"Premezcla Red Velvet Manar (Caja 10x1 Kg.)",2025-06,11
16,PASPMRV04,"Premezcla Red Velvet Manar (Caja 10x1 Kg.)",2025-07,9
16,PASPMRV04,"Premezcla Red Velvet Manar (Caja 10x1 Kg.)",2025-08,11
16,PASPMRV04,"Premezcla Red Velvet Manar (Caja 10x1 Kg.)",2025-09,8
16,PASPMRV04,"Premezcla Red Velvet Manar (Caja 10x1 Kg.)",2025-10,8
16,PASPMRV03,"Premezcla Red Velvet Manar (Saco 20 Kg.)",2024-08,5
16,PASPMRV03,"Premezcla Red Velvet Manar (Saco 20 Kg.)",2024-09,1
16,PASPMRV03,"Premezcla Red Velvet Manar (Saco 20 Kg.)",2024-10,1
16,PASPMRV03,"Premezcla Red Velvet Manar (Saco 20 Kg.)",2024-11,2
16,PASPMRV03,"Premezcla Red Velvet Manar (Saco 20 Kg.)",2024-12,5
16,PASPMRV03,"Premezcla Red Velvet Manar (Saco 20 Kg.)",2025-01,2
16,PASPMRV03,"Premezcla Red Velvet Manar (Saco 20 Kg.)",2025-02,1
16,PASPMRV03,"Premezcla Red Velvet Manar (Saco 20 Kg.)",2025-03,4
16,PASPMRV03,"Premezcla Red Velvet Manar (Saco 20 Kg.)",2025-04,3
16,PASPMRV03,"Premezcla Red Velvet Manar (Saco 20 Kg.)",2025-05,13
16,PASPMRV03,"Premezcla Red Velvet Manar (Saco 20 Kg.)",2025-06,8
16,PASPMRV03,"Premezcla Red Velvet Manar (Saco 20 Kg.)",2025-07,7
16,PASPMRV03,"Premezcla Red Velvet Manar (Saco 20 Kg.)",2025-08,12
16,PASPMRV03,"Premezcla Red Velvet Manar (Saco 20 Kg.)",2025-09,12
16,PASPMRV03,"Premezcla Red Velvet Manar (Saco 20 Kg.)",2025-10,4
16,PASPMRV03,"Premezcla Red Velvet Manar (Saco 20 Kg.)",2025-12,19
16,PASPMRV03,"Premezcla Red Velvet Manar (Saco 20 Kg.)",2026-01,8
16,PASPMRV03,"Premezcla Red Velvet Manar (Saco 20 Kg.)",2026-02,14
16,PASPMRV03,"Premezcla Red Velvet Manar (Saco 20 Kg.)",2026-03,13
16,PASPMRV03,"Premezcla Red Velvet Manar (Saco 20 Kg.)",2026-04,25
16,PASPMRV03,"Premezcla Red Velvet Manar (Saco 20 Kg.)",2026-05,19
16,PASPMRV03,"Premezcla Red Velvet Manar (Saco 20 Kg.)",2026-06,23
16,PASPMDT02,"Premezcla Donas Yeast Manar BK (Saco 20 Kg.)",2025-04,5
16,PASPMDT02,"Premezcla Donas Yeast Manar BK (Saco 20 Kg.)",2025-05,-5
16,PASPMMG01,"Creme Cake Magdalena Manar (Saco 20 kg)",2025-05,7
16,PASPMMG01,"Creme Cake Magdalena Manar (Saco 20 kg)",2025-06,5
16,PASPMMG01,"Creme Cake Magdalena Manar (Saco 20 kg)",2025-07,10
16,PASPMMG01,"Creme Cake Magdalena Manar (Saco 20 kg)",2025-08,7
16,PASPMMG01,"Creme Cake Magdalena Manar (Saco 20 kg)",2025-09,8
16,PASPMMG01,"Creme Cake Magdalena Manar (Saco 20 kg)",2026-02,8
16,PASPMMG01,"Creme Cake Magdalena Manar (Saco 20 kg)",2026-03,29
16,PASPMVA06,"Creme Cake Vainilla Manar BK (Saco 20 Kg.)",2025-06,2
16,PASPMVA06,"Creme Cake Vainilla Manar BK (Saco 20 Kg.)",2025-07,1
16,PASPMVA06,"Creme Cake Vainilla Manar BK (Saco 20 Kg.)",2025-09,6
16,PASPMVA06,"Creme Cake Vainilla Manar BK (Saco 20 Kg.)",2025-10,13
16,PASPMVA06,"Creme Cake Vainilla Manar BK (Saco 20 Kg.)",2025-12,-9
16,PASPMVA06,"Creme Cake Vainilla Manar BK (Saco 20 Kg.)",2026-03,3
16,PASPMVA06,"Creme Cake Vainilla Manar BK (Saco 20 Kg.)",2026-05,2
16,PASPMVA06,"Creme Cake Vainilla Manar BK (Saco 20 Kg.)",2026-06,13
16,PASPMZH04,"Crema Cake Zanahoria Manar (Saco 20 Kg.)",2025-09,10
16,PASPMZH04,"Crema Cake Zanahoria Manar (Saco 20 Kg.)",2025-10,41
16,PASPMZH04,"Crema Cake Zanahoria Manar (Saco 20 Kg.)",2025-11,16
16,PASPMZH04,"Crema Cake Zanahoria Manar (Saco 20 Kg.)",2025-12,22
16,PASPMZH04,"Crema Cake Zanahoria Manar (Saco 20 Kg.)",2026-01,9
16,PASPMZH04,"Crema Cake Zanahoria Manar (Saco 20 Kg.)",2026-02,18
16,PASPMZH04,"Crema Cake Zanahoria Manar (Saco 20 Kg.)",2026-03,22
16,PASPMZH04,"Crema Cake Zanahoria Manar (Saco 20 Kg.)",2026-04,20
16,PASPMZH04,"Crema Cake Zanahoria Manar (Saco 20 Kg.)",2026-05,26
16,PASPMZH04,"Crema Cake Zanahoria Manar (Saco 20 Kg.)",2026-06,32
17,PASPACL01,"Pasta Americana Negra (Caja 10x500 Gr.)",2022-05,4
17,PASPACL01,"Pasta Americana Negra (Caja 10x500 Gr.)",2022-06,1
17,PASPACL01,"Pasta Americana Negra (Caja 10x500 Gr.)",2022-08,1
17,PASPACL01,"Pasta Americana Negra (Caja 10x500 Gr.)",2022-09,4
17,PASPACL01,"Pasta Americana Negra (Caja 10x500 Gr.)",2022-10,2
17,PASPACL01,"Pasta Americana Negra (Caja 10x500 Gr.)",2022-11,1
17,PASPACL01,"Pasta Americana Negra (Caja 10x500 Gr.)",2022-12,1
17,PASPACL01,"Pasta Americana Negra (Caja 10x500 Gr.)",2023-03,1
17,PASPACL01,"Pasta Americana Negra (Caja 10x500 Gr.)",2023-04,2
17,PASPACL01,"Pasta Americana Negra (Caja 10x500 Gr.)",2023-05,1
17,PASPACL01,"Pasta Americana Negra (Caja 10x500 Gr.)",2023-06,1
17,PASPACL01,"Pasta Americana Negra (Caja 10x500 Gr.)",2023-08,1
17,PASPACL01,"Pasta Americana Negra (Caja 10x500 Gr.)",2023-10,1
17,PASPACL01,"Pasta Americana Negra (Caja 10x500 Gr.)",2023-12,3
17,PASPACL01,"Pasta Americana Negra (Caja 10x500 Gr.)",2024-02,1
17,PASPACL02,"Pasta Americana Vermelha Roja (Caja 10x500 Gr.)",2022-05,2
17,PASPACL02,"Pasta Americana Vermelha Roja (Caja 10x500 Gr.)",2022-06,2
17,PASPACL02,"Pasta Americana Vermelha Roja (Caja 10x500 Gr.)",2022-08,2
17,PASPACL02,"Pasta Americana Vermelha Roja (Caja 10x500 Gr.)",2022-09,5
17,PASPACL02,"Pasta Americana Vermelha Roja (Caja 10x500 Gr.)",2022-10,2
17,PASPACL02,"Pasta Americana Vermelha Roja (Caja 10x500 Gr.)",2022-11,1
17,PASPACL02,"Pasta Americana Vermelha Roja (Caja 10x500 Gr.)",2022-12,5
17,PASPACL02,"Pasta Americana Vermelha Roja (Caja 10x500 Gr.)",2023-01,1
17,PASPACL02,"Pasta Americana Vermelha Roja (Caja 10x500 Gr.)",2023-02,1
17,PASPACL02,"Pasta Americana Vermelha Roja (Caja 10x500 Gr.)",2023-04,1
17,PASPACL02,"Pasta Americana Vermelha Roja (Caja 10x500 Gr.)",2023-05,1
17,PASPACL02,"Pasta Americana Vermelha Roja (Caja 10x500 Gr.)",2023-06,1
17,PASPACL02,"Pasta Americana Vermelha Roja (Caja 10x500 Gr.)",2023-08,1
17,PASPACL02,"Pasta Americana Vermelha Roja (Caja 10x500 Gr.)",2023-10,1
17,PASPACL02,"Pasta Americana Vermelha Roja (Caja 10x500 Gr.)",2023-12,3
17,PASPACL02,"Pasta Americana Vermelha Roja (Caja 10x500 Gr.)",2024-01,1
17,PASPACL02,"Pasta Americana Vermelha Roja (Caja 10x500 Gr.)",2024-04,1
17,PASPACL02,"Pasta Americana Vermelha Roja (Caja 10x500 Gr.)",2024-05,1
17,PASPACL02,"Pasta Americana Vermelha Roja (Caja 10x500 Gr.)",2024-06,1
17,PASPATR02,"Pasta Americana Tradicional (Caja 12x800 Gr.)",2022-05,123
17,PASPATR02,"Pasta Americana Tradicional (Caja 12x800 Gr.)",2022-06,219
17,PASPATR02,"Pasta Americana Tradicional (Caja 12x800 Gr.)",2022-07,99
17,PASPATR02,"Pasta Americana Tradicional (Caja 12x800 Gr.)",2022-08,62
17,PASPATR02,"Pasta Americana Tradicional (Caja 12x800 Gr.)",2022-09,83
17,PASPATR02,"Pasta Americana Tradicional (Caja 12x800 Gr.)",2022-10,136
17,PASPATR02,"Pasta Americana Tradicional (Caja 12x800 Gr.)",2022-11,85
17,PASPATR02,"Pasta Americana Tradicional (Caja 12x800 Gr.)",2022-12,62
17,PASPATR02,"Pasta Americana Tradicional (Caja 12x800 Gr.)",2023-01,49
17,PASPATR02,"Pasta Americana Tradicional (Caja 12x800 Gr.)",2023-02,67
17,PASPATR02,"Pasta Americana Tradicional (Caja 12x800 Gr.)",2023-03,80
17,PASPATR02,"Pasta Americana Tradicional (Caja 12x800 Gr.)",2023-04,202
17,PASPATR02,"Pasta Americana Tradicional (Caja 12x800 Gr.)",2023-05,182
17,PASPATR02,"Pasta Americana Tradicional (Caja 12x800 Gr.)",2023-06,12
17,PASPATR02,"Pasta Americana Tradicional (Caja 12x800 Gr.)",2023-07,51
17,PASPATR02,"Pasta Americana Tradicional (Caja 12x800 Gr.)",2023-08,57
17,PASPATR02,"Pasta Americana Tradicional (Caja 12x800 Gr.)",2023-09,26
17,PASPATR02,"Pasta Americana Tradicional (Caja 12x800 Gr.)",2023-10,62
17,PASPATR02,"Pasta Americana Tradicional (Caja 12x800 Gr.)",2023-11,74
17,PASPATR02,"Pasta Americana Tradicional (Caja 12x800 Gr.)",2023-12,33
17,PASPATR02,"Pasta Americana Tradicional (Caja 12x800 Gr.)",2024-01,40
17,PASPATR02,"Pasta Americana Tradicional (Caja 12x800 Gr.)",2024-02,41
17,PASPATR02,"Pasta Americana Tradicional (Caja 12x800 Gr.)",2024-03,32
17,PASPATR02,"Pasta Americana Tradicional (Caja 12x800 Gr.)",2024-04,26
17,PASPATR02,"Pasta Americana Tradicional (Caja 12x800 Gr.)",2024-05,7
17,PASPATR02,"Pasta Americana Tradicional (Caja 12x800 Gr.)",2024-06,14
17,PASPATR02,"Pasta Americana Tradicional (Caja 12x800 Gr.)",2024-07,22
17,PASPATR02,"Pasta Americana Tradicional (Caja 12x800 Gr.)",2024-08,22
17,PASPATR02,"Pasta Americana Tradicional (Caja 12x800 Gr.)",2024-09,7
17,PASPATR02,"Pasta Americana Tradicional (Caja 12x800 Gr.)",2024-10,3
18,PASPOFD03,"Postre Sabor Limón (Caja 2x12x100 Gr.)",2022-05,3
18,PASPOFD03,"Postre Sabor Limón (Caja 2x12x100 Gr.)",2022-06,4
18,PASPOFD03,"Postre Sabor Limón (Caja 2x12x100 Gr.)",2022-07,5
18,PASPOFD03,"Postre Sabor Limón (Caja 2x12x100 Gr.)",2022-08,4
18,PASPOFD03,"Postre Sabor Limón (Caja 2x12x100 Gr.)",2022-09,3
18,PASPOFD03,"Postre Sabor Limón (Caja 2x12x100 Gr.)",2022-10,6
18,PASPOFD03,"Postre Sabor Limón (Caja 2x12x100 Gr.)",2022-11,8
18,PASPOFD03,"Postre Sabor Limón (Caja 2x12x100 Gr.)",2022-12,5
18,PASPOFD03,"Postre Sabor Limón (Caja 2x12x100 Gr.)",2023-01,4
18,PASPOFD03,"Postre Sabor Limón (Caja 2x12x100 Gr.)",2023-02,5
18,PASPOFD03,"Postre Sabor Limón (Caja 2x12x100 Gr.)",2023-03,3
18,PASPOFD03,"Postre Sabor Limón (Caja 2x12x100 Gr.)",2023-04,7
18,PASPOFD03,"Postre Sabor Limón (Caja 2x12x100 Gr.)",2023-05,10
18,PASPOFD03,"Postre Sabor Limón (Caja 2x12x100 Gr.)",2023-06,7
18,PASPOFD03,"Postre Sabor Limón (Caja 2x12x100 Gr.)",2023-07,5
18,PASPOFD03,"Postre Sabor Limón (Caja 2x12x100 Gr.)",2023-08,4
18,PASPOFD03,"Postre Sabor Limón (Caja 2x12x100 Gr.)",2023-09,8
18,PASPOFD03,"Postre Sabor Limón (Caja 2x12x100 Gr.)",2023-10,6
18,PASPOFD03,"Postre Sabor Limón (Caja 2x12x100 Gr.)",2023-11,4
18,PASPOFD03,"Postre Sabor Limón (Caja 2x12x100 Gr.)",2023-12,3
18,PASPOFD03,"Postre Sabor Limón (Caja 2x12x100 Gr.)",2024-01,3
18,PASPOFD03,"Postre Sabor Limón (Caja 2x12x100 Gr.)",2024-02,3
18,PASPOFD03,"Postre Sabor Limón (Caja 2x12x100 Gr.)",2024-03,7
18,PASPOFD03,"Postre Sabor Limón (Caja 2x12x100 Gr.)",2024-04,7
18,PASPOFD03,"Postre Sabor Limón (Caja 2x12x100 Gr.)",2024-05,5
18,PASPOFD03,"Postre Sabor Limón (Caja 2x12x100 Gr.)",2024-06,4
18,PASPOFD03,"Postre Sabor Limón (Caja 2x12x100 Gr.)",2024-07,7
18,PASPOFD03,"Postre Sabor Limón (Caja 2x12x100 Gr.)",2024-08,3
18,PASPOFD03,"Postre Sabor Limón (Caja 2x12x100 Gr.)",2024-09,7
18,PASPOFD03,"Postre Sabor Limón (Caja 2x12x100 Gr.)",2024-10,3
18,PASPOFD03,"Postre Sabor Limón (Caja 2x12x100 Gr.)",2024-11,6
18,PASPOFD03,"Postre Sabor Limón (Caja 2x12x100 Gr.)",2024-12,1
18,PASPOFD03,"Postre Sabor Limón (Caja 2x12x100 Gr.)",2025-01,2
18,PASPOFD03,"Postre Sabor Limón (Caja 2x12x100 Gr.)",2025-02,4
18,PASPOFD03,"Postre Sabor Limón (Caja 2x12x100 Gr.)",2025-03,1
18,PASPOFD03,"Postre Sabor Limón (Caja 2x12x100 Gr.)",2025-05,9
18,PASPOFD03,"Postre Sabor Limón (Caja 2x12x100 Gr.)",2025-06,3
18,PASPOFD03,"Postre Sabor Limón (Caja 2x12x100 Gr.)",2025-07,2
18,PASPOFD03,"Postre Sabor Limón (Caja 2x12x100 Gr.)",2025-08,2
18,PASPOFD03,"Postre Sabor Limón (Caja 2x12x100 Gr.)",2025-09,3
18,PASPOFD03,"Postre Sabor Limón (Caja 2x12x100 Gr.)",2025-10,3
18,PASPOFD03,"Postre Sabor Limón (Caja 2x12x100 Gr.)",2025-11,4
18,PASPOFD03,"Postre Sabor Limón (Caja 2x12x100 Gr.)",2025-12,8
18,PASPOFD03,"Postre Sabor Limón (Caja 2x12x100 Gr.)",2026-01,4
18,PASPOFD03,"Postre Sabor Limón (Caja 2x12x100 Gr.)",2026-02,3
18,PASPOFD03,"Postre Sabor Limón (Caja 2x12x100 Gr.)",2026-03,3
18,PASPOFD03,"Postre Sabor Limón (Caja 2x12x100 Gr.)",2026-04,7
18,PASPOFD03,"Postre Sabor Limón (Caja 2x12x100 Gr.)",2026-05,2
18,PASPOFD03,"Postre Sabor Limón (Caja 2x12x100 Gr.)",2026-06,9
18,PASPOFD04,"Postre Sabor Maracuya (Caja 2x12x100 Gr.)",2022-05,1
18,PASPOFD04,"Postre Sabor Maracuya (Caja 2x12x100 Gr.)",2022-06,3
18,PASPOFD04,"Postre Sabor Maracuya (Caja 2x12x100 Gr.)",2022-07,4
18,PASPOFD04,"Postre Sabor Maracuya (Caja 2x12x100 Gr.)",2022-08,3
18,PASPOFD04,"Postre Sabor Maracuya (Caja 2x12x100 Gr.)",2022-09,2
18,PASPOFD04,"Postre Sabor Maracuya (Caja 2x12x100 Gr.)",2022-10,2
18,PASPOFD04,"Postre Sabor Maracuya (Caja 2x12x100 Gr.)",2022-11,5
18,PASPOFD04,"Postre Sabor Maracuya (Caja 2x12x100 Gr.)",2022-12,6
18,PASPOFD04,"Postre Sabor Maracuya (Caja 2x12x100 Gr.)",2023-01,3
18,PASPOFD04,"Postre Sabor Maracuya (Caja 2x12x100 Gr.)",2023-02,2
18,PASPOFD04,"Postre Sabor Maracuya (Caja 2x12x100 Gr.)",2023-03,2
18,PASPOFD04,"Postre Sabor Maracuya (Caja 2x12x100 Gr.)",2023-04,2
18,PASPOFD04,"Postre Sabor Maracuya (Caja 2x12x100 Gr.)",2023-05,4
18,PASPOFD04,"Postre Sabor Maracuya (Caja 2x12x100 Gr.)",2023-06,7
18,PASPOFD04,"Postre Sabor Maracuya (Caja 2x12x100 Gr.)",2023-07,2
18,PASPOFD04,"Postre Sabor Maracuya (Caja 2x12x100 Gr.)",2023-08,3
18,PASPOFD04,"Postre Sabor Maracuya (Caja 2x12x100 Gr.)",2023-09,3
18,PASPOFD04,"Postre Sabor Maracuya (Caja 2x12x100 Gr.)",2023-10,3
18,PASPOFD04,"Postre Sabor Maracuya (Caja 2x12x100 Gr.)",2023-11,1
18,PASPOFD04,"Postre Sabor Maracuya (Caja 2x12x100 Gr.)",2023-12,3
18,PASPOFD04,"Postre Sabor Maracuya (Caja 2x12x100 Gr.)",2024-01,3
18,PASPOFD04,"Postre Sabor Maracuya (Caja 2x12x100 Gr.)",2024-02,1
18,PASPOFD04,"Postre Sabor Maracuya (Caja 2x12x100 Gr.)",2024-03,3
18,PASPOFD04,"Postre Sabor Maracuya (Caja 2x12x100 Gr.)",2024-04,4
18,PASPOFD04,"Postre Sabor Maracuya (Caja 2x12x100 Gr.)",2024-06,1
18,PASPOFD04,"Postre Sabor Maracuya (Caja 2x12x100 Gr.)",2024-07,3
18,PASPOFD04,"Postre Sabor Maracuya (Caja 2x12x100 Gr.)",2024-08,2
18,PASPOFD04,"Postre Sabor Maracuya (Caja 2x12x100 Gr.)",2024-09,5
18,PASPOFD04,"Postre Sabor Maracuya (Caja 2x12x100 Gr.)",2024-10,4
18,PASPOFD04,"Postre Sabor Maracuya (Caja 2x12x100 Gr.)",2024-11,2
18,PASPOFD04,"Postre Sabor Maracuya (Caja 2x12x100 Gr.)",2025-02,4
18,PASPOFD04,"Postre Sabor Maracuya (Caja 2x12x100 Gr.)",2025-04,7
18,PASPOFD04,"Postre Sabor Maracuya (Caja 2x12x100 Gr.)",2025-05,2
18,PASPOFD04,"Postre Sabor Maracuya (Caja 2x12x100 Gr.)",2025-06,6
18,PASPOFD04,"Postre Sabor Maracuya (Caja 2x12x100 Gr.)",2025-07,2
18,PASPOFD04,"Postre Sabor Maracuya (Caja 2x12x100 Gr.)",2025-09,1
18,PASPOFD04,"Postre Sabor Maracuya (Caja 2x12x100 Gr.)",2025-10,3
18,PASPOFD04,"Postre Sabor Maracuya (Caja 2x12x100 Gr.)",2025-11,4
18,PASPOFD04,"Postre Sabor Maracuya (Caja 2x12x100 Gr.)",2025-12,3
18,PASPOFD04,"Postre Sabor Maracuya (Caja 2x12x100 Gr.)",2026-01,3
18,PASPOFD04,"Postre Sabor Maracuya (Caja 2x12x100 Gr.)",2026-02,2
18,PASPOFD04,"Postre Sabor Maracuya (Caja 2x12x100 Gr.)",2026-03,4
18,PASPOFD04,"Postre Sabor Maracuya (Caja 2x12x100 Gr.)",2026-04,5
18,PASPOFD04,"Postre Sabor Maracuya (Caja 2x12x100 Gr.)",2026-05,3
18,PASPOFD04,"Postre Sabor Maracuya (Caja 2x12x100 Gr.)",2026-06,1
18,PASPOFD01,"Postre Sabor Frutilla (Caja 2x12x100 Gr.)",2022-06,1
18,PASPOFD01,"Postre Sabor Frutilla (Caja 2x12x100 Gr.)",2022-07,0
18,PASPOFD01,"Postre Sabor Frutilla (Caja 2x12x100 Gr.)",2022-08,1
18,PASPOFD01,"Postre Sabor Frutilla (Caja 2x12x100 Gr.)",2022-11,4
18,PASPOFD01,"Postre Sabor Frutilla (Caja 2x12x100 Gr.)",2023-01,5
18,PASPOFD01,"Postre Sabor Frutilla (Caja 2x12x100 Gr.)",2023-03,1
18,PASPOFD01,"Postre Sabor Frutilla (Caja 2x12x100 Gr.)",2023-05,4
18,PASPOFD01,"Postre Sabor Frutilla (Caja 2x12x100 Gr.)",2023-06,4
18,PASPOFD01,"Postre Sabor Frutilla (Caja 2x12x100 Gr.)",2023-08,1
18,PASPOFD01,"Postre Sabor Frutilla (Caja 2x12x100 Gr.)",2023-09,1
18,PASPOFD01,"Postre Sabor Frutilla (Caja 2x12x100 Gr.)",2024-01,4
18,PASPOFD01,"Postre Sabor Frutilla (Caja 2x12x100 Gr.)",2024-03,1
18,PASPOFD01,"Postre Sabor Frutilla (Caja 2x12x100 Gr.)",2024-04,1
18,PASPOFD01,"Postre Sabor Frutilla (Caja 2x12x100 Gr.)",2024-07,2
18,PASPOFD01,"Postre Sabor Frutilla (Caja 2x12x100 Gr.)",2024-09,2
18,PASPOFD01,"Postre Sabor Frutilla (Caja 2x12x100 Gr.)",2024-10,6
18,PASPOFD01,"Postre Sabor Frutilla (Caja 2x12x100 Gr.)",2024-11,1
18,PASPOFD01,"Postre Sabor Frutilla (Caja 2x12x100 Gr.)",2025-02,2
18,PASPOFD01,"Postre Sabor Frutilla (Caja 2x12x100 Gr.)",2025-03,1
18,PASPOFD01,"Postre Sabor Frutilla (Caja 2x12x100 Gr.)",2025-04,2
18,PASPOFD01,"Postre Sabor Frutilla (Caja 2x12x100 Gr.)",2025-05,1
18,PASPOFD01,"Postre Sabor Frutilla (Caja 2x12x100 Gr.)",2025-06,1
18,PASPOFD01,"Postre Sabor Frutilla (Caja 2x12x100 Gr.)",2025-09,4
18,PASPOFD01,"Postre Sabor Frutilla (Caja 2x12x100 Gr.)",2025-10,1
18,PASPOFD01,"Postre Sabor Frutilla (Caja 2x12x100 Gr.)",2025-11,1
18,PASPOFD01,"Postre Sabor Frutilla (Caja 2x12x100 Gr.)",2025-12,1
18,PASPOFD01,"Postre Sabor Frutilla (Caja 2x12x100 Gr.)",2026-01,2
18,PASPOFD01,"Postre Sabor Frutilla (Caja 2x12x100 Gr.)",2026-02,2
18,PASPOFD01,"Postre Sabor Frutilla (Caja 2x12x100 Gr.)",2026-04,8
18,PASPOFD01,"Postre Sabor Frutilla (Caja 2x12x100 Gr.)",2026-05,1
18,PASPOFD01,"Postre Sabor Frutilla (Caja 2x12x100 Gr.)",2026-06,1
18,PASPOFD02,"Postre Sabor Frutos Rojos (Caja 2x12x100 Gr.)",2022-06,3
18,PASPOFD02,"Postre Sabor Frutos Rojos (Caja 2x12x100 Gr.)",2022-07,1
18,PASPOFD02,"Postre Sabor Frutos Rojos (Caja 2x12x100 Gr.)",2022-08,2
18,PASPOFD02,"Postre Sabor Frutos Rojos (Caja 2x12x100 Gr.)",2022-10,1
18,PASPOFD02,"Postre Sabor Frutos Rojos (Caja 2x12x100 Gr.)",2022-11,4
18,PASPOFD02,"Postre Sabor Frutos Rojos (Caja 2x12x100 Gr.)",2022-12,1
18,PASPOFD02,"Postre Sabor Frutos Rojos (Caja 2x12x100 Gr.)",2023-01,3
18,PASPOFD02,"Postre Sabor Frutos Rojos (Caja 2x12x100 Gr.)",2023-03,1
18,PASPOFD02,"Postre Sabor Frutos Rojos (Caja 2x12x100 Gr.)",2023-04,1
18,PASPOFD02,"Postre Sabor Frutos Rojos (Caja 2x12x100 Gr.)",2023-05,1
18,PASPOFD02,"Postre Sabor Frutos Rojos (Caja 2x12x100 Gr.)",2023-06,2
18,PASPOFD02,"Postre Sabor Frutos Rojos (Caja 2x12x100 Gr.)",2023-09,3
18,PASPOFD02,"Postre Sabor Frutos Rojos (Caja 2x12x100 Gr.)",2023-10,1
18,PASPOFD02,"Postre Sabor Frutos Rojos (Caja 2x12x100 Gr.)",2023-11,2
18,PASPOFD02,"Postre Sabor Frutos Rojos (Caja 2x12x100 Gr.)",2023-12,1
18,PASPOFD02,"Postre Sabor Frutos Rojos (Caja 2x12x100 Gr.)",2024-03,2
18,PASPOFD02,"Postre Sabor Frutos Rojos (Caja 2x12x100 Gr.)",2024-04,2
18,PASPOFD02,"Postre Sabor Frutos Rojos (Caja 2x12x100 Gr.)",2024-05,1
18,PASPOFD02,"Postre Sabor Frutos Rojos (Caja 2x12x100 Gr.)",2024-07,3
18,PASPOFD02,"Postre Sabor Frutos Rojos (Caja 2x12x100 Gr.)",2024-08,1
18,PASPOFD02,"Postre Sabor Frutos Rojos (Caja 2x12x100 Gr.)",2024-09,3
18,PASPOFD02,"Postre Sabor Frutos Rojos (Caja 2x12x100 Gr.)",2024-10,2
18,PASPOFD02,"Postre Sabor Frutos Rojos (Caja 2x12x100 Gr.)",2025-01,1
18,PASPOFD02,"Postre Sabor Frutos Rojos (Caja 2x12x100 Gr.)",2025-02,1
18,PASPOFD02,"Postre Sabor Frutos Rojos (Caja 2x12x100 Gr.)",2025-06,4
18,PASPOFD02,"Postre Sabor Frutos Rojos (Caja 2x12x100 Gr.)",2025-07,1
18,PASPOFD02,"Postre Sabor Frutos Rojos (Caja 2x12x100 Gr.)",2025-09,2
18,PASPOFD02,"Postre Sabor Frutos Rojos (Caja 2x12x100 Gr.)",2025-10,2
18,PASPOFD02,"Postre Sabor Frutos Rojos (Caja 2x12x100 Gr.)",2025-11,1
18,PASPOFD02,"Postre Sabor Frutos Rojos (Caja 2x12x100 Gr.)",2025-12,1
18,PASPOFD02,"Postre Sabor Frutos Rojos (Caja 2x12x100 Gr.)",2026-01,2
18,PASPOFD02,"Postre Sabor Frutos Rojos (Caja 2x12x100 Gr.)",2026-02,3
18,PASPOFD02,"Postre Sabor Frutos Rojos (Caja 2x12x100 Gr.)",2026-03,7
18,PASPOFD02,"Postre Sabor Frutos Rojos (Caja 2x12x100 Gr.)",2026-04,2
18,PASPOFD02,"Postre Sabor Frutos Rojos (Caja 2x12x100 Gr.)",2026-05,4
18,PASPOFD02,"Postre Sabor Frutos Rojos (Caja 2x12x100 Gr.)",2026-06,1
18,PASPOFD05,"Postre Sabor Pistacho (Caja 2x12x100 Gr.)",2026-01,9
18,PASPOFD05,"Postre Sabor Pistacho (Caja 2x12x100 Gr.)",2026-02,4
18,PASPOFD05,"Postre Sabor Pistacho (Caja 2x12x100 Gr.)",2026-03,6
18,PASPOFD05,"Postre Sabor Pistacho (Caja 2x12x100 Gr.)",2026-04,4
18,PASPOFD05,"Postre Sabor Pistacho (Caja 2x12x100 Gr.)",2026-05,10
18,PASPOFD05,"Postre Sabor Pistacho (Caja 2x12x100 Gr.)",2026-06,4
19,PASDOCO01,"Donas Congeladas (52 Gr. x 84 Unid.)",2022-10,2
19,PASDOCO01,"Donas Congeladas (52 Gr. x 84 Unid.)",2022-11,45
19,PASDOCO01,"Donas Congeladas (52 Gr. x 84 Unid.)",2022-12,9
19,PASDOCO01,"Donas Congeladas (52 Gr. x 84 Unid.)",2023-01,6
19,PASDOCO01,"Donas Congeladas (52 Gr. x 84 Unid.)",2023-02,15
19,PASDOCO01,"Donas Congeladas (52 Gr. x 84 Unid.)",2023-03,26
19,PASDOCO01,"Donas Congeladas (52 Gr. x 84 Unid.)",2023-04,30
19,PASDOCO01,"Donas Congeladas (52 Gr. x 84 Unid.)",2023-05,36
19,PASDOCO01,"Donas Congeladas (52 Gr. x 84 Unid.)",2023-06,61
19,PASDOCO01,"Donas Congeladas (52 Gr. x 84 Unid.)",2023-07,34
19,PASDOCO01,"Donas Congeladas (52 Gr. x 84 Unid.)",2023-08,121
19,PASDOCO01,"Donas Congeladas (52 Gr. x 84 Unid.)",2023-09,67
19,PASDOCO01,"Donas Congeladas (52 Gr. x 84 Unid.)",2023-10,56
19,PASDOCO01,"Donas Congeladas (52 Gr. x 84 Unid.)",2023-11,79
19,PASDOCO01,"Donas Congeladas (52 Gr. x 84 Unid.)",2023-12,48
19,PASDOCO01,"Donas Congeladas (52 Gr. x 84 Unid.)",2024-01,13
19,PASDOCO01,"Donas Congeladas (52 Gr. x 84 Unid.)",2024-02,16
19,PASDOCO01,"Donas Congeladas (52 Gr. x 84 Unid.)",2024-03,59
19,PASDOCO01,"Donas Congeladas (52 Gr. x 84 Unid.)",2024-04,11
20,MOLES2002,"Optima Mould OP205-25 (Caja 600 Unid.)",2023-06,5
20,MOLES2002,"Optima Mould OP205-25 (Caja 600 Unid.)",2023-07,3
20,MOLES2002,"Optima Mould OP205-25 (Caja 600 Unid.)",2023-08,5
20,MOLES2002,"Optima Mould OP205-25 (Caja 600 Unid.)",2024-05,70
20,MOLES2002,"Optima Mould OP205-25 (Caja 600 Unid.)",2024-06,26
20,MOLES2002,"Optima Mould OP205-25 (Caja 600 Unid.)",2024-07,42
20,MOLES2002,"Optima Mould OP205-25 (Caja 600 Unid.)",2024-08,5
20,MOLES2002,"Optima Mould OP205-25 (Caja 600 Unid.)",2024-09,4
20,MOLES2002,"Optima Mould OP205-25 (Caja 600 Unid.)",2024-10,1
20,MOLES2002,"Optima Mould OP205-25 (Caja 600 Unid.)",2024-11,2
20,MOLES2002,"Optima Mould OP205-25 (Caja 600 Unid.)",2025-01,2
20,MOLES2002,"Optima Mould OP205-25 (Caja 600 Unid.)",2025-02,3
20,MOLES2002,"Optima Mould OP205-25 (Caja 600 Unid.)",2025-03,2
20,MOLES2002,"Optima Mould OP205-25 (Caja 600 Unid.)",2025-06,0
20,MOLES2002,"Optima Mould OP205-25 (Caja 600 Unid.)",2025-07,18
20,MOLES2002,"Optima Mould OP205-25 (Caja 600 Unid.)",2025-08,10
20,MOLES2002,"Optima Mould OP205-25 (Caja 600 Unid.)",2025-09,9
20,MOLES2002,"Optima Mould OP205-25 (Caja 600 Unid.)",2025-10,20
20,MOLES2002,"Optima Mould OP205-25 (Caja 600 Unid.)",2025-11,8
20,MOLES2002,"Optima Mould OP205-25 (Caja 600 Unid.)",2025-12,9
20,MOLES2002,"Optima Mould OP205-25 (Caja 600 Unid.)",2026-01,15
20,MOLES2002,"Optima Mould OP205-25 (Caja 600 Unid.)",2026-02,21
20,MOLES2002,"Optima Mould OP205-25 (Caja 600 Unid.)",2026-03,6
20,MOLES2002,"Optima Mould OP205-25 (Caja 600 Unid.)",2026-04,36
20,MOLES2002,"Optima Mould OP205-25 (Caja 600 Unid.)",2026-05,18
20,MOLES2002,"Optima Mould OP205-25 (Caja 600 Unid.)",2026-06,38
21,DESHESP01,"Ajo Deshidratado Picado (Caja 20 Kg.)",2024-07,10
21,DESHESP01,"Ajo Deshidratado Picado (Caja 20 Kg.)",2024-08,0
21,DESHESP01,"Ajo Deshidratado Picado (Caja 20 Kg.)",2024-09,1
21,DESHESP01,"Ajo Deshidratado Picado (Caja 20 Kg.)",2024-10,2
21,DESHESP01,"Ajo Deshidratado Picado (Caja 20 Kg.)",2024-11,2
21,DESHESP01,"Ajo Deshidratado Picado (Caja 20 Kg.)",2025-01,2
21,DESHESP01,"Ajo Deshidratado Picado (Caja 20 Kg.)",2025-03,1
21,DESHESP01,"Ajo Deshidratado Picado (Caja 20 Kg.)",2025-04,9
21,DESHESP01,"Ajo Deshidratado Picado (Caja 20 Kg.)",2025-05,3
21,DESHESP01,"Ajo Deshidratado Picado (Caja 20 Kg.)",2025-06,1
21,DESHESP01,"Ajo Deshidratado Picado (Caja 20 Kg.)",2025-09,5
21,DESHESP01,"Ajo Deshidratado Picado (Caja 20 Kg.)",2025-10,0
21,DESHESP01,"Ajo Deshidratado Picado (Caja 20 Kg.)",2025-11,5
21,DESHESP01,"Ajo Deshidratado Picado (Caja 20 Kg.)",2026-01,1
21,DESHESP01,"Ajo Deshidratado Picado (Caja 20 Kg.)",2026-02,12
21,DESHESP01,"Ajo Deshidratado Picado (Caja 20 Kg.)",2026-03,0
21,DESHESP01,"Ajo Deshidratado Picado (Caja 20 Kg.)",2026-04,6
21,DESHESP02,"Cebolla Crispy en Hojuelas (Caja 10 Kg.)",2024-07,21
21,DESHESP02,"Cebolla Crispy en Hojuelas (Caja 10 Kg.)",2024-08,4
21,DESHESP02,"Cebolla Crispy en Hojuelas (Caja 10 Kg.)",2024-09,6
21,DESHESP02,"Cebolla Crispy en Hojuelas (Caja 10 Kg.)",2024-10,3
21,DESHESP02,"Cebolla Crispy en Hojuelas (Caja 10 Kg.)",2024-11,7
21,DESHESP02,"Cebolla Crispy en Hojuelas (Caja 10 Kg.)",2024-12,8
21,DESHESP02,"Cebolla Crispy en Hojuelas (Caja 10 Kg.)",2025-01,5
21,DESHESP02,"Cebolla Crispy en Hojuelas (Caja 10 Kg.)",2025-02,3
21,DESHESP02,"Cebolla Crispy en Hojuelas (Caja 10 Kg.)",2025-03,9
21,DESHESP02,"Cebolla Crispy en Hojuelas (Caja 10 Kg.)",2025-04,9
21,DESHESP02,"Cebolla Crispy en Hojuelas (Caja 10 Kg.)",2025-05,11
21,DESHESP02,"Cebolla Crispy en Hojuelas (Caja 10 Kg.)",2025-06,15
21,DESHESP02,"Cebolla Crispy en Hojuelas (Caja 10 Kg.)",2025-07,10
21,DESHESP02,"Cebolla Crispy en Hojuelas (Caja 10 Kg.)",2025-08,3
21,DESHESP02,"Cebolla Crispy en Hojuelas (Caja 10 Kg.)",2025-09,12
21,DESHESP02,"Cebolla Crispy en Hojuelas (Caja 10 Kg.)",2025-10,8
21,DESHESP02,"Cebolla Crispy en Hojuelas (Caja 10 Kg.)",2025-11,13
21,DESHESP02,"Cebolla Crispy en Hojuelas (Caja 10 Kg.)",2025-12,4
21,DESHESP02,"Cebolla Crispy en Hojuelas (Caja 10 Kg.)",2026-01,9
21,DESHESP02,"Cebolla Crispy en Hojuelas (Caja 10 Kg.)",2026-02,4
21,DESHESP02,"Cebolla Crispy en Hojuelas (Caja 10 Kg.)",2026-03,8
21,DESHESP02,"Cebolla Crispy en Hojuelas (Caja 10 Kg.)",2026-04,17
21,DESHESP02,"Cebolla Crispy en Hojuelas (Caja 10 Kg.)",2026-05,6
21,DESHESP02,"Cebolla Crispy en Hojuelas (Caja 10 Kg.)",2026-06,18
21,DESHESP03,"Cebolla Crispy en Hojuelas (Caja 8x1 Kg.)",2025-03,2
21,DESHESP03,"Cebolla Crispy en Hojuelas (Caja 8x1 Kg.)",2025-04,6
21,DESHESP03,"Cebolla Crispy en Hojuelas (Caja 8x1 Kg.)",2025-06,4
21,DESHESP03,"Cebolla Crispy en Hojuelas (Caja 8x1 Kg.)",2025-07,6
21,DESHESP03,"Cebolla Crispy en Hojuelas (Caja 8x1 Kg.)",2025-08,5
21,DESHESP03,"Cebolla Crispy en Hojuelas (Caja 8x1 Kg.)",2025-11,5
21,DESHESP03,"Cebolla Crispy en Hojuelas (Caja 8x1 Kg.)",2026-01,7
21,DESHESP03,"Cebolla Crispy en Hojuelas (Caja 8x1 Kg.)",2026-03,1
21,DESHESP03,"Cebolla Crispy en Hojuelas (Caja 8x1 Kg.)",2026-04,6
21,DESHESP03,"Cebolla Crispy en Hojuelas (Caja 8x1 Kg.)",2026-05,-3
22,MOLPP1504,"Molde Pan de Pascua C/E 15x5 (Cj. 1.500 Unid.)",2024-09,2
22,MOLPP1504,"Molde Pan de Pascua C/E 15x5 (Cj. 1.500 Unid.)",2024-10,6
22,MOLPP1504,"Molde Pan de Pascua C/E 15x5 (Cj. 1.500 Unid.)",2024-11,2
22,MOLPP1604,"Molde Pan de Pascua C/E 16x6 (Cj. 1.500 Unid.)",2024-09,1
22,MOLPP1604,"Molde Pan de Pascua C/E 16x6 (Cj. 1.500 Unid.)",2024-11,1
22,MOLPP1801,"Papel Molde Pan de Pascua 18,5x6 (200 Unid.)",2024-09,20
22,MOLPP1801,"Papel Molde Pan de Pascua 18,5x6 (200 Unid.)",2024-10,150
22,MOLPP1801,"Papel Molde Pan de Pascua 18,5x6 (200 Unid.)",2024-11,17
23,OTROS0105,"Cobro Despacho",2025-07,1
23,OTROS0105,"Cobro Despacho",2025-08,1
23,OTROS0105,"Cobro Despacho",2025-09,1
23,OTROS0105,"Cobro Despacho",2025-10,4
23,OTROS0105,"Cobro Despacho",2025-11,5
23,OTROS0105,"Cobro Despacho",2025-12,1
23,OTROS0105,"Cobro Despacho",2026-02,1
23,OTROS0105,"Cobro Despacho",2026-04,1
23,OTROS0105,"Cobro Despacho",2026-05,3
23,OTROS0105,"Cobro Despacho",2026-06,1
24,OTROS0103,Pallet,2025-09,275
24,OTROS0103,Pallet,2025-12,451
